quote,author,tags,source
"May flowers grow in the saddest parts of you.","Zainab Aamir","nature,change","greeting card"
"Perhaps we were friends first and lovers second. But then perhaps this is what lovers are.","André Aciman","love,friendship","<i>Call Me By Your Name</i>, 2007"
"The summer I’d hear a bird sing, smell a plant, or feel the mist rise from under my feet on warm sunny days and, because my senses were always on alert, would automatically find them rushing to him.","André Aciman","music,reflection","<i>Call Me By Your Name</i>, 2007"
"There is a theory which states that if ever anyone discovers exactly what the Universe is for and why it is here, it will instantly disappear and be replaced by something even more bizarre and inexplicable. There is another theory which states that this has already happened.","Douglas Adams","cosmos,reflection","<i>The Restaurant at the End of the Universe</i>, 1980"
"He felt a vague, inexplicable nostalgia for what had not happened, and the lessons it might have taught him.","César Aira","reflection,life","<i>An Episode in the Life of a Landscape Painter</i>, 2000"
"I don’t speak with anyone for a week. I just sit on a stone by the sea.","Anna Akhmatova","nature,reflection","<i>Podorozhnik</i> (<i>Wayside grass/Plantain</i>), 1921"
"In order to move on, you must understand why you felt what you did and why you no longer need to feel it.","Mitch Albom","wisdom,reflection","<i>The Five People You Meet in Heaven</i>, 2003"
"Why are we embarrassed by silence? What comfort do we find in all the noise?","Mitch Albom","silence,reflection","<i>Tuesdays with Morrie</i>, 1997"
"Once you’ve taken a few punches and realize you’re not made of glass, you don’t feel alive unless you’re pushing yourself as far as you can go.","Lexi Alexander","life,reflection","dir. <i>Green Street Hooligans</i>, 2005"
"I think I fall in love a little bit with anyone who shows me their soul. This world is so guarded and fearful. I appreciate rawness so much.","Emery Allen","love,soul","<i>Become</i>, 2010"
"Do you think the universe fights for souls to be together? Some things are too strange and strong to be coincidences.","Emery Allen","cosmos,soul,courage","<i>Become</i>, 2010"
"To whom it may concern: Today, I am alive.","Zaina Alsous","life,reflection","<i>Lemon Effigies</i>, 2017: ‘Train of Mercury Stations Direct’"
"To burn the Witch is to admit that magic exists.","Erin Anastasia","reflection,life","<a href=""https://www.youtube.com/watch?v=z8juBuXKtDc"">To Burn the Witch</a>, 2016"
"The heart is a violent muscle; it opens & shuts.
The subject is death.
The subject is also laughter.","Jon Anderson","heart,death,violence","<a href=""https://www.poetryfoundation.org/poetrymagazine/browse?contentId=31582"">Creative Writing 307</a>, <i>Poetry</i> (June 1970)"
"I'm going to think about death until my mouth runs. I'm going to look at death with a face terrible as his own.","Jon Anderson","death,reflection","<a href=""https://www.poetryfoundation.org/poetrymagazine/browse?contentId=31582"">Creative Writing 307</a>, <i>Poetry</i> (June 1970)"
"I fell in love with the idea that the mysterious thing you look for your whole life will eventually eat you alive.","Laurie Anderson","love,life","<a href=""http://www.jimdavies.org/laurie-anderson/performances/mobydick/programnotes.html""><i>Moby Dick</i> program notes</a>, 1999"
"Rudeness is merely an expression of fear. People fear they won’t get what they want. The most dreadful and unattractive person only needs to be loved, and they will open up like a flower.","Wes Anderson","fear,nature,desire","dir. <i>The Grand Budapest Hotel</i>, 2014"
"I’m a little wounded, but I am not slain; I will lay me down to bleed a while. Then I’ll rise and fight again.","Anonymous","pain,reflection","<i>The Ballad of Johnnie Armstrong</i>, as cited by J. Roberts in <i>A Collection of Old Ballads: Corrected from the Best and Most Ancient Copies Extant</i> (<a href=""https://digital.nls.uk/english-ballads/archive/74893315?mode=transcription"">x</a>)"
"I'm such an incredibly, stupidly sensitive person that everything that happens to me, I experience it really intensely. I feel everything very deeply. And when you feel things deeply and you think about things a lot and you think about how you feel, you learn a lot about yourself. And when you know yourself, you know life.","Fiona Apple","life,reflection","in an interview for <i>MTV News</i>, October 4, 1996 (<a href=""http://www.mtv.com/news/1424984/fiona-apples-cinderella-story/"">x</a>)"
"The head may err, but never the blood.","Nakajima Atsushi","reflection,life","<i>Light, Wind and Dreams</i>, 1962"
"Not once have I regretted the things that I did. I only ever regret the things that I did not do. I want no regrets.","Nakajima Atsushi","desire,regret","<i>Light, Wind and Dreams</i>, 1962"
"Murderess is a strong word to have attached to you. It has a smell to it, that word — musky and oppressive, like dead flowers in a vase. Sometimes at night I whisper it over to myself: Murderess, Murderess. It rustles, like a taffeta skirt across the floor.","Margaret Atwood","nature,courage","<i>Alias Grace</i>, 1996"
"When I was younger I used to think that if I could hug myself tight enough I could make myself smaller, because there was never enough room for me, at home or anywhere, but if I was smaller than I would fit in.","Margaret Atwood","home,reflection","<i>Alias Grace</i>, 1996"
"My shadow said to me:
What is the matter?
Isn’t the moon warm
enough for you?
Why do you need
the blanket of another body?","Margaret Atwood","cosmos,body","<i>The Animals in That Country</i>, 1968: ‘The Shadow Voice’"
"When you're young, you think everything you do is disposable. You move from now to now, crumpling time up in your hands, tossing it away. You're your own speeding car. You think you can get rid of things, and people too — leave them behind. You don't yet know about the habit they have, of coming back. Time in dreams is frozen. You can never get away from where you've been.","Margaret Atwood","time,dreams","<i>The Blind Assassin</i>, 2000"
"She doesn’t want to reveal jealousy or even interest, though she suddenly realizes that she feels both.","Margaret Atwood","desire,reflection","<i>Bodily Harm</i>, 1981"
"I avoid looking down at my body, not so much because it’s shameful or immodest but because I don’t want to see it. I don’t want to look at something that determines me so completely.","Margaret Atwood","body,desire","<i>The Handmaid's Tale</i>, 1985"
"’This is the wrong place for me to be.‘ She doesn’t mean my house. She means her body.","Margaret Atwood","body,reflection","<i>Moral Disorder</i>, 2006"
"Because I was driven to it by some force outside my control. Because I was possessed. Because an angel dictated to me.","Margaret Atwood","power,reflection","<i>Negotiating with the Dead: A Writer on Writing</i>, 2002"
"Water does not resist. Water flows. When you plunge your hand into it, all you feel is a caress. Water is not a solid wall, it will not stop you. But water always goes where it wants to go, and nothing in the end can stand against it. Water is patient. Dripping water wears away a stone. Remember that, my child. Remember you are half water. If you can’t go through an obstacle, go around it. Water does.","Margaret Atwood","memory,nature","<i>The Penelopiad</i>, 2005"
"Is it suffering or goodness
that makes them holy,
or can anyone tell the difference?","Margaret Atwood","pain,reflection","‘The Saints,’ <i>The Iowa Review</i> (1985)"
"You are not my cure; nobody has that power.","Margaret Atwood","power,reflection","<i>Selected Poems I: 1965-1975</i>, 1987: ‘Is / Not’"
"You would rather have gone on feeling nothing, emptiness and silence; the stagnant peace of the deepest sea, which is easier than the noise and flesh of the surface.","Margaret Atwood","nature,silence,body","<i>Selected Poems II: 1976-1986</i>, 1987: ‘Eurydice’"
"How can I teach her
some way of being human
that won't destroy her?
I would like to tell her, Love
is enough, I would like to say,
Find shelter in another skin.
I would like to say, Dance
and be happy. Instead I will say
in my crone's voice, Be
ruthless when you have to, tell
the truth when you can,
when you can see it.","Margaret Atwood","love,truth,body,joy","<i>Selected Poems II: 1976-1986</i>, 1987: ‘Solstice Poem’"
"The desire to be loved is the last illusion: Give it up and you will be free.","Margaret Atwood","freedom,desire","<i>Selected Poems II: 1976-1986</i>, 1987: ‘A Sunday Drive’"
"You dangle on the leash 
of your own longing;
your need grows teeth.","Margaret Atwood","desire,reflection","<i>Speeches for Dr. Frankenstein</i>, 1966"
"Whose life am I living? Whose life am I failing to live?","Margaret Atwood","life,reflection","‘The Tent,’ 2006"
"Last year I abstained
this year I devour
without guilt
which is also an art.","Margaret Atwood","art,reflection","<i>You Are Happy</i>, 1974: ‘Circe/Mud Poems’"
"Watch the course of the stars, as if you are running with them. Always keep in mind how the elements change into one another. The thoughts of these things will wash away the dirt of life.","Marcus Aurelius","cosmos,life,change","<i>Meditations VII</i>, c. 121-180 AD"
"If I loved you less, I might be able to talk about it more. But you know what I am.","Jane Austen","reflection,life","<i>Emma</i>, 1815"
"I was quiet, but I was not blind.","Jane Austen","silence,reflection","<i>Mansfield Park</i>, 1814"
"There is nothing I would not do for those who are really my friends. I have no notion of loving people by halves, it is not my nature.","Jane Austen","friendship,nature","<i>Northanger Abbey</i>, 1817"
"Each found her greatest safety in silence.","Jane Austen","silence,reflection","<i>Northanger Abbey</i>, 1817"
"I have been a selfish being all my life, in practice, though not in principle.","Jane Austen","life,reflection","<i>Pride and Prejudice</i>, 1813"
"What are men to rocks and mountains?","Jane Austen","reflection,life","<i>Pride and Prejudice</i>, 1813"
"We do not suffer by accident.","Jane Austen","pain,reflection","<i>Pride and Prejudice</i>, 1813"
"I can never fight for myself, but, for others, I can kill.","Emilie Autumn","reflection,life","<i>The Asylum for Wayward Victorian Girls</i>, 2009"
"It doesn’t matter how many relationships we seem to have. We’re all alone.","Yukito Ayatsuji","loneliness,reflection","<i>Another</i>, 2009"
"If you will practice being fictional for a while, you will understand that fictional characters are sometimes more real than people with bodies and heartbeats.","Richard Bach","body,wisdom","<i>Illusions: The Adventures of a Reluctant Messiah</i>, 1977"
"You read something which you thought only happened to you, and you discover that it happened 100 years ago to Dostoyevsky. This is a very great liberation for the suffering, struggling person, who always thinks that he is alone. This is why art is important. Art would not be important if life were not important, and life is important.","James Baldwin","pain,loneliness,art,life","<i>Conversations with James Baldwin</i>, 1989"
"When one begins to search for the crucial, the definitive moment, the moment which changed all others, one finds oneself pressing, in great pain, through a maze of false signals and abruptly locked doors.","James Baldwin","pain,time,change","<i>Giovanni’s Room</i>, 1956"
"Some day you will find out that there is far more happiness in another’s happiness than in your own.","Honore de Balzac","joy,reflection","<i>Père Goriot</i>"
"People say ‘phase’ like impermanence means insignificance. Show me a permanent state of the self.","Alixandra Bamford","identity,reflection","(<a href=""http://thegirlwiththeloontattoo.tumblr.com/post/81577467876/people-say-phase-like-impermanence-means"">x</a>)"
"I hope that someday, somebody wants to hold you for twenty minutes straight, and that’s all they do. They don’t pull away. They don’t look at your face. They don’t try to kiss you. All they do is wrap you up in their arms, without an ounce of selfishness in it.","Sara Bareilles","love,hope","<i>Waitress</i>"
"I am not young enough to know everything.","J.M. Barrie","reflection,life","<i>The Admirable Crichton</i>"
"Don’t ever put your happiness in someone else’s hands. They’ll drop it. They’ll drop it every time.","Christopher Barzak","time,joy","<i>One for Sorrow</i>"
"One should always be drunk. That’s all that matters… But with what? With wine, with poetry, or with virtue, as you choose. But get drunk.","Charles Baudelaire","art,reflection","‘Get Drunk’"
"Do not search for my heart anymore; the beasts have eaten it.","Charles Baudelaire","heart,reflection","<i>Les Fleurs du Mal</i>, 1857: <a href=""https://fleursdumal.org/poem/150"">Causerie</a>"
"I am the wound, and yet the blade!
The smack, and yet the cheek that takes it!
The limb, and yet the wheel that breaks it,
The torturer, and he who's flayed!","Charles Baudelaire","pain,reflection","<i>Les Fleurs du Mal</i>, 1857: <a href=""https://fleursdumal.org/poem/151"">Heautontimoroumenos</a>, translated by Roy Campbell"
"Almost. It’s a big word for me. I feel it everywhere. Almost home. Almost happy. Almost changed. Almost, but not quite. Not yet. Soon, maybe.","John Bauer","change,joy,home","<i>Almost Home</i>"
"On the day when it will be possible for woman to love not in her weakness but in her strength, not to escape herself but to find herself, not to abase herself but to assert herself — on that day love will become for her, as for man, a source of life and not of mortal danger.","Simone de Beauvoir","love,death,identity,life","<i>The Second Sex</i>, 1949"
"Our tears are sweet, our laughter venomous.
We’re pleased when sad, and sad when pleased.
We wash one hand in blood, the other we wash the blood off.
We cry as we laugh at the futility of both these acts.","Simin Behbahani","sadness,reflection","<a href=""http://poetry.sangamhouse.org/2017/12/our-tears-are-sweet-by-simin-behbahani/"">Our Tears Are Sweet</a>"
"Once, I kissed someone and I’m afraid it ruined the world. I’ve learned it’s not what you do with the knife — it’s how you hold it after. But how do you hold something like that? Something that never stops baring its teeth; a voiceless dog, all bite, no bark.","Yasmin Belkhyr","love,fear","<i>Bone Light</i>, ‘Surah Al-Fatiha’"
"The gods envy us. They envy us because we’re mortal, because any moment may be our last. Everything is more beautiful because we are doomed. You will never be lovelier than you are now. We will never be here again.","David Benioff","death,time,beauty","dir. <i>Troy</i>, 2004"
"What’s the worst thing I’ve stolen? Probably little pieces of other people’s lives. Where I’ve either wasted their time or hurt them in some way. That’s the worst thing you can steal, the time of other people. You just can’t get that back.","Chester Bennington","pain,time",""
"Remember that despair and joy are not incompatible. Despair is a consequence of understanding. Joy is a condition of the emotional mind. Despair is to acknowledge the truth of the present situation, but the sceptical mind knows that the only truth is shared imagination and shared projection. So do not be frightened by despair. It does not delimit the potential for joy. And joy is a condition for proving intellectual despair wrong.","Franco Berardi","memory,truth,wisdom,joy","<i>Heroes: Mass Murder and Suicide</i>, 2015"
"One should hate very little, because it’s extremely fatiguing. One should despise much, forgive often, and never forget. Pardon does not bring with it forgetfulness; at least not for me.","Sarah Bernhardt","memory,reflection","<i>My Double Life</i>, 1907"
"Why hurt someone whose only intention was to love you?","Reyna Biddy","love,pain","(<a href=""https://twitter.com/dearyoufromwe?lang=en"">x</a>)"
"Soon you'll realize that many people will love the idea of you but will lack the maturity to handle the reality of you.","Reyna Biddy","love,reflection","(<a href=""https://twitter.com/dearyoufromwe?lang=en"">x</a>)"
"EDIBLE, adj. Good to eat, and wholesome to digest, as a worm to a toad, a toad to a snake, a snake to a pig, a pig to a man, and a man to a worm.","Ambrose Bierce","reflection,life","<i>The Devil's Dictionary</i>, 1906"
"This is mine. This sequence of evicted possibilities. Displaced facts. Tricks of light. Reflections. Invention, legend, myth. What you will. The shifts and fluencies are infinite. The moving parts are marvelous.","Eavan Boland","reflection,life","<i>An Origin Like Water: Collected Poems 1957-1987</i>, ‘Listen. This Is the Noise of Myth’"
"She is not myself anymore she is not even in my sky anymore and I am not myself.","Eaven Boland","cosmos,reflection","<i>New Collected Poems</i>, ‘In Her Own Image’"
"So you plant your own garden and decorate your own soul, instead of waiting for someone to bring you flowers.","Jorge Luis Borges","nature,soul","‘After a While, You Learn’"
"I have always imagined that Paradise will be a kind of library.","Jorge Luis Borges","reflection,life","<i>Dreamtigers</i>"
"Time forks perpetually toward innumerable futures. In one of them I am your enemy.","Jorge Luis Borges","time,reflection","<i>The Garden of Forking Paths</i>"
"Most of our childhood is stored not in photos, but in certain biscuits, lights of day, smells, textures of carpet.","Alain de Botton","reflection,life","(<a href=""https://twitter.com/alaindebotton?lang=en"">x</a>)"
"Intimacy is the capacity to be rather weird with someone - and finding that that’s ok with them.","Alain de Botton","reflection,life","(<a href=""https://twitter.com/alaindebotton?lang=en"">x</a>)"
"The Night has a thousand eyes,
And the Day but one;
Yet the light of the bright world dies
With the dying sun.
The mind has a thousand eyes,
And the heart but one;
Yet the light of a whole life dies
When love is done.","Francis William Bourdillon","love,heart,death,cosmos","‘The Night Has a Thousand Eyes’"
"You are born alone. You die alone. The value of the space in between is trust and love. That is why geometrically speaking the circle is a one. Everything comes to you from the other. You have to be able to reach the other.","Louise Bourgeois","love,death,loneliness,trust","<i>Destruction of the Father / Reconstruction of the Father: Writings and Interviews, 1923-1997</i>"
"I just want someone to hear what I have to say. And maybe if I talk long enough, it’ll make sense.","Ray Bradbury","desire,reflection","<i>Fahrenheit 451</i>"
"How do you get so empty? Who takes it out of you?","Ray Bradbury","reflection,life","<i>Fahrenheit 451</i>"
"Perhaps you stared into a river. There was somebody near you who loved you. They were about to touch you. You could feel this before it happened. Then it happened. That is my name.","Richard Brautigan","reflection,life","<i>In Watermelon Sugar</i>"
"Every child finds a day when they realize that adults can be weak and wrong just like everyone else. After that day, you are an adult. Like it or not.","Peter V. Brett","reflection,life","<i>The Warded Man</i>"
"Ghost me. Fossil me. Resurrect me near dawn.","Traci Brimhall","reflection,life","<i>Our Lady of the Ruins</i>, ‘Become the Lion’"
"He is not of their kind. I believe he is of mine; I am sure he is, I feel akin to him, I understand the language of his countenance and movements… I have something in my brain and heart, in my blood and nerves, that assimilates me mentally to him.","Charlotte Brontë","heart,wisdom","<i>Jane Eyre</i>"
"Crying does not indicate that you are weak. Since birth, it has always been a sign that you are alive.","Charlotte Brontë","life,reflection","<i>Jane Eyre</i>"
"Half thinking, half dreaming, happier than words can express.","Emily Brontë","dreams,reflection","<i>Wuthering Heights</i>"
"You say I killed you — haunt me, then!","Emily Brontë","reflection,life","<i>Wuthering Heights</i>"
"You say ‘amateur’ as if it was a dirty word. ‘Amateur’ comes from the Latin word ‘amare’, which means to love. To do things for the love of it.","Adam Brooks","love,reflection","<i>Mozart in the Jungle</i>, 2014-2018: ‘It All Depends on You’"
"It’s okay to say to people in your life, ‘I need you to love me a little louder today.’","Karamo Brown","love,life","(<a href=""https://twitter.com/karamo/status/1008047778788855808"">x</a>)"
"Too many of us are not living our dreams because we are living our fears.","Les Brown","dreams,life","(<a href=""https://www.facebook.com/thelesbrown/posts/too-many-of-us-are-not-living-our-dreams-because-we-are-living-our-fears-decide-/10152298267704654/"">x</a>)"
"Did you ever feel afraid of your own soul, as I have done?","Elizabeth Barrett Browning","fear,soul","in a letter to Robert Browning"
"Sometimes it feels good to take the long way home.","Carol Rifka Brunt","home,reflection","<i>Tell the Wolves I'm Home</i>"
"One faces the future with one’s past.","Pearl S. Buck","time,reflection","‘China Faces the Future,’ 1943"
"They may forget what you said — but they will never forget how you made them feel.","Carl W. Buehner","memory,reflection","as cited by Richard Evans in <i>Richard Evans' Quote Book</i>, 1971"
"We don’t even ask for happiness, just a little less pain.","Charles Bukowski","pain,joy","in a letter to William Packard"
"We’re all going to die, all of us, what a circus! That alone should make us love each other but it doesn’t. We are terrorized and flattened by trivialities, we are eaten up by nothing.","Charles Bukowski","love,death,loneliness","<i>The Captain is Out to Lunch and the Sailors have taken over the Ship</i>"
"You have to die a few times before you can really live.","Charles Bukowski","death,time","<i>The People Look Like Flowers At Last: New Poems</i>"
"How can you say you love one person when there are ten thousand people in the world that you would love more if you ever met them? But you’ll never meet them. All right, so we do the best we can. Granted. But we must still realize that love is just the result of a chance encounter.","Charles Bukowski","love,reflection","<i>Women</i>"
"My heart expands in celestial songs.","Julia de Burgos","heart,music","<i>Song of the Simple Truth</i>, ‘Dream of Words’"
"I myself am made entirely of flaws, stitched together with good intentions.","Augusten Burroughs","reflection,life","<i>Magical Thinking</i>"
"The human mind is not a terribly logical or consistent place.","Jim Butcher","reflection,life","<i>Turn Coat</i>"
"But I have been familiar with ruins too long to dislike desolation.","George Gordon Byron","reflection,life","in a letter to Thomas Moore"
"If I do not write to empty my mind, I go mad.","George Gordon Byron","art,reflection","‘The Bride of Abydos’"
"It made me wonder how many times we forgive just because we don’t want to lose someone, even if they don’t deserve our forgiveness.","Deb Caletti","time,desire","<i>Honey, Baby, Sweetheart</i>"
"Life has no meaning. Each of us has meaning and we bring it to life. It is a waste to be asking the question when you are the answer.","Joseph Campbell","life,reflection","<i>The Hero's Journey</i>, 1991"
"Overflow gently — don’t drown.","Albert Camus","reflection,life","in a diary entry"
"He encouraged me; I shall never forget some of the things he said. He told me life isn’t easy, but it has consolations: religion, art, and the love one inspires in others. He often told me that the only mistake one makes in life is to cause others suffering.","Albert Camus","love,pain,memory,art","<i>Caligula</i>"
"I can feel this heart inside me and I conclude it exists. I can touch this world and I also conclude that it exists. All my knowledge ends at this point. The rest is hypothesis.","Albert Camus","heart,wisdom","<i>The Myth of Sisyphus</i>"
"If you can’t sleep, then get up and do something instead of lying there and worrying. It’s the worry that gets you, not the loss of sleep.","Dale Carnegie","grief,truth","<i>How to Win Friends and Influence People</i>"
"Alice asked the Cheshire Cat, who was sitting in a tree, ‘What road do I take?’ The cat asked, ‘Where do you want to go?’ ‘I don’t know,’ Alice answered. ‘Then,’ said the cat, ‘it really doesn’t matter, does it?’","Lewis Carroll","nature,desire","<i>Alice's Adventures in Wonderland</i>"
"I knew who I was this morning, but I’ve change a few times since then.","Lewis Carroll","time,change","<i>Alice's Adventures in Wonderland</i>"
"A burning brightness brightens and is lost.","Hayden Carruth","grief,reflection","<i>Scrambled Eggs &amp; Whiskey: Poems</i>, 1991-1995; ‘They Accuse Me of not Talking’"
"‘You remember too much,’ my mother said to me recently. ‘Why hold onto all that?’ And I said, ‘Where can I put it down?’","Anne Carson","family,memory","‘The Glass Essay’"
"Beauty makes me hopeless. I don’t care why anymore I just want to get away. When I look at the city of Paris I long to wrap my legs around it. When I watch you dancing there is a heartless immensity like a sailor in a dead calm sea. Desires as round as peaches bloom in me all night, I no longer gather what falls.","Anne Carson","hope,nature,beauty,desire","<i>Short Talks</i>, <a href=""http://thevulgar.tumblr.com/post/7004694097/short-talk-on-hedonism-anne-carson"">On Hedonism</a>"
"The day broke around me like a cool dream. Sea; sand; a sky that melts into the sea — a landscape of misty pastels with a look about it being continuously on the point of melting.","Angela Carter","dreams,cosmos,nature","<i>The Bloody Chamber</i>"
"I feared a wound not of the body but the soul, an irreconcilable division between myself and the rest of humankind. I feared the proof of my own singularity.","Angela Carter","pain,soul,body","<i>Nights At The Circus</i>"
"No matter how many people care about you, if you can’t be open with them about who you truly are, you’re still alone.","Diane Chamberlain","loneliness,reflection","<i>The Silent Sister</i>"
"The truth of the story: after us, there will be another, then another, then another.","Marianne Chan","truth,art","<a href=""http://www.boaatpress.com/origin-story"">Origin Story</a>"
"Godhood is just like girlhood: a begging to be believed.","Kristin Chang","women,reflection","<a href=""https://www.upthestaircase.org/kristin-chang.html"">Churching</a>"
"I’ve polished this anger and now it’s a knife.","Cathy Linh Che","anger,reflection","<a href=""https://www.poetryfoundation.org/poetrymagazine/poems/142850/go-forget-your-father"">Go Forget Your Father</a>"
"Don’t tell me the moon is shining; show me the glint of light on broken glass.","Anton Chekhov","cosmos,reflection","in a letter to Alexander Chekhov"
"Her blood is dancing, she wants to live, and there is no life here.","Anton Chekhov","life,reflection","<i>In Exile</i>"
"I kept wishing I could just pluck out my heart, because it had become so heavy.","Anton Chekhov","heart,identity","<i>The House with the Mezzanine</i>"
"Courage is almost a contradiction in terms. It means a strong desire to live taking the form of a readiness to die.","G.K. Chesterton","death,courage,desire","<i>Orthodoxy</i>"
"He opened his mouth to say that he knew exactly what she meant, that he had felt the same things as she. But he stopped himself: for this was an empathy that separated rather than united them, and he couldn’t tell her that.","Ted Chiang","reflection,life","<i>Division by Zero</i>"
"God is not just, God is not kind, God is not merciful, and understanding that is essential to true devotion.","Ted Chiang","wisdom,faith","<i>Hell is the Absense of God</i>"
"My message to you is this: pretend that you have free will. It’s essential that you behave as if your decisions matter, even though you know they don’t. The reality isn’t important: what’s important is your belief, and believing the lie is the only way to avoid a waking coma. Civilization now depends on self-deception. Perhaps it always has.","Ted Chiang","freedom,truth,identity","<i>Story of Your Life</i>"
"What if the experience of knowing the future changed a person? What if it evoked a sense of urgency, a sense of obligation to act precisely as she knew she would?","Ted Chiang","time,change","<i>Story of Your Life</i>"
"We live on the road to heaven; all the work that we do is to extend it further.","Ted Chiang","work,reflection","<i>Tower of Babylon</i>"
"Pragmatism avails a savior far more than aestheticism.","Ted Chiang","reflection,life","<i>Understand</i>"
"Be kinder to yourself. And then let your kindness flood the world.","Pema Chödrön","reflection,life","<i>Practicing Peace in Times of War</i>"
"I wish I could throw off the thoughts which poison my happiness. And yet I take a kind of pleasure in indulging them.","Frédéric Chopin","joy,reflection","as quoted by Arthur Hedley in <i>Chopin</i>"
"Emptiness is a blessing: it can’t be owned if it doesn’t exist.","Lisa Ciccarello","life,reflection","<a href=""https://www.poets.org/poetsorg/poem/water-woman-has-no-body"">A water woman has no body</a>"
"The truth has a strange way of following you, of coming up to you and making you listen to what it has to say.","Sandra Cisneros","truth,reflection","<i>Woman Hollering Creek and Other Stories</i>"
"You only have to look at the Medusa straight on to see her. And she’s not deadly. She’s beautiful and she’s laughing.","Hélène Cixous","beauty,reflection","<i>The Laugh of the Medusa</i>"
"People do not see you; they invent you and accuse you.","Hélène Cixous","reflection,life","<i>The Perjured City</i>"
"One must be careful of books, and what is inside them, for words have the power to change us.","Cassandra Clare","art,change,power","<i>Clockwork Angel</i>"
"He smiled the way Lucifer might have smiled, moments before he fell from Heaven.","Cassandra Clare","time,reflection","<i>Clockwork Angel</i>"
"So dull and dark are the November days.
The lazy mist high up the evening curled,
And now the morn quite hides in smoke and haze;
The place we occupy seems all the world.","John Clare","reflection,life","‘November’"
"I think it’s important to realize you can miss something, but not want it back.","Paulo Coelho","desire,reflection","<i>Manuscript Found in Accra</i>"
"Scars speak more loudly than the sword that caused them.","Paulo Coelho","reflection,life","<i>Manuscript Found in Accra</i>"
"There is a crack in everything. That’s how the light gets in.","Leonard Cohen","reflection,life","‘Anthem’"
"And it’s amazing how much noise people ignoring each other can make.","Eoin Colfer","silence,reflection","<i>Benny and Babe</i>"
"Do you still perform autopsies on conversations you had lives ago?","Donte Collins","reflection,life","<i>Autopsy</i>"
"The more you know who you are, and what you want, the less you let things upset you.","Sofia Coppola","identity,desire","<i>Lost in Translation</i>"
"Even though I had a lot left to say to you, I’d rather choke on my words in silence, then allow you to see me in any state of vulnerability.","Kirsten Corley","silence,reflection","<i>But Before You Leave</i>"
"Someone asked me what home was and all I could think of were the stars on the tip of your tongue, the flowers sprouting from your mouth, the roots entwined in the gaps between your fingers, the ocean echoing inside of your ribcage.","Elizabeth Corn","cosmos,nature,home","<a href=""http://adamonroe.tumblr.com/post/21698452626/23042012"">23/04/2012</a>"
"Thank you for letting me find my role; to comfort the disturbed and disturb the comfortable.","César A. Cruz","reflection,life","<i>Revenge of the Illegal Alien: A Mexican Takes on the Empire</i>"
"Dreams speak within us what no word is capable of saying.","Mia Couto","dreams,reflection","‘Languages We Don’t Know We Know,’ 2008, translated by David Brookshaw"
"One day I will tell you what I’ve been. It will scare you.","Yrsa Daley-Ward","reflection,life","<i>Bone</i>, ‘Revelation’"
"In the world I am
Always a stranger
I do not understand its language
It does not understand my silence.","Bei Dao","silence,wisdom","<i>The August Sleepwalker</i>, 1990"
"Peace to the hint of sadness in your eyes.","Mahmoud Darwish","sadness,reflection","<i>In the Presence of Absence</i>"
"I loved you head over handles
like my first bicycle accident—
before the mouthful of gravel and blood,
I swore we were flying.","Sierra DeMulder","reflection,life","<i>The Bones Below</i>, ‘Cycle of Abuse’"
"‘Look,’ he said, ‘the point is there’s no way to be a hundred percent sure about anyone or anything. So you’re left with a choice. Either hope for the best or expect the worst.’
‘If you expect the worst, you’re never disappointed,’ I pointed out. ‘Yeah, but who lives like that?’","Sarah Dessen","hope,reflection","<i>Lock and Key</i>"
"Holding people away from you, and denying yourself love, that doesn’t make you strong. If anything, it makes you weaker. Because you’re doing it out of fear.","Sarah Dessen","love,fear,courage","<i>This Lullaby</i>"
"I like flaws. I think they make things interesting.","Sarah Dessen","reflection,life","<i>The Truth About Forever</i>"
"This is my knee, since she touches me there.
This is my throat, as defined by her reaching.
I am touched—I am.","Natalie Diaz","reflection,life","<a href=""https://www.newyorker.com/magazine/poems/envelopes-of-air-ada-limon-and-natalie-diaz-forge-a-bond-amid-the-shifting-landscape-of-contemporary-america"">Isn't the Air Also a Body, Moving?</a>, 2017"
"I wish you a kinder sea.","Emily Dickinson","nature,reflection","in a letter to Catherine May Scott c. August 1848"
"And I am out with lanterns, looking for myself.","Emily Dickinson","reflection,life","in a letter to Elizabeth Holland c. 20 January 1856 (<a href=""http://www.emilydickinson.it/l0181-0200.html"">x</a>)"
"The ocean’s heart too smooth, too blue, to break for you.","Emily Dickinson","heart,nature","<a href=""https://etc.usf.edu/lit2go/115/the-poems-of-emily-dickinson-series-two/3694/life-poem-25-shipwreck/"">Shipwreck</a>"
"At least I have the flowers of myself,
and my thoughts, no god
can take that.","Hilda Doolittle","nature,faith","<a href=""https://www.poetryfoundation.org/poems/51869/eurydice-56d22fe6d049d"">Eurydice</a>"
"So if you love me, love me everywhere.","Hilda Doolittle","love,reflection","<i>Collected Poems, 1912-1944</i>, <a href=""https://www.poetryfoundation.org/poetrymagazine/browse?contentId=22021"">Sigel XV</a>"
"Right now I want a word that describes the feeling you get — a cold, sick feeling deep down inside — when you know something is happening that will change you, and you don’t want it to, but you can’t stop it. And you know, for the first time, for the very first time, that there will now be a before and an after, a was and a will be. And that you will never again be quite the person you were.","Jennifer Donnelly","time,change,desire","<i>A Northern Light</i>"
"‘I exist.’ In thousands of agonies — I exist. I’m tormented on the rack — but I exist! Though I sit alone in a pillar — I exist! I see the sun, and if I don’t see the sun, I know it’s there. And there’s a whole life in that, in knowing that the sun is there.","Fyodor Dostoevsky","loneliness,cosmos,life","<i><a href=""https://ebooks.adelaide.edu.au/d/dostoyevsky/d72b/contents.html"">The Brothers Karamazov</a></i>"
"Which is better: cheap happiness or sublime suffering?","Fyodor Dostoevsky","pain,joy","<i>Notes from the Underground</i>"
"I create entire romances in my dreams.","Fyodor Dostoevsky","dreams,reflection","<i>White Nights</i>, 1848"
"If the sight of the blue skies fills you with joy, if a blade of grass springing up in the fields has power to move you, if the simple things in nature have a message you understand, rejoice, for your soul is alive.","Eleonora Duse","nature,soul,life,wisdom","as quoted by Toby Cole and Helen Krich in <i>Actors on Acting</i>, 1970"
"When you judge another, you do not define them, you define yourself.","Wayne Dyer","reflection,life","<i>The Power of Intention</i>"
"With every drop you drink, every breath you take, you’re connected to the sea.","Sylvia Earle","nature,reflection","as cited by the National Aquarium (<a href=""https://www.facebook.com/nationalaquarium/photos/with-every-drop-you-drink-every-breath-you-take-youre-connected-to-the-sea-sylvi/10155524336876174/"">x</a>)"
"Beauty is, in some way, boring. Even if its concept changes through the ages… a beautiful object must always follow certain rules. A beautiful nose shouldn’t be longer than that or shorter than that, on the contrary, an ugly nose can be as long as the one of Pinocchio, or as big as the trunk of an elephant, or like the beak of an eagle, and so ugliness is unpredictable, and offers an infinite range of possibility. Beauty is finite, ugliness is infinite like God.","Umberto Eco","beauty,faith","<i>On Ugliness</i>"
"I have a very childlike rage, and a very childlike loneliness.","Richey Edwards","loneliness,anger","(<a href=""http://articles.richeyedwards.net/jan96vox.html"">x</a>)"
"The most beautiful thing we can experience is the mysterious. It is the source of all true art and science.","Albert Einstein","art,beauty","<i>Mein Weltbild</i>, 1931"
"If there is magic on this planet, it is contained in water.","Loren Eiseley","nature,reflection","<i>The Flow of the River</i>"
"The sea has many voices. Many Gods and many voices.","T.S. Eliot","nature,reflection","<a href=""http://www.artofeurope.com/eliot/eli4.htm"">The Dry Salvages</a>"
"In my end is my beginning.","T.S. Eliot","reflection,life","<a href=""http://www.davidgorman.com/4Quartets/2-coker.htm"">East Coker</a>"
"This is the way the world ends
This is the way the world ends
This is the way the world ends
Not with a bang but a whimper.","T.S. Eliot","reflection,life","<a href=""http://www.artofeurope.com/eliot/eli2.htm"">The Hollow Men</a>"
"Are you alive or not? Is there nothing in your head?","T.S. Eliot","life,reflection","<a href=""https://www.poetryfoundation.org/poems/47311/the-waste-land"">The Waste Land</a>"
"Is evil something you are, or something you do?","Bret Easton Ellis","reflection,life","<i>American Psycho</i>"
"People also smile when they are miserable.","Paul Ekman","reflection,life","<i>Telling Lies: Clues to Deceit in the Marketplace, Politics, and Marriage</i>"
"There is within all of us something that is too fragile not to break, too fragile or too inexpedient.","Rabbe Enckell","reflection,life","‘O' Bridge of Interjections’"
"Memory eats me alive.
Memory guts me,
unravels me, strews me
in the snow.","Aurora Engle-Pratt","memory,life","<a href=""http://www.metatron.press/alpha/work/aurora-engle-pratt/"">White Out</a>"
"If you inherently long for something, become it first. If you want gardens, become the gardener. If you want love, embody love. If you want mental stimulation, change the conversation. If you want peace, exude calmness. If you want to fill your world with artists, begin to paint. If you want to be valued, respect your own time. If you want to live ecstatically, find the ecstasy within yourself. This is how to draw it in, day by day, inch by inch.","Victoria Erickson","love,time,identity,change","<i>Rhythms and Roads</i>"
"Millions long for immortality who don’t know what to do with themselves on a rainy Sunday afternoon.","Susan Ertz","reflection,life","<i>Anger in the Sky</i>, 1943"
"I am overflowing with words I do not have.","Adam Falkner","reflection,life","‘When It Matters’"
"Oh God, my God, what have I done, in that place of secluded dark silence?","Forough Farrokhzad","silence,faith","<i>Another Birth &amp; Other Poems</i>, ‘The Sin’"
"I have cried an ocean for you but still your ship refuses to sail.","Michael Faudet","nature,reflection","<i>Bitter Sweet Love</i>"
"You cannot remove my scars or rewrite the past that haunts me. Just hold me tight and tell me everything is going to be okay.","Michael Faudet","time,reflection","<i>Dirty Pretty Things</i>"
"Science is a way of trying not to fool yourself. The first principle is that you must not fool yourself, and you are the easiest person to fool.","Richard Feynman","reflection,life","<a href=""http://calteches.library.caltech.edu/51/2/CargoCult.htm"">Cargo Cult Science</a>"
"Sleep heavily and know that I am here with you now. The past is gone, and cannot harm you anymore. And while the future is fast coming for you, it always flinches first, and settles in as the gentle present. This now, this us, we can cope with that. We can do this together, you and I. Drowsily, but comfortably.","Joseph Fink and Jeffrey Cranor","time,reflection","<i>Welcome to Night Vale</i>, 2012: ‘The Candidate’"
"I can’t exactly describe how I feel but it’s not quite right. And it leaves me cold.","F. Scott Fitzgerald","reflection,life","<i>The Love of The Last Tycoon</i>"
"Well, let it pass; April is over, April is over. There are all kinds of love in the world, but never the same love twice.","F. Scott Fitzgerald","love,reflection","<i>The Sensible Thing</i>"
"And in the end, we are all just humans… drunk on the idea that love, only love, can heal our brokenness.","F. Scott Fitzgerald","love,reflection","<i>The Sensible Thing</i>"
"What is there to say? You know how much I have loved you.","Zelda Fitzgerald","reflection,life","in a letter to F. Scott Fitzgerald, February 1935"
"You are a curious case of strangeness and extraordinary loveliness.","Gustave Flaubert","reflection,life","in a letter to George Sand, c. November 1870"
"She wanted to die, but she also wanted to live in Paris.","Gustave Flaubert","death,reflection","<i>Madame Bovary</i>"
"The future was a dark corridor, and at the far end the door was bolted.","Gustave Flaubert","time,reflection","<i>Madame Bovary</i>"
"‘Ah!’ she said, lifting her lovely tear-bright eyes to the ceiling. ‘If you knew all the dreams I’ve dreamed!’","Gustave Flaubert","dreams,reflection","<i>Madame Bovary</i>"
"A child weaned on poison considers harm a comfort.","Gillian Flynn","reflection,life","<i>Sharp Objects</i>, 2006"
"I think and think and think, I’ve thought myself out of happiness one million times, but never once into it.","Jonathan Safran Foer","time,joy","<i>Extremely Loud and Incredibly Close</i>"
"‘Why do beautiful songs make you sad?’ ‘Because they aren’t true.’ ‘Never?’ ‘Nothing is beautiful and true.’","Jonathan Safran Foer","sadness,music,beauty","<i>Extremely Loud and Incredibly Close</i>"
"Sometimes I can hear my bones straining under the weight of all the lives I’m not living.","Jonathan Safran Foer","life,reflection","<i>Extremely Loud and Incredibly Close</i>"
"Shyness is when you turn your head away from something you want. Shame is when you turn your head away from something you do not want.","Jonathan Safran Foer","desire,reflection","<i>Extremely Loud and Incredibly Close</i>"
"I’m so afraid of losing something I love, that I refuse to love anything.","Jonathan Safran Foer","love,fear","<i>Extremely Loud and Incredibly Close</i>"
"When I am with him, smoking or talking quietly ahead, or whatever it may be, I see, beyond my own happiness and intimacy, occasional glimpses of the happiness of 1000s of others whose names I shall never hear, and know that there is a great unrecorded history.","E. M. Forster","joy,reflection","<i>Selected Letters of E. M. Forster I: 1879-1920</i>, 1983"
"I wear the universe backwards. I imagine putting stars in my coffee, and sugar in the sky. I imagine going fishing in clouds, and watching the sun hide behind lakes. I’m too busy dancing with my imagination to even tip toe with reality for a second. They say I’m going mad. They’re right.","D. Antoinette Foy","cosmos,reflection","(<a href=""https://www.facebook.com/dantoinettefoy/"">x</a>)"
"The human heart beats approximately 4,000 times per hour and each pulse, each throb, each palpitation is a trophy engraved with the words ‘you are still alive.’ You are still alive. Act like it.","Rudy Francisco","heart,time,life","<i>Helium</i>"
"When you choose to be a poet,
when you choose to spill like this,
bleed like this, cry like this,
your pain becomes an exhibit.
A place for people to walk through
and then leave when they are ready.
No one ever asks a museum if it’s okay.","Rudy Francisco","pain,art","<a href=""https://www.instagram.com/p/09BInqITo2/"">Museum</a>"
"Dead people receive more flowers than the living ones because the regret is stronger than gratitude.","Anne Frank","nature,life,regret","in a diary entry"
"What is done cannot be undone, but one can prevent it happening again.","Anne Frank","reflection,life","in a diary entry"
"Go outside, to the country, enjoy the sun and all nature has to offer. Go outside and try to recapture the happiness within yourself; think of all the beauty in yourself and in everything around you and be happy.","Anne Frank","cosmos,nature,joy,beauty","in a diary entry"
"I love you. I worry about you. I wonder whether I tell you enough how I love you and want you and need you and how I am diminished when you are not with me and how I am multiplied when you are here.","Pat Frank","love,desire","<i>Alas, Babylon</i>"
"What is to give light must endure burning.","Viktor Frankl","reflection,life","<i>Man's Search for Meaning</i>, 1946"
"Nice people don’t necessarily fall in love with nice people.","Jonathan Franzen","love,reflection","<i>Freedom</i>"
"I had learned early to assume something dark and lethal hidden at the heart of anything I loved. When I couldn't find it, I responded, bewildered and wary, in the only way I knew how: by planting it there myself.","Tana French","heart,reflection","<i>In the Woods</i>"
"I am not good at noticing when I’m happy, except in retrospect.","Tana French","joy,reflection","<i>In the Woods</i>"
"I used to think I was tough, but I've realized I wasn’t. I was fragile, and I wore thick fucking armor, and I hurt people so they couldn’t hurt me, and I thought that was what being tough was, but it isn’t.","James Frey","pain,reflection","<i>My Friend Leonard</i>"
"Time does not change us. It just unfolds us.","Max Frisch","time,change","<i>Sketchbook 1946-1949</i>"
"In three words I can sum up everything I’ve learned about life: it goes on.","Robert Frost","life,reflection","as cited by Ray Josephs in <i>The Cincinnati Enquirer</i>, 1954 September 5 (<a href=""https://quoteinvestigator.com/2018/04/01/life-goes/"">x</a>)"
"Freedom lies in being bold.","Robert Frost","freedom,truth","as cited by James Nelson in <i>Wisdom: Conversations with the Elder Wise Men of Our Day</i>"
"O hushed October morning mild, begin the hours of this day slow. Make the day seem to us less brief.","Robert Frost","reflection,life","<a href=""https://www.poets.org/poetsorg/poem/october"">October</a>"
"The best way out is always through.","Robert Frost","reflection,life","<a href=""https://www.bartleby.com/118/9.html"">A Servant to Servants</a>"
"Do not stand at my grave and weep
I am not there. I do not sleep.
I am a thousand winds that blow.
I am the diamond glints on snow.
I am the sunlight on ripened grain.
I am the gentle autumn rain.
When you awaken in the morning’s hush
I am the swift uplifting rush
Of quiet birds in circled flight.
I am the soft stars that shine at night.
Do not stand at my grave and cry;
I am not there. I did not die.","Mary Elizabeth Frye","death,cosmos,nature,silence","<a href=""http://holyjoe.org/poetry/frye.htm"">Do Not Stand At My Grave And Weep</a>"
"We’re all a little weird. And life is a little weird. And when we find someone whose weirdness is compatible with ours, we join up with them and fall into mutually satisfying weirdness — and call it love.","Robert Fulghum","love,life","<i>True Love</i>, 1977"
"Books have to be heavy because the whole world’s inside them.","Cornelia Funke","art,reflection","<i>Inkheart</i>"
"I really don’t know what ‘I love you’ means. I think it means ‘Don’t leave me here alone.’","Neil Gaiman","love,loneliness","<i>Adventures in the Dream Trade</i>"
"It is astonishing just how much of what we are can be tied to the beds we wake up in in the morning, and it is astonishing how fragile that can be.","Neil Gaiman","reflection,life","<i>Coraline</i>"
"Now you people have names. That’s because you don’t know who you are. We know who we are, so we don’t need names.","Neil Gaiman","identity,reflection","<i>Coraline</i>"
"I want to see life. I want to hold it in my hands.","Neil Gaiman","life,desire","<i>The Graveyard Book</i>"
"There was only a poem, which took flesh and walked and spread itself across the vastness of the known.","Neil Gaiman","body,reflection","<i>How to Talk to Girls at Parties</i>"
"Have you ever been in love? Horrible, isn’t it? It makes you so vulnerable. It opens your chest and it opens your heart and it means that someone can get inside you and mess you up.","Neil Gaiman","love,heart","<i>The Kindly Ones</i>"
"I’ve been making a list of the things they don’t teach you at school. They don’t teach you how to love somebody. They don’t teach you how to be famous. They don’t teach you how to be rich or how to be poor. They don’t teach you how to walk away from someone you don’t love any longer. They don’t teach you how to know what’s going on in someone else’s mind. They don’t teach you what to say to someone who’s dying. They don’t teach you anything worth knowing.","Neil Gaiman","love,death","<i>The Kindly Ones</i>"
"I think hell is something you carry around with you. Not somewhere you go.","Neil Gaiman","reflection,life","<i>Season of Mists</i>"
"She says nothing at all, but simply stares upward into the dark sky and watches, with sad eyes, the slow dance of the infinite stars.","Neil Gaiman","sadness,cosmos","<i>Stardust</i>"
"Not every girl survives the forest. Sometimes she becomes it.","Catherine Garbinsky","women,reflection","<i>Even Curses End</i>, 2019: ‘The Princess & the Thorns’"
"In the story, you fall in love with a girl on another planet. She’s been dead for years, but through your telescope you watch her laugh, laughing too. You wave when she, remembering her smallness, remembers the stars.","Annelyse Gelman","love,memory,cosmos,art","<i>Everyone I Love Is a Stranger to Someone</i>, 2014: ‘Love Poem’"
"I burned so long and so quiet, you must have wondered if I loved you back. I did, I did, I do.","Annelyse Gelman","silence,reflection","<i>Everyone I Love Is a Stranger to Someone</i>, 2014: ‘The Pillowcase’"
"If you ever ask me how many times you’ve crossed my mind, I would say once. Because you came, and never left.","Ritu Ghatourey","time,reflection","greeting cards"
"The best portion of your life will be the small, nameless moments you spend smiling with someone who matters to you.","Ritu Ghatourey","time,life","greeting cards"
"Thanks to those who hated me, you made me a stronger person. Thanks to those who loved me, you made my heart grow fonder. Thanks to those who envied me, you made my self-esteem increase. Thanks to those who cared, you made me feel important. Thanks to those who entered my life, you made me who I am today. Thanks to those who left, you showed me that nothing lasts forever. Thanks to those who stayed, you showed me the true meaning of friendship.","Ritu Ghatourey","heart,friendship,identity,life","greeting cards"
"Every child is born a naturalist. His eyes are, by nature, open to the glories of the stars, the beauty of the flowers, and the mystery of life.","Ritu Ghatourey","cosmos,nature,life,beauty","greeting cards"
"Positivity is not just expecting the best to happen, but also accepting that whatever happens is for the best.","Ritu Ghatourey","reflection,life","greeting cards"
"The human brain is amazing. It functions 24 hours a day from the time we were born, and only stops when we take an exam or when we are in love.","Ritu Ghatourey","love,time","greeting cards"
"It is during the worst times of your life that you will get to see the true colors of the people who say they care for you.","Ritu Ghatourey","time,life","greeting cards"
"I hope you never forget that there is someone who’s always by your side and he’ll always love you, always wants you, and always cares about you no matter what.","Ritu Ghatourey","love,hope,memory","greeting cards"
"Improbable is not the opposite of probable, but rather an inflexion of it, a gradient in a continuum of probability. But what does probability — a mathematical idea — have to do with fiction? The answer is: everything. For, as Ian Hacking, a prominent historian of the concept, puts it, probability is a ‘manner of conceiving the world constituted without our being aware of it.’","Amitav Ghosh","reflection,life","<a href=""https://theamericanscholar.org/writing-the-unimaginable/"">Writing the Unimaginable</a>"
"God said ‘love your enemy’ and I obeyed Him and loved myself.","Khalil Gibran","love,faith","<i>The Broken Wings</i>"
"Travel and tell no one, live a true love story and tell no one, live happily and tell no one, people ruin beautiful things.","Khalil Gibran","love,art,beauty","<i>The Prophet</i>"
"Just to be clear,
I don’t want to get out,
without a broken heart.
I intend to leave this life,
so shattered,
there’s gonna have to be,
a thousand separate heavens,
for all of my separate parts.","Andrea Gibson","heart,life,desire","‘Royal Heart’"
"I said to the sun, ‘Tell me about the big bang.’ The sun said, ‘it hurts to become.’","Andrea Gibson","pain,cosmos,identity","‘I Sing the Body Electric, Especially When My Power's Out’"
"It is better to be hated for what you are than to be loved for what you are not.","Andre Gide","reflection,life","<i>Autumn Leaves</i>, 1950"
"Some people are born with tornadoes in their lives, but constellations in their eyes. Other people are born with stars at their feet, but their souls are lost at sea.","Nikita Gill","grief,cosmos,nature,soul","‘Perspectives’"
"If you have been brutally broken, but still have the courage to be gentle to others, then you deserve a love deeper than the ocean itself.","Nikita Gill","love,nature,courage","(<a href=""http://meanwhilepoetry.tumblr.com/post/131766253043/if-you-have-been-brutally-broken-but-still-have"">x</a>)"
"The night isn’t dark; the world is dark. Stay with me a little longer.","Louise Glück","reflection,life","<i>Poems 1962-2012</i>, <a href=""https://reylemuel.wordpress.com/2008/12/14/71/"">Departure</a>"
"There is no other immortality:
in the cold spring, the purple violets open.","Louise Glück","reflection,life","<i>Poems 1962-2012</i>, <a href=""https://www.poetryfoundation.org/poems/49603/hyacinth"">Hyacinth</a>"
"Like the poets, are you stimulated by despair? Does grief move you to reveal your nature?","Louise Glück","grief,nature,art","<i>The Wild Iris</i>, ‘Vespers’"
"Anxiety is nothing but repeatedly re-experiencing failure in advance. What a waste.","Seth Godin","fear,reflection","(<a href=""https://seths.blog/2010/03/anxiety-is-nothing-but-repeatedly-experiencing-failure-in-advance/"">x</a>)"
"Great things are done by a series of small things brought together.","Vincent van Gogh","reflection,life","in a letter to Theo van Gogh"
"When I have a terrible need of ― shall I say the word ― religion, then I go out and paint the stars.","Vincent van Gogh","cosmos,faith","in a letter to Theo van Gogh"
"But you must love with a high, serious intimate sympathy, with a will, with intelligence, and you must always seek to know more thoroughly, better, and more.","Vincent van Gogh","love,reflection","in a letter to Theo van Gogh"
"I often think that the night is more alive and more richly colored than the day.","Vincent van Gogh","life,reflection","in a letter to Theo van Gogh"
"I put my heart and my soul into my work and have lost my mind in the process.","Vincent van Gogh","heart,grief,soul,work","in a letter to Theo van Gogh"
"I don’t know when we’ll see each other again or what the world will be like when we do. We may both have seen many horrible things. But I will think of you every time I need to be reminded that there is beauty and goodness in the world.","Arthur Golden","time,beauty","<i>Memoirs of a Geisha</i>, 2005"
"We all have hidden secrets, some funny, sweet, kind or even dirty. Mine though, is obvious. It’s there, it always has been. You just haven’t noticed. It’s you.","Isabelle Gough","reflection,life","(<a href=""https://wnq-writers.com/post/106354394675/quotes-creative-writing-we-all-have-a-hidden-secrets-som"">x</a>)"
"The moment comes when a character does or says something you hadn’t thought about. At that moment he’s alive and you leave it to him.","Graham Greene","time,life","in an interview (<a href=""https://www.nytimes.com/1985/10/09/us/graham-greene-how-do-you-do-it.html"">x</a>)"
"Hate was just a failure of the imagination.","Graham Greene","reflection,life","<i>The Power and the Glory</i>"
"Time can be slowed if you live deliberately. If you stop and watch sunsets. If you spend time sitting on porches listening to the woods. If you give in to the reality of the seasons.","Thomas Christopher Greene","time,reflection","<i>I’ll Never Be Long Gone</i>"
"No one will understand you. It is not, ultimately, that important. What is important is that you understand you.","Matt Haig","wisdom,reflection","<i>The Humans</i>"
"I’m having an argument with myself. And I’m losing.","Cynthia Hand","reflection,life","<i>Hallowed</i>, 2012"
"The mind can go in a thousand directions, but on this beautiful path, I walk in peace. With each step, the wind blows. With each step, a flower blooms.","Thich Nhat Hanh","nature,beauty","<i>Happiness</i>"
"The opposite of addiction isn’t sobriety. It’s connection. It’s all I can offer. It’s all that will help him in the end. If you are alone, you cannot escape addiction. If you are loved, you have a chance. For a hundred years we have been singing war songs about addicts. All along, we should have been singing love songs to them.","Johann Hari","love,loneliness,war,music","<i>Chasing the Scream: The First and Last Days of the War on Drugs</i>, 2007"
"I don’t want to be pitied and I don’t know how to be loved. I only know how to love. All I can do is hope I’m doing the right thing.","Keith Haring","love,hope,desire","in a diary entry"
"I’ve never been good at emotional stuff. Except anger. Anger, I’m good at.","Hannah Harrington","anger,reflection","<i>Saving June</i>"
"Playing house can reconstruct the world.","Nanae Haruno","reflection,life","<i>Pietà</i>, 2000"
"If you’re really listening, if you’re awake to the poignant beauty of the world, your heart breaks regularly. In fact, your heart is made to break; its purpose is to burst open again and again so that it can hold evermore wonders.","Andrew Harvey","heart,beauty","<i>A Journey in Ladakh</i>"
"Remember to look up at the stars and not down at your feet.","Stephen Hawking","memory,cosmos","‘A Brief History of Mine’ (70th birthday lecture) January 8, 2012"
"Quantum theory provides us with a striking illustration of the fact that we can fully understand a connection though we can only speak of it in images and parables.","Werner Heisenberg","wisdom,reflection","<i>Physics and Beyond: Encounters and Conversation</i>, 1971"
"There is nothing to writing. All you do is sit down at a typewriter and bleed.","Ernest Hemingway","art,reflection",""
"The first and final thing you have to do in this world is last in it and not be smashed by it.","Ernest Hemingway","reflection,life","in a letter to Maxwell Perkins, c. April 1932"
"The way to learn whether a person is trustworthy is to trust them.","Ernest Hemingway","trust,reflection","as cited by A. E. Hotchner in <i>Papa Hemingway</i>, 1966"
"If people bring so much courage to this world the world has to kill them to break them, so of course it kills them. The world breaks every one and afterward many are strong at the broken places. But those that will not break it kills. It kills the very good and the very gentle and the very brave impartially. If you are none of these you can be sure it will kill you too but there will be no special hurry.","Ernest Hemingway","courage,reflection","<i>A Farewell to Arms</i>, 1929"
"We would be together and have our books and at night be warm in bed together with the windows open and the stars bright.","Ernest Hemingway","cosmos,art","<i>A Moveable Feast</i>, 1964"
"Man is not made for defeat.","Ernest Hemingway","reflection,life","<i>The Old Man and the Sea</i>, 1952"
"The true adventurer goes forth aimless and uncalculating to meet and greet unknown fate.","O. Henry","reflection,life","<i>The Green Door</i>"
"He is sad. He sleeps for days on end. Neither good nor evil attract him. When he walks down the street, you see distinctly the motion of his rosy wings of lungs.","Zbigniew Herbert","sadness,reflection","‘Anything Rather Than an Angel,’ translated by Czeslaw Milosz"
"You were holding whole kingdoms
but your palms were made of sand.","Elizabeth Hewer","reflection,life","<a href=""http://elisabethhewer.co.uk/post/68385278716/obituary-for-the-princess-who-forgot-to-be"">Obituary for the Princess Who Forgot to Be Fairytale</a>"
"How fragile we are, between the few good moments.","Jane Hirshfield","time,reflection","<i>Come, Thief: Poems</i>, <a href=""https://www.poets.org/poetsorg/poem/vinegar-and-oil"">Vinegar and Oil</a>"
"Desire, to know why, and how, CURIOSITY; such as is in no living creature but Man; so that Man is distinguished, not only by his Reason; but also by this singular Passion from other Animals; in whom the appetite of food, and other pleasures of Sense, by predominance, take away the care of knowing causes; which is a Lust of the mind, that by a perseverance of delight in the continual and indefatigable generation of Knowledge, exceedeth the short vehemence of any carnal Pleasure.","Thomas Hobbes","life,wisdom,joy,desire","<i>Leviathan</i>, 1651"
"It's no fun watching people wound themselves so that they can hole up, nurse themselves back to health and then repeat the cycle. They don't know what else to do”.","Jenny Holzer","pain,reflection","<i>The Living Series</i>, 1980"
"I did not like to be touched, but it was a strange dislike. I did not like to be touched because I craved it too much. I wanted to be held very tight so I would not break.","Marya Hornbacher","reflection,life","<i>Wasted: A Memoir of Anorexia and Bulimia</i>"
"The fear is not of fat. The fear is of need, of hunger, of any desire, of life itself. The fear is of being human, and as such, imperfect, and as such, just mortal. Just a body, like everyone else.","Marya Hornbacher","death,fear,body,life","<i>Wasted: A Memoir of Anorexia and Bulimia</i>"
"Identity is a series of ads for a product that doesn’t exist… To put that tritely: The best way to be yourself is to not be anybody in particular but to just be.","Rob Horning","identity,life","<a href=""https://thenewinquiry.com/blog/social-media-is-not-self-expression/"">Social Media is Not Self-Expression,</a> 2014"
"I know you can and will destroy me, yet I don’t care… That’s the true beauty of our love.","Ryan P. Hughes","love,beauty","(<a href=""http://ryanphughes.tumblr.com/post/107072967587/i-know-you-can-and-will-destroy-me-yet-i-dont"">x</a>)"
"You have enemies? Why, it is the story of every man who has done a great deed or created a new idea. It is the cloud which thunders around everything that shines. Fame must have enemies, as light must have gnats. Do not bother yourself about it; disdain. Keep your mind serene as you keep your life clear.","Victor Hugo","art,life","<i>Villemain</i>"
"Half gods are worshiped in wine and flowers. Real gods require blood.","Zora Neale Hurston","nature,reflection","<i>Their Eyes Were Watching God</i>"
"I don’t want comfort. I want God, I want poetry, I want real danger, I want freedom, I want goodness. I want sin.","Aldous Huxley","freedom,art,desire,faith","<i>Brave New World</i>"
"That men do not learn very much from the lessons of history is the most important of all the lessons that history has to teach.","Aldous Huxley","reflection,life","<i>Collected Essays</i>, 1959: <i><a href=""https://christiebooks.co.uk/2013/11/a-case-of-voluntary-ignorance-by-aldous-huxley/"">A Case of Voluntary Ignorance</a></i>"
"I continuously brooded on the problems of existence — free-will and determinism, the whence and why and whither of man, the origin of evil, the immortality of the soul, the futility of life, etc., and made myself very miserable over such questions.","George Du Maurier","freedom,soul,life","<i>Peter Ibbetson</i>"
"You wish to reform the world? Reform yourself, otherwise your efforts will be in vain.","St. Ignatius of Loyola","reflection,life","as cited by Daniello Bartoli in <i>History of the Life and Institute of St. Ignatius De Loyola, Vol. 4</i>"
"Time is heavy. The world dense. The years brief. The seconds slow.","Eugène Ionesco","time,reflection","<i>Amédée, or How to Get Rid of It</i>, translated by Donald Watson"
"It’s reality that makes us beautiful.","Eugène Ionesco","beauty,reflection","<i>Amédée, or How to Get Rid of It</i>, translated by Donald Watson"
"Every voice echoes ours. Everything corresponds. We take each other by the hand. There is space, but no distance.","Eugène Ionesco","reflection,life","<i>Amédée, or How to Get Rid of It</i>, translated by Donald Watson"
"The sparrows grew strong again in our hands, the flowers never faded.","Eugène Ionesco","nature,courage","<i>Amédée, or How to Get Rid of It</i>, translated by Donald Watson"
"All the acacia trees are aglow. Their blossoms are bursting open and shooting up to the sky. The full-blown moon is flooding the Heavens with light, a living planet. The Milky Way is like creamy fire. Honeycombs, countless galaxies, comets’ tails, celestial ribbons, rivers of molten silver, and brooks, lakes and oceans of palpable light… Sheaves of blossoming snow, trees in the sky, gardens and meadows… domes and cupolas… columns and temples… And space, space, infinite space!","Eugène Ionesco","cosmos,nature,life","<i>Amédée, or How to Get Rid of It</i>, translated by Donald Watson"
"The tragic character does not change, he is crushed; he is himself, he is real. Comic characers, fools, are people who do not exist.","Eugène Ionesco","life,change","‘The Tragedy of Language: How an English Primer Became My First Play,’ translated by Jack Undank"
"Someone who can’t sacrifice anything can never change anything. In order to overcome a monster, you must be willing to throw aside your humanity.","Hajime Isayama","change,reflection","<i>Shingeki no Kyojin</i>"
"I just want the weak who do get swept along with the flow to be considered human too.","Hajime Isayama","desire,reflection","<i>Shingeki no Kyojin</i>"
"There was another life that I might have had, but I am having this one.","Kazuo Ishiguro","life,reflection","as cited in <i>Conversations with Kazuo Ishiguro</i>, 2008"
"May those who accept their fate be granted happiness. May those who defy their fate be granted glory.","Ikuko Itoh","joy,reflection","<i>Princess Tutu</i>, 2002-2003"
"All of my feelings belong to me. All feelings are precious to whom they belong. And I am nobody’s marionette.","Ikuko Itoh","home,reflection","<i>Princess Tutu</i>, 2002-2003"
"What I want is the soul of something buried deep inside me before it became these words.","Richard Jackson","soul,desire","<i>Retreivals</i>, ‘Abandoned’"
"And remember this, that if you’ve been hated, you’ve also been loved.","Henry James","memory,reflection","<i>The Portrait of a Lady</i>"
"You cannot shame a woman who owns everything about herself. You cannot weaponize the truth against her.","T. James","truth,women","(<a href=""http://genderfuckher.tumblr.com"">x</a>)"
"The universe has no center. No center, no limits. We live in the midst of infinity.","Kristopher Jansma","cosmos,reflection","<i>Why We Came to the City</i>"
"God is not death, God is what survives.","Mark Jarman","death,faith","<i>Unholy Sonnets</i>"
"We can never be gods, after all; but we can become something less than human with frightening ease.","N.K. Jemisin","identity,reflection","<i>The Hundred Thousand Kingdoms</i>, 2010"
"The first and foremost instinct of humans is neither sex nor aggression. It is to seek contact and comforting connection.","Sue Johnson","reflection,life","<i>Love Sense: The Revolutionary New Science of Romantic Relationships</i>"
"Finally, in a low whisper, he said, ‘I think I might be a terrible person.’ For a split second I believed him — I thought he was about to confess a crime, maybe a murder. Then I realized that we all think we might be terrible people. But we only reveal this before asking someone to love us. It is a kind of undressing.","Miranda July","love,reflection","<i>The First Bad Man</i>"
"What a terrible mistake to let go of something wonderful for something real.","Miranda July","reflection,life","<i>No One Belongs Here More Than You</i>"
"No tree, it is said, can grow to heaven unless its roots reach down to hell.","C.G. Jung","nature,change","<i>On Christianity</i>"
"I hate the fact that I don’t hate you, not even a little.","Gil Junger","reflection,life","<i>10 Things I Hate About You</i>, 1999"
"I aim to be
lionhearted,
but my
hands still
shake
and my voice
isn’t quite
loud
enough.","Michelle K.","reflection,life","<a href=""http://michellekpoems.tumblr.com/post/58465615704/i-aim-to-be-lionhearted-but-my-hands-still"">Earning Your Roar</a>"
"My poor mother
begged for a sheep
but raised a wolf.","Michelle K.","family,reflection","<a href=""http://michellekpoems.tumblr.com/post/79179898409/my-poor-mother-begged-for-a-sheep-but-raised-a"">Four Rhythms</a>"
"The little things? The little moments? — They aren’t little.","Jon Kabat-Zinn","time,reflection",""
"What do you say when you’re not enough to make someone stay?","Katie Kacvinsky","reflection,life","<i>First Comes Love</i>"
"I cannot force my way into the world, but lie quietly, receive, spread out within me what I have received, and then step calmly forth.","Franz Kafka","truth,reflection","in a diary entry"
"Why couldn’t one set oneself afire and be destroyed in the flames? Or obey, even if one hears no command? Or sit on a chair in the middle of one’s empty room and look at the floor?","Franz Kafka","reflection,life","in a diary entry"
"I never wish to be easily defined. I’d rather float over other people’s minds as something strictly fluid and non-perceivable; more like a transparent, paradoxically iridescent creature rather than an actual person.","Franz Kafka","reflection,life","in a diary entry"
"When dealing with myself I am powerless.","Franz Kafka","reflection,life","in a letter to Felice Bauer"
"You are free and that is why you are lost.","Franz Kafka","grief,freedom","in a letter to Felice Bauer"
"I usually solve problems by letting them devour me.","Franz Kafka","reflection,life","in a letter to Max Brod"
"You are the knife I turn inside myself; that is love. That, my dear, is love.","Franz Kafka","love,reflection","in a letter to Milena Jesenská"
"You misinterpret everything, even the silence.","Franz Kafka","silence,reflection","<i>The Castle</i>"
"I cannot rid myself of the feeling that I’m not in the right place.","Franz Kafka","reflection,life","<i>Description of a Struggle</i>"
"None sing as purely as those in deepest Hell; it is their singing that we take for the singing of angels.","Franz Kafka","music,reflection","<i>Fragments</i>"
"Blue is the typical heavenly colour. The ultimate feeling it creates is one of rest. When it sinks to almost black, it echoes grief that is hardly human.","Wassily Kandinsky","grief,reflection","<i>Concerning the Spiritual in Art</i>"
"What I sometimes mistake for ecstasy is simply the absence of grief.","Sarah Kane","grief,reflection","<i>Crave</i>, 1998"
"I am trying to write a poem in which I am neither a monster nor a martyr.","Kevin Kantor","art,reflection","‘You are Not Just Anything’"
"People who didn’t live pre-Internet can’t grasp how devoid of ideas life in my hometown was. The only bookstores sold Bibles the size of coffee tables and dashboard Virgin Marys that glowed in the dark. I stopped in the middle of the SAT to memorize a poem, because I thought, This is a great work of art and I’ll never see it again.","Mary Karr","art,life,work","<a href=""https://www.theparisreview.org/interviews/5992/mary-karr-the-art-of-memoir-no-1-mary-karr"">The Art of Memoir No. 1</a>"
"Character, like a photograph, develops in darkness.","Yousuf Karsh","reflection,life","as cited by <i>Time</i> magazine (<a href=""http://content.time.com/time/magazine/article/0,9171,916554,00.html"">x</a>)"
"I didn’t leave because I stopped loving you. I left because the longer I stayed the less I loved myself.","Rupi Kaur","reflection,life","<i>Milk and Honey</i>"
"I’ve never seen grief like it. Grief like that, it’s like an animal. She’s not eating. She’s not sleeping. She’s whimpering. She’s sluggish. She’s not herself.","Jackie Kay","grief,reflection","<i>Wish I Was Here</i>, Blinds"
"Straight off and away into the dreamy dark.
I’ve never had so much peace in my life.
And silence. Silence and more silence. Thick like snow.","Jackie Kay","silence,life","<i>Wish I Was Here</i>, The Silence"
"I think many people kill themselves simply to stop the debate about whether they will or they won’t.","Susanna Kaysen","reflection,life","<i>Girl, Interrupted</i>"
"I’m a wretch. But I love, love.","Jack Kerouac","love,reflection","<i>Little Motel: Satori In Paris</i>, 1966"
"People often ask me questions that I cannot very well answer in words, and it makes me sad to think they are unable to hear the voice of my silence.","Hazrat Inayat Khan","sadness,silence","<i>The Complete Sayings of Hazrat Inayat Khan</i>, 1978"
"Are you accidental—Temporary?
Does the moon sink
in your skin; are the daffodils
talking again?","S.A. Khanum","cosmos,body","‘Rome Falls’"
"We need falsifications to make the past inhabitable.","Frans Kellendonk","time,reflection","<i>Het Complete Werk</i>, 1992"
"A candle loses nothing by lighting another.","James Keller","reflection,life",""
"Do it or don’t do it — you will regret both.","Søren Kierkegaard","regret,reflection","<i>Either/Or: A Fragment of Life</i>"
"I have only one confidant, and that is the silence of night.","Søren Kierkegaard","silence,reflection","<i>Either/Or: A Fragment of Life</i>"
"The most common form of despair is not being who you are.","Søren Kierkegaard","identity,reflection","<i>Fear and Trembling</i>"
"It’s all about falling in love with yourself and sharing that love with someone who appreciates you, rather than looking for love to compensate for a self love deficit.","Eartha Kitt","love,identity","as cited in <i>All by Myself: The Eartha Kitt Story</i>, 1982"
"Love isn’t soft, like those poets say. Love has teeth which bite and the wounds never close.","Stephen King","love,pain,art","<i>The Body</i>"
"When it came to the dark fuckery of the human heart, there seemed to be no limit.","Stephen King","heart,reflection","<i>Full Dark, No Stars</i>"
"You think ‘Okay, I get it, I’m prepared for the worst’, but you hold out that small hope, see, and that’s what fucks you up. That’s what kills you.","Stephen King","hope,reflection","<i>Joyland</i>"
"It’s hard to let go. Even when what you’re holding onto is full of thorns, it’s hard to let go. Maybe especially then.","Stephen King","reflection,life","<i>Joyland</i>"
"Sometimes real love is silent as well as blind.","Stephen King","love,reflection","<i>The Stand</i>"
"Art and love are the same thing: It’s the process of seeing yourself in things that are not you.","Chuck Klosterman","love,art","<i>Killing Yourself to Live: 85% of a True Story</i>"
"Destruction can be beautiful to some people. Don’t ask me why. It just is. And if they can’t find anything to destroy, they destroy themselves.","John Knowles","beauty,reflection",""
"I need to be alone for certain periods of time or I violate my own rhythm.","Lee Krasner","loneliness,time","as cited by Cindy Nemser in <i>Art Talk: Conversations With 15 Women Artists</i>"
"She believed a great happiness awaited her somewhere, and for this reason she remained calm as the days flew by.","Gyula Krúdy","joy,reflection","<i>Sunflower</i>"
"Repeating the same action but expecting new results is a sign of madness. It's also a sign that you are human.","Kumobius","madness,reflection","<i>Duet</i>"
"I think I am a better ghost than I am a human being.","Mikko Kuorinki","reflection,life","<a href=""http://www.kuorinki.com/wallpiece.html"">Wall Piece with 200 Letters</a>"
"Either you don’t communicate enough and remain concealed from other people, or you risk rejection by exposing too much altogether: the minor and major hurts, the tedious obsessions, the abscesses and cataracts of need and shame and longing.","Olivia Laing","pain,desire","<i>The Lonely City</i>, 2016"
"We have a far greater connection to the fictional characters we know and love than the random people we pass on the street.","Sam Lake","love,reflection","<i>Alan Wake</i>, 2010"
"You own everything that happened to you. Tell your stories. If people wanted you to write warmly about them, they should’ve behaved better.","Anne Lamott","art,reflection","<i>Bird by Bird: Some Instructions on Writing and Life</i>"
"Can you remember who you were, before the world told you who you should be?","Danielle LaPorte","memory,reflection","<i>White Hot Truth</i>"
"They fuck you up, your mum and dad. 
They may not mean to, but they do.
They fill you with the faults they had
And add some extra, just for you.","Philip Larkin","reflection,life","<a href=""https://www.poetryfoundation.org/poems/48419/this-be-the-verse"">This Be the Verse</a>"
"But they were fucked up in their turn
By fools in old-style hats and coats,
Who half the time were soppy-stern
And half at one another’s throats.","Philip Larkin","time,reflection","<a href=""https://www.poetryfoundation.org/poems/48419/this-be-the-verse"">This Be the Verse</a>"
"Man hands on misery to man.
It deepens like a coastal shelf.
Get out as early as you can,
And don’t have any kids yourself.","Philip Larkin","reflection,life","<a href=""https://www.poetryfoundation.org/poems/48419/this-be-the-verse"">This Be the Verse</a>"
"Which do you want: the pain of staying where you are, or the pain of growth?","Judith Hanson Lasater","pain,change,desire","<i>A Year of Living Your Yoga: Daily Practices to Shape Your Life</i>"
"Memories are dangerous things. You turn them over and over, until you know every touch and corner, but still you’ll find an edge to cut you.","Mark Lawrence","memory,reflection","<i>Prince of Thorns</i>"
"Always loving, always judging, always destroying.","Violette Leduc","reflection,life","<i>La Bâtarde</i>, translated by Derek Coltman"
"Let desert sand harden your feet. Let the arch of your feet be the mountains. Let the paths of your fingertips be your maps and the ways you go be the lines of your palms. May your mouth contain the shapes of strange words. May you smell food cooking you have not eaten. May the spring of a foreign river be your navel. May your soul be at home where there are no houses.","Ursula K. Le Guin","soul,home","<i>Always Coming Home</i>, 1985"
"If a soldier is imprisoned by the enemy, don’t we consider it his duty to escape? The moneylenders, the knownothings, the authoritarians have us all in prison; if we value the freedom of the mind and soul, if we’re partisans of liberty, then it’s our plain duty to escape, and to take as many people with us as we can.","Ursula K. Le Guin","war,freedom,soul","<i>The Language of the Night: Essays on Fantasy and Science Fiction</i>, ‘Escape Routes,’ 1974"
"Love doesn’t just sit there, like a stone, it has to be made, like bread; remade all the time, made new.","Ursula K. Le Guin","love,time","<i>The Lathe of Heaven</i>, 1971"
"The trouble is that we have a bad habit, encouraged by pedants and sophisticates, of considering happiness as something rather stupid. Only pain is intellectual, only evil interesting. This is the treason of the artist; a refusal to admit the banality of evil and the terrible boredom of pain.","Ursula K. Le Guin","pain,art,joy","<i>The Ones Who Walk Away from Omelas</i>, 1973"
"Happiness is based on a just discrimination of what is necessary, what is neither necessary nor destructive, and what is destructive.","Ursula K. Le Guin","joy,reflection","<i>The Ones Who Walk Away from Omelas</i>, 1973"
"The joy built upon successful slaughter is not the right kind of joy; it will not do; it is fearful and it is trivial.","Ursula K. Le Guin","joy,reflection","<i>The Ones Who Walk Away from Omelas</i>, 1973"
"We all have forests on our minds. Forests unexplored, unending. Each one of us gets lost in the forest, every night, alone.","Ursula K. Le Guin","grief,loneliness","<i>The Wind's Twelve Quarters</i>, 1975"
"Sympathy’s easy. You have sympathy for starving children swatting at flies on the late-night commercials. Sympathy is easy because it comes from a position of power. Empathy is getting down on your knees and looking someone else in the eye and realizing you could be them, and that all that separates you is luck.","Dennis Lehane","power,reflection","<a href=""http://apps.npr.org/commencement/speech/dennis-lehane-eckerd-college-2004/"">2004 Commencement Address to Eckerd College</a>"
"Answerless questions can destroy you. Move on.","David Levithan","reflection,life","<i>Every Day</i>"
"This is what love does: it makes you want to rewrite the world. It makes you want to choose the characters, build the scenery, guide the plot. The person you love sits across from you, and you want to do everything in your power to make it possible, endlessly possible. And when it’s just the two of you, alone in a room, you can pretend that this is how it is, this is how it will be.","David Levithan","love,loneliness,desire,power","<i>Every Day</i>"
"Ultimately, the universe doesn’t care about us. Time doesn’t care about us. That’s why we have to care about each other.","David Levithan","time,cosmos","<i>Every Day</i>"
"Let’s always love each other, and never be in love with each other.","David Levithan","love,reflection","<i>Every You, Every Me</i>"
"I am not ready to see what happens next. Because it’s possible that nothing will happen, and that might break me.","David Levithan","reflection,life","<i>Invisibility</i>"
"There has to be a moment at the beginning when you wonder whether you’re in love with the person or in love with the feeling of love itself.","David Levithan","love,time","<i>The Lover's Dictionary</i>"
"Even when I detach, I care. You can be separate from a thing and still care about it.","David Levithan","reflection,life","<i>The Lover's Dictionary</i>"
"Our Father refreshes us on the journey with some pleasant inns, but will not encourage us to mistake them for home.","C.S. Lewis","family,home","<i>The Problem of Pain</i>"
"To be eaten and to be married to the god might not be so different.","C.S. Lewis","faith,reflection","<i>Till We Have Faces: A Myth Retold</i>"
"Holy places are dark places. It is life and strength, not knowledge and words, that we get in them. Holy wisdom is not clear and thin like water, but thick and dark like blood.","C.S. Lewis","nature,life,courage,wisdom","<i>Till We Have Faces: A Myth Retold</i>"
"I feel like a time traveler:
June, July, August.
Summer dissolves in my mouth
and I can’t remember what it tasted like.","Zoë Lianne","time,memory","‘Erasure’"
"When I was about 20 years old, I met an old pastor’s wife who told me that when she was young and had her first child, she didn’t believe in striking children, although spanking kids with a switch pulled from a tree was standard punishment at the time. But one day, when her son was four or five, he did something that she felt warranted a spanking – the first in his life. She told him that he would have to go outside himself and find a switch for her to hit him with.","Astrid Lindgren","family,time,nature,life","1978 Peace Prize Acceptance Speech"
"The boy was gone a long time. And when he came back in, he was crying. He said to her, ‘Mama, I couldn’t find a switch, but here’s a rock that you can throw at me.’","Astrid Lindgren","time,reflection","1978 Peace Prize Acceptance Speech"
"All of a sudden the mother understood how the situation felt from the child’s point of view: that if my mother wants to hurt me, then it makes no difference what she does it with; she might as well do it with a stone.","Astrid Lindgren","pain,family","1978 Peace Prize Acceptance Speech"
"And the mother took the boy into her lap and they both cried. Then she laid the rock on a shelf in the kitchen to remind herself forever: never violence. And that is something I think everyone should keep in mind. Because if violence begins in the nursery one can raise children into violence.","Astrid Lindgren","family,war,violence","1978 Peace Prize Acceptance Speech"
"Isn’t everything we do in life a way to be loved a little more?","Richard Linklater","life,reflection","<i>Before Sunrise</i>, 1995"
"And so she had lain on the earth, resting her entire body until she was absorbed by God.","Clarice Lispector","nature,body,faith","<i>An Apprenticeship, or, The Book of Delights</i>, 1973"
"It’s uncomfortable being two: me for me and me for others.","Clarice Lispector","reflection,life","<i>A Breath of Life</i>, 1978"
"I think we have to do forbidden things — otherwise we suffocate.","Clarice Lispector","reflection,life","<i>A Breath of Life</i>, 1978"
"I am troubled and harsh and hopeless. Though I have love inside me. But I don’t know how to use love. Sometimes it scratches like barbs.","Clarice Lispector","love,hope","<i>The Stream of Life</i>, 1973"
"She knows what she wants: she wants to remain standing still in the sea. And so she remains. The woman neither receives nor transmits. She does not need to communicate. She knows that she is gleaming from the water, the salt and the sun. In some obscure way her dripping hair is like that of a shipwrecked person.","Clarice Lispector","cosmos,nature,women","<i>The Stream of Life</i>, 1973"
"I am always remote from myself, I am unreachable to myself just as a star is unreachable for me. I contort myself to be able to touch the present time that surrounds me, but I remain remote in relation to this very instant itself. The future, God help me, is closer to me than the present instant.","Clarice Lispector","time,cosmos,faith","<i>The Passion According to G.H.</i>, 1964"
"Because she couldn’t tell an iamb apart from the Lamb; because she smelled of soap and sunlight; because when she told him she would go look at stars with him she really meant it; because when he made fun of people who said ‘irregardless,’ she made him look it up in a dictionary so that he learned that it really was a word; because he knew that he could always tell when she would laugh a fraction of a second before she did.","Ken Liu","cosmos,reflection","<i>Single-Bit Error</i>"
"I had another feeling, that the earth is like a vibrant living thing. The vessels we’ve clearly seen on it looked like the blood and veins of human beings. I said to myself: this is the place we live, it’s really magical.","Yang Liu","nature,life","as cited by David B. Yaden in <i>The Overview Effect: Awe and Self-Transcendent Experience in Space Flight</i>"
"Give what you have. To someone, it may be better than you dare to think.","Henry Wadsworth Longfellow","reflection,life","<i>Kavanagh: A Tale</i>, 1849"
"A thousand butterfly skeletons sleep within my walls.","Federico García Lorca","reflection,life","‘Hour of Stars’"
"All in this world has broken. All that’s left is silence. (Leave me in this field weeping.)","Federico García Lorca","silence,reflection","<i>Lorca: Selected Poems</i>, ‘La Soleá’"
"The jasmine is a water without blood, and the girl a nocturnal branch across the pavement, infinitely dark.","Federico García Lorca","nature,women","‘Qasida of the Dream of Open Air’"
"I used to think rewatching and rereading were embarrassingly boring pastimes. But there is something to be said for how comforting it is to already know what happens. There is no such luxury in real life.","Emery Lord","life,reflection","<i>The Start of Me and You</i>"
"You cannot use someone else’s fire; you can only use your own. And in order to do that, you must first be willing to believe you have it.","Audre Lorde","reflection,life",""
"What are the words you do not yet have? What do you need to say? What are the tyrannies you swallow day by day and attempt to make your own, until you will sicken and die of them, still in silence?","Audre Lorde","death,silence","<i>I Am Your Sister: Collected and Unpublished Writings of Audre Lorde</i>, ‘The Transformation of Silence into Language and Action’"
"I am deliberate and afraid of nothing.","Audre Lorde","fear,reflection","‘New Year's Day’"
"As soon as a challenge was overcome, it ceased to be a challenge, becoming the expected and ordinary rather than something I had achieved with difficulty, and could, therefore, be justly proud of. I could not own my own triumphs, nor give myself credit for them.","Audre Lorde","identity,reflection","<i>Zami: A New Spelling of My Name</i>"
"Jessica has a forehead scar from the deep end of a pool. I ask Jessica what drowning feels like and she says not everything feels like something else.","Angie Sijun Lou","reflection,life","<a href=""https://www.muzzlemagazine.com/angie-sijun-lou.html"">Jessica gives me a chill pill</a>"
"Sadly, it’s much easier to create a desert than a forest.","James Lovelock","reflection,life","<i>Gaia: Medicine for an Ailing Planet</i>"
"You are valuable because you exist. Not because of what you do or what you have done but simply because you are.","Max Lucado","life,reflection","<i>You'll Get Through This: Hope and Help for Your Turbulent Times</i>"
"What I also mean to say is that I recognize the focus. The impulse to know someone else before you reveal yourself. The impulse to know someone else because you have never been asked to reveal yourself. The impulse to know someone else because otherwise, you do not know yourself. The impulse to know someone else because you are self-conscious of your whole self, the one that fills up too many rooms, so much space. The impulse to hide how much space you need. The impulse to hide what you need.","Yanyi Luo","identity,reflection","<a href=""https://granta.com/two-poems-yanyi/"">Dependence</a>, 2019"
"You could rattle the stars. You could do anything, if only you dared. And deep down, you know it too. That’s what scares you the most.","Sarah J. Maas","cosmos,reflection","<i>Throne of Glass</i>"
"It is a common delusion that you make things better by talking about them.","Rose Macaulay","reflection,life",""
"To be trusted is a greater compliment than to be loved.","George Macdonald","reflection,life","<i>The Marquis of Lossie</i>, 1877"
"Yes, for myself alone I bloom, in isolation!","Stéphane Mallarmé","loneliness,reflection","<i>Collected Poems and Other Verse</i>, ‘The Nurse and Herodias’"
"There is not enough of me left for myself.","Osip Mandelstam","reflection,life","‘The Horseshoe Finder’"
"Oh, I could weep like a child because there are so many flowers and my lap is so small and all must be carried home…","Katherine Mansfield","nature,home","in a letter to John Middleton Murry"
"A lie is more comfortable than doubt, more useful than love, more lasting than truth.","Gabriel García Márquez","love,truth","<i>The Autumn of the Patriarch</i>, 1996"
"There is no shame in fear… what matters is how we face it.","George R.R. Martin","fear,reflection","<i>A Clash of Kings</i>"
"When you tear out a man's tongue, you are not proving him a liar, you're only telling the world that you fear what he might say.","George R.R. Martin","fear,reflection","<i>A Clash of Kings</i>"
"Sorcery is the sauce fools spoon over failure to hide the flavor of their own incompetence.","George R.R. Martin","reflection,life","<i>A Clash of Kings</i>"
"A good act does not wash out the bad, nor a bad act the good. Each should have its own reward.","George R.R. Martin","reflection,life","<i>A Clash of Kings</i>"
"The brightest flame casts the darkest shadows.","George R.R. Martin","reflection,life","<i>A Clash of Kings</i>"
"Love is poison. A sweet poison, yes, but it will kill you all the same.","George R.R. Martin","love,reflection","<i>A Clash of Kings</i>"
"People often claim to hunger for truth, but seldom like the taste when it's served up.","George R.R. Martin","truth,reflection","<i>A Clash of Kings</i>"
"So many vows… they make you swear and swear. Defend the king. Obey the king. Keep his secrets. Do his bidding. Your life for his. But obey your father. Love your sister. Protect the innocent. Defend the weak. Respect the gods. Obey the laws. It's too much. No matter what you do, you're forsaking one vow or the other.","George R.R. Martin","love,family,life","<i>A Clash of Kings</i>"
"Tears… The woman's weapon, my lady mother used to call them. The man's weapon is a sword. And that tells us all you need to know, doesn't it?","George R.R. Martin","family,women","<i>A Clash of Kings</i>"
"Words are like arrows. Once loosed, you cannot call them back.","George R.R. Martin","reflection,life","<i>A Feast for Crows</i>"
"‘Can a man still be brave if he's afraid?’ ‘That is the only time a man can be brave.’","George R.R. Martin","fear,time,courage","<i>A Game of Thrones</i>"
"If you would take a man’s life, you owe it to him to look into his eyes and hear his final words. And if you cannot bear to do that, then perhaps the man does not deserve to die.","George R.R. Martin","death,life","<i>A Game of Thrones</i>"
"A ruler who hides behind paid executioners soon forgets what death is.","George R.R. Martin","death,reflection","<i>A Game of Thrones</i>"
"Never forget what you are, for surely the world will not. Make it your strength. Then it can never be your weakness. Armor yourself in it, and it will never be used to hurt you.","George R.R. Martin","pain,memory,courage","<i>A Game of Thrones</i>"
"Death is so terribly final, while life is full of possibilities.","George R.R. Martin","death,life","<i>A Game of Thrones</i>"
"A mind needs books as a sword needs a whetstone, if it is to keep its edge.","George R.R. Martin","art,reflection","<i>A Game of Thrones</i>"
"We all need to be mocked from time to time, lest we start to take ourselves too seriously.","George R.R. Martin","time,reflection","<i>A Game of Thrones</i>"
"There are no heroes… In life, the monsters win.","George R.R. Martin","life,reflection","<i>A Game of Thrones</i>"
"All men are fools, if truth be told, but the ones in motley are more amusing than ones with crowns.","George R.R. Martin","truth,reflection","<i>A Storm of Swords</i>"
"One voice may speak you false, but in many there is always truth to be found.","George R.R. Martin","truth,reflection","<i>A Storm of Swords</i>"
"In the world as I have seen it, no man grows rich by kindness.","George R.R. Martin","reflection,life","<i>A Storm of Swords</i>"
"It seems to me that a queen who trusts no one is as foolish as a queen who trusts everyone.","George R.R. Martin","reflection,life","<i>A Storm of Swords</i>"
"When the sun has set, no candle can replace it.","George R.R. Martin","cosmos,reflection","<i>A Storm of Swords</i>"
"When I look back upon my path, I realize my one consistent motif in my work was my obsession for small things. I feel joy when I discover seemingly insignificant things that may be easily overlooked.","Yamamoto Masao","joy,work","<i>Small Things in Silence</i>"
"You will either step forward into growth, or you will step backward into safety.","Abraham Maslow","change,reflection",""
"Once my mother said to me,
she said: ‘you’re going to fall for men like your father;
I’m sorry—’","Trista Mateer","family,reflection","<a href=""https://poisonmewithwords.wordpress.com/2016/06/19/i-am-a-runner/"">I Am A Runner</a>"
"and I wanted to ask her if that meant I would fall for a fighter
and a hard fist and a fast car,
boys on motorcycles,
people who ran from their problems,
midnight phone calls from the beds of other women,
slippery mouths with tongues that twisted truth like cherry stems","Trista Mateer","truth,women","<a href=""https://poisonmewithwords.wordpress.com/2016/06/19/i-am-a-runner/"">I Am A Runner</a>"
"or if that meant I might just be comfortable with absence.","Trista Mateer","reflection,life","<a href=""https://poisonmewithwords.wordpress.com/2016/06/19/i-am-a-runner/"">I Am A Runner</a>"
"A sick thought can devour the body’s flesh more than fever or consumption.","Guy de Maupassant","body,reflection","<i>Le Horla et autres contes fantastiques</i>"
"I still make the sign
of the cross when
I hear your name.","J. McCann","reflection,life","<a href=""http://medeae.tumblr.com/post/111147353791/i-you-want-to-paint-the-scene-all-reds-and"">Unholy</a>"
"There is an ugly name for those who do things the hard way.","American McGee","reflection,life","<i>American McGee's Alice</i>"
"When the storm rips you to pieces, you get to decide how to put yourself back together again.","Bryant McGill","reflection,life","<i>Simple Reminders: Inspiration for Living Your Best Life</i>"
"Do not be too quick to condemn the man who no longer believes in God; for it is perhaps your own coldness and avarice and mediocrity and materialism and selfishness that have chilled his faith.","Thomas Merton","faith,reflection","<i>My Argument With the Gestapo</i>, 1968"
"If you want to identify me, ask me not where I live, or what I like to eat, or how I comb my hair, but ask me what I am living for, in detail, ask me what I think is keeping me from living fully for the thing I want to live for.","Thomas Merton","life,desire","<i>New Seeds of Contemplation</i>, 1963"
"All through the dark the wind looks for the grief it belongs to.","W.S. Merwin","grief,nature","‘Night Wind’"
"And later, when I began to write down the events of my childhood in a language foreign to their happening, it was a revelation. English could protect me; an alphabet without memory.","Anne Michaels","memory,art","<i>Fugitive Pieces</i>"
"A song from another time survived with me. It follows me wherever I go.","Dunta Mikhail","time,music","<i>The Iraqi Nights</i>, ‘Song from Another Time’"
"We sit in each other’s souls.","Edna St. Vincent Millay","soul,reflection","in a letter to Witter Bynner"
"Nobody speaks to me. People fall in love with me, and annoy me and distress me and flatter me and excite me and all that sort of thing. But no one speaks to me. I sometimes think that no one can. Can you?","Edna St. Vincent Millay","love,reflection","as cited by Daniel Mark Epstein in <i>What Lips My Lips Have Kissed: The Loves and Love Poems of Edna St. Vincent Millay</i>"
"I think we dream so we don’t have to be apart for so long. If we’re in each other’s dreams, we can be together all the time.","A.A. Milne","time,dreams","<i>Winnie-the-Pooh</i>"
"I used to believe in forever, but forever’s too good to be true.","A.A. Milne","reflection,life","<i>Winnie-the-Pooh</i>"
"If you live to be a hundred, I want to live to be a hundred minus one day so I never have to live without you.","A.A. Milne","desire,reflection","<i>Winnie-the-Pooh</i>"
"If ever there is tomorrow when we’re not together… there is something you must always remember. You are braver than you believe, stronger than you seem, and smarter than you think. But the most important thing is, even if we’re apart… I’ll always be with you.","A.A. Milne","memory,reflection","<i>Winnie-the-Pooh</i>"
"Forever isn’t long at all, as long as I’m with you.","A.A. Milne","reflection,life","<i>Winnie-the-Pooh</i>"
"How lucky I am to have something that makes saying goodbye so hard.","A.A. Milne","reflection,life","<i>Winnie-the-Pooh</i>"
"Some people care too much. I think it’s called love.","A.A. Milne","love,reflection","<i>Winnie-the-Pooh</i>"
"It’s not that anyone else has isolated me, but I have happily isolated myself. When I am alone, I feel natural, truthful, and at ease. Still, I feel I am not isolated enough, so I want to film more pure states of isolation. Perhaps true isolation is true freedom.","Tsai Ming-Liang","loneliness,freedom,desire","in an interview (<a href=""https://bombmagazine.org/articles/tsai-ming-liang/"">x</a>)"
"They say you don’t get over someone until you find someone or something better. As humans, we don’t deal well with emptiness. Any empty space must be filled. Immediately. The pain of emptiness is too strong. It compels the victim to fill that place. A single moment with that empty spot causes excruciating pain. That’s why we run from distraction to distraction and from attachment to attachment.","Yasmin Mogahed","pain,time,courage","<a href=""http://www.yasminmogahed.com/2012/03/01/fall-in-love-with-the-real-thing/"">Fall in Love with the Real Thing</a>"
"And I dream too much
and I don’t write enough
and I’m trying to find God everywhere.","Anis Mojgai","dreams,art,faith","‘For Those Who Can Still Ride in an Airplane For the First Time’"
"‘Dear old world’, she murmured, ‘you are very lovely, and I am glad to be alive in you.’","L.M. Montgomery","life,reflection","<i>Anne of Green Gables</i>"
"You are beautiful because you let yourself feel, and that is a brave thing indeed.","Shinji Moon","courage,beauty","<i>The Anatomy of Being</i>"
"There is a face beneath this mask, but it isn’t me. I am no more that face than I am the muscles beneath it, or the bones beneath that.","Steve Moore","reflection,life","<i>V for Vendetta</i>"
"Edit your life frequently and ruthlessly. It’s your masterpiece, after all.","Nathan W. Morris","life,reflection",""
"I touched her thigh and death smiled.","Jim Morrison","death,reflection","<a href=""https://genius.com/Jim-morrison-an-american-prayer-lyrics"">An American Prayer</a>"
"It’s funny, in a human kind of way, how we can convince ourselves that we’re in control at the very moment we are beginning to lose it.","William C. Moyers","time,power","<i>Broken: My Story of Addiction and Redemption</i>, 2007"
"But this body
is home, my childhood
is buried here, my sleep
rises and sets inside,
desire
crested and wore itself thin
between these bones -
I live here.","Lisel Mueller","body,desire,home","<a href=""https://www.poetryfoundation.org/poetrymagazine/browse?contentId=30674"">A Nude by Edward Hopper</a>, July 1967"
"From my rotting body, flowers shall grow and I am in them and that is eternity.","Edvard Munch","nature,body,change","as cited by William Thompson and Kim Sorvig in <i>Sustainable Landscape Construction: A Guide to Green Building Outdoors</i>"
"In a sense, I’m the one who ruined me. I did it myself.","Haruki Murakami","reflection,life","<i>1Q84</i>"
"Violence does not always take visible form, and not all wounds gush blood.","Haruki Murakami","pain,war,violence","<i>1Q84</i>"
"You can keep as quiet as you like, but one of these days somebody is going to find you.","Haruki Murakami","silence,reflection","<i>1Q84</i>"
"We cannot simply sit and stare at our wounds forever.","Haruki Murakami","pain,reflection","<i>1Q84</i>"
"I used to think the years would go by in order, that you get older one year at a time. But it’s not like that. It happens overnight.","Haruki Murakami","time,reflection","<i>Dance Dance Dance</i>"
"And you really will have to make it through that violent, metaphysical, symbolic storm. No matter how metaphysical or symbolic it might be, make no mistake about it: it will cut through flesh like a thousand razor blades. People will bleed there, and you will bleed too. Hot, red blood. You’ll catch that blood in your hands, your own blood and the blood of others.","Haruki Murakami","body,violence","<i>Kafka on the Shore</i>"
"And once the storm is over you won’t remember how you made it through, how you managed to survive. You won’t even be sure, in fact, whether the storm is really over. But one thing is certain. When you come out of the storm you won’t be the same person who walked in. That’s what this storm’s all about.","Haruki Murakami","memory,reflection","<i>Kafka on the Shore</i>"
"My point is: in this whole wide world the only person you can depend on is you.","Haruki Murakami","reflection,life","<i>Kafka on the Shore</i>"
"If you only read the books that everyone else is reading, you can only think what everyone else is thinking.","Haruki Murakami","art,reflection","<i>Norwegian Wood</i>"
"I’m not totally mad at you. I’m just sad. You’re all locked up in that little world of yours, and when I try knocking on the door, you just sort of look up for a second and go right back inside.","Haruki Murakami","sadness,reflection","<i>Norwegian Wood</i>"
"I have a million things to talk to you about. All I want in this world is you. I want to see you and talk. I want the two of us to begin everything from the beginning.","Haruki Murakami","desire,reflection","<i>Norwegian Wood</i>"
"We’re all kind of weird and twisted and drowning.","Haruki Murakami","reflection,life","<i>Norwegian Wood</i>"
"I want you always to remember me. Will you remember that I existed, and that I stood next to you here like this?","Haruki Murakami","memory,desire","<i>Norwegian Wood</i>"
"Sometimes I feel like a caretaker of a museum — a huge, empty museum where no one ever comes, and I’m watching over it for no one but myself.","Haruki Murakami","reflection,life","<i>Pinball, 1973</i>"
"What really hurts, though, is that I want to tell you everything — absolutely everything — but I just can’t do it. I can’t tell you exactly how I feel.","Haruki Murakami","pain,desire","<i>The Wind-Up Bird Chronicle</i>"
"I do not care who I was before I came to be myself. I am no one but myself. That is the only truth.","Shūkō Murase","truth,reflection","<i>Ergo Proxy</i>, 2006"
"I just can’t live an ordinary life, I can’t pass the time. I can’t organise myself, I don’t have ordinary motives anymore. I can’t even manage my body, when I go to bed I don’t know where to put my arms.","Iris Murdoch","time,body,life","<i>The Green Knight</i>"
"Think lightly of yourself and deeply of the world.","Miyamoto Musashi","reflection,life","<i>The Book of Five Rings</i>"
"You can only fight the way you practice.","Miyamoto Musashi","reflection,life","<i>Dokkōdō</i>"
"I dreamt of you last night — as if I was playing the piano and you were turning the pages for me.","Vladimir Nabokov","reflection,life","in a letter to Véra Nabokov, 12 January 1924"
"In my dreams the world would come alive, becoming so captivatingly majestic, free and ethereal, that afterwards it would be oppressive to breathe the dust of this painted life.","Vladimir Nabokov","freedom,dreams,identity,life","<i>Invitation to a Beheading</i>"
"She was all rose and honey.","Vladimir Nabokov","reflection,life","<i>Lolita</i>"
"Loneliness as a situation can be corrected, but as a state of mind it is an incurable illness.","Vladimir Nabokov","loneliness,reflection","<i>The Stories of Vladimir Nabokov</i>"
"The only way to truly escape the mundane is for you to constantly be evolving.","Ryōgo Narita","reflection,life","<i>Durarara!!</i>, 2004-2014"
"Sometimes being a friend means mastering the art of timing. There is a time for silence. A time to let go and allow people to hurl themselves into their own destiny. And a time to prepare to pick up the pieces when it’s all over.","Gloria Naylor","friendship,time,silence,art","<i>The Women of Brewster Place</i>, 2005"
"Any fixed claim on realness, especially when it is tied to an identity, has a finger in psychosis.","Maggie Nelson","identity,reflection","<i>The Argonauts</i>, 2015"
"But my words become stained with your love. You occupy everything, you occupy everything.","Pablo Neruda","love,identity","<i>Collected Poetry</i>"
"The sea is working, working in my silence.","Pablo Neruda","nature,silence","<i>Collected Poetry</i>"
"You can cut all the flowers but you cannot keep spring from coming.","Pablo Neruda","nature,reflection","<i>Collected Poetry</i>"
"Life is boring, except for flowers, sunshine, your perfect legs. A glass of cold water when you are really thirsty. The way bodies fit together. Fresh and young and sweet. Coffee in the morning. These are just moments. I struggle with the in-betweens. I just want to never stop loving like there is nothing else to do, because what else is there to do?","Pablo Neruda","time,nature,body,life","<i>Twenty Love Poems and a Song of Despair</i>, 1924"
"When they were together like that, they had been their own private universe, bounded just by themselves, a population of two. They were the world, and the world was them.","Patrick Ness","cosmos,reflection","<i>More Than This</i>"
"‘If I don’t want it – power – then
it won’t hurt when I can’t have it.’
But you can have it. Don’t you feel it?
Some repressed ambition stirring
nauseously inside you. The piece
of Eve’s apple that won’t digest.
The slow monstering of you
when you have to remind
yourself to smile and be nice.
The tiger hinging on its hind legs.
Don’t be grateful. Be ungrateful.
Be on your last nerve. Get ready.","Mindy Nettifee","pain,desire,power","<a href=""https://www.youtube.com/watch?v=i-aD9WrfWTM"">For Young Women Who Don't Consider Themselves Feminists</a>"
"If I have seen further it is only by standing on the shoulders of giants.","Isaac Newton","reflection,life","in a letter to Robert Hooke"
"‘Just kidding’ was exactly what people wrote when they meant every word.","David Nicholls","reflection,life","<i>One Day</i>"
"God, grant me the serenity to accept the things I cannot change,
The courage to change the things I can,
And wisdom to know the difference.","Reinhold Niebuhr","change,courage,wisdom,faith","<i>The Serenity Prayer</i>, c. 1942"
"When we are tired, we are attacked by ideas we conquered long ago.","Friedrich Nietzsche","reflection,life",""
"Our greatest experiences are our quiet moments.","Friedrich Nietzsche","time,silence",""
"People like me love only ghosts. If I ever loved a human being — I would soon go to ruin.","Friedrich Nietzsche","love,reflection","in a letter to Franz Overbeck"
"A thought, even a possibility, can shatter and transform us.","Friedrich Nietzsche","reflection,life","<i>The Complete Works of Friedrich Nietzsche (1911)</i>"
"Look there: how she approaches impatiently over the sea. Do you not feel the thirst and the hot breath of her love? She would suck at the sea and drink its depth into her heights; and the sea’s desire rises toward her with a thousand breasts. It wants to be kissed and sucked by the thirst of the sun; it wants to become air and height and a footpath of light, and itself light.","Friedrich Nietzsche","love,cosmos,nature,identity","<i>Sammlung</i>"
"The lonely one offers his hand too quickly to whomever he encounters.","Friedrich Nietzsche","loneliness,reflection","<i>Thus Spoke Zarathustra</i>"
"I don’t know who I am anymore.
The previous sentence is a lie.
The previous sentence is a lie.","Jackson Nieuwland","truth,identity","<a href=""https://nostroviawriting.wordpress.com/2016/05/19/compulsive-liar-by-jackson-nieuwland/"">Compulsive Liar</a>"
"She answered, ‘I don’t want worship. I want understanding.’","Anaïs Nin","wisdom,desire","<i>The Diary of Anaïs Nin: Vol. 1, 1931-1934</i>"
"You cannot save people, you can only love them.","Anaïs Nin","love,reflection","<i>The Diary Of Anaïs Nin: Vol. 2, 1934-1939</i>"
"I'm restless. Things are calling me away. My hair is being pulled by the stars again.","Anaïs Nin","cosmos,reflection","<i>Fire: From A Journal of Love: the Unexpurgated Diary of Anaïs Nin (1934–1937)</i>"
"He cries, ‘Tell me, tell me what you feel.’ And I cannot. There is blood in my eyes, in my head. Words are drowned.","Anaïs Nin","reflection,life","<i>Henry and June: From A Journal of Love: the Unexpurgated Diary of Anaïs Nin (1931–1932)</i>"
"I am again devouring myself.","Anaïs Nin","reflection,life","<i>Henry and June: From A Journal of Love: the Unexpurgated Diary of Anaïs Nin (1931–1932)</i>"
"I have no longer the strength to act what I do not feel.","Anaïs Nin","courage,reflection","<i>Mirages: The Unexpurgated Diary of Anaïs Nin, 1939-1947</i>"
"My whole being calls for an act of violence, but I still use velvet gloves.","Anaïs Nin","war,violence","<i>Mirages: The Unexpurgated Diary of Anaïs Nin, 1939-1947</i>"
"My God, does love ever die? I ask, and will die asking.","Anaïs Nin","love,death,faith","<i>Nearer the Moon: From a Journal of Love: the Unexpurgated Diary of Anaïs Nin (1937–1939)</i>"
"Does the walker choose the path or the path the walker?","Garth Nix","reflection,life","<i>Sabriel</i>, 1995"
"We all lie to ourselves to be happy.","Christopher Nolan","truth,joy","<i>Memento</i>, 2000"
"Don’t assume your dreams are just fantasy. If you can imagine a world, believe in it… and dive in.","Tetsuya Nomura","dreams,reflection","<i>Kingdom Hearts III</i>"
"Dreams are illustrations from the book your soul is writing about you.","Marsha Norman","dreams,soul,art","<i>The Fortune Teller</i>, 1987"
"You have to really be broken in order to be a poet. It’s a very bad thing to tell a young person, but it’s true. Poetry comes out of all the place where you break.","Alice Notley","art,reflection","in an interview conducted c. October 2015"
"I will search for you after your death, to confront you.
I will pose to you your timelessness and lack of fixity. I will say you have now never won.
I will search for you across heaven, for you marked me when I was indistinct, when I was loving, I say.","Alice Notley","death,reflection","<i>In the Pines</i>, ‘The Black Trailor (A Noir Fiction)’"
"I don't have a plan. I have a voice.","Alice Notley","reflection,life","<i>In the Pines</i>, ‘The Black Trailor (A Noir Fiction)’"
"Occasionally, however, a woman writer is told gravely, ‘You write like a man.’ Since this is the highest accolade, presented as a judgment from above and closed to any further discussion, it would be impolite to ask, ‘Which man? Any man? You?’","Joyce Carol Oates","art,women","<a href=""https://archive.nytimes.com/www.nytimes.com/books/98/07/05/specials/oates-violent.html"">Why Is Your Writing So Violent?</a>"
"What sticks to memory, often, are those odd little fragments that have no beginning and no end…","Tim O'Brien The Things They Carried","memory,reflection","Tim O'Brien <i>The Things They Carried</i>"
"When it was dark, you always carried the sun in your hand for me.","Seán O’Casey","cosmos,reflection","<i>Red Roses for Me</i>"
"When you bring a weapon into this world, you have to take responsibility. It doesn’t matter if you’re the one who pulls the trigger; they still have the power to hurt someone. And that someone could be a person you love.","Eiichiro Oda","love,pain,power","<i>One Piece</i>"
"The Manicheans believed the world was filled with imprisoned light, fragments of a God who destroyed himself because he no longer wished to exist. This light could be found trapped inside man and animals and plants, and the Manichean mission was to try to release it.","Jenny Offill","life,faith","<i>Dept. of Speculation</i>"
"Yesterday seems years ago — even this morning seems years ago.","Georgia O’Keeffe","reflection,life","in a letter to Alfred Stieglitz"
"I have done nothing all summer but wait for myself to be myself again.","Georgia O’Keeffe","reflection,life","in a letter to Russel Vernon Hunter"
"Sometimes people stop loving you. And that’s the kind of darkness that never gets fixed, no matter how many moons rise again…","Lauren Oliver","reflection,life","<i>Vanishing Girls</i>"
"You do not have to be good. You do not have to walk on your knees for a hundred miles through the desert, repenting. You only have to let the soft animal of your body love what it loves. Tell me about despair, yours, and I will tell you mine. Meanwhile the world goes on.","Mary Oliver","love,body","‘Wild Geese’"
"And yet I swear
I love this earth
that scars and scalds,
that burns my feet.","Gregory Orr","love,nature","<i>The Caged Owl: New and Selected Poems</i>, ‘Tin Cup’"
"And even hell is holy.","Gregory Orr","reflection,life","<i>The Caged Owl: New and Selected Poems</i>, ‘Tin Cup’"
"Perhaps one did not want to be loved so much as to be understood.","George Orwell","desire,reflection","<i>1984</i>"
"Who controls the past controls the future. Who controls the present controls the past.","George Orwell","time,reflection","<i>1984</i>"
"Perhaps a lunatic was simply a minority of one.","George Orwell","reflection,life","<i>1984</i>"
"Man is the only creature that consumes without producing. He does not give milk, he does not lay eggs, he is too weak to pull the plough, he cannot run fast enough to catch rabbits. Yet he is lord of all the animals.","George Orwell","reflection,life","<i>Animal Farm</i>"
"I’ve always thought of writing as the opposite of suicide; that writing was about immortality. Defeating death, or at least forestalling it.","Ruth Ozeki","death,art","<i>A Tale for the Time Being</i>"
"Never beg for anything. Earn it. Demand it. Seek it. Never beg for it.","Geraldine Page","reflection,life","as cited by James Grissom in <i>Follies of God: Tennessee Williams and the Women of the Fog</i>"
"I have acid rain in my brain and it’s killing the flowers in my heart.","Marianna Paige","heart,nature","(<a href=""http://mariannapaige.tumblr.com/"">x</a>)"
"We all die. The goal isn’t to live forever. The goal is to create something that will.","Chuck Palahniuk","death,reflection","<i>Diary</i>"
"Your handwriting. The way you walk. Which china pattern you choose. It's all giving you away. Everything you do shows your hand. Everything is a self-portrait. Everything is a diary.","Chuck Palahniuk","identity,reflection","<i>Diary</i>"
"She’s confused and afraid to commit to the wrong thing, so she won’t commit to anything.","Chuck Palahniuk","fear,reflection","<i>Fight Club</i>"
"This is your life and it’s ending one minute at a time.","Chuck Palahniuk","time,life","<i>Fight Club</i>"
"Never lose the childlike wonder. It’s just too important. It’s what drives us.","Randy Pausch","reflection,life","<i>The Last Lecture</i>"
"We cannot change the cards we are dealt, just how we play the hand.","Randy Pausch","change,reflection","<i>The Last Lecture</i>"
"Somewhere in the middle:
a girl falls in love with an angel.
Wings tipped gold and prayers
in their blood-stained kisses.
Even God is laughing now.","M.J. Pearl","love,faith,women","<a href=""http://fairytalesques.tumblr.com/post/109727792485/its-an-old-sort-of-story-a-girl-falls-in-love"">Piety</a>"
"Tonight’s more apricots
and longing, a yellow so red","Emily Pérez","desire,reflection","<i>House of Sugar, House of Stone</i>, 2016: ‘Raveling Round the Lake’"
"an orange inflamed
with warming, oh, to swallow
all that waning sun.","Emily Pérez","cosmos,reflection","<i>House of Sugar, House of Stone</i>, 2016: ‘Raveling Round the Lake’"
"I am hard on myself. But isn’t it better to be honest about these things before someone else can use them against you? Before someone else can break your heart? Isn’t it better to break it yourself?","Stephanie Perkins","heart,truth","<i>Isla and the Happily Ever After</i>, 2015"
"Let me tell you this: if you meet a loner, no matter what they tell you, it’s not because they enjoy solitude. It’s because they have tried to blend into the world before, and people continue to disappoint them.","Jodi Picoult","reflection,life","<i>My Sister's Keeper</i>"
"You don’t need water to feel like you’re drowning, do you?","Jodi Picoult","nature,reflection","<i>Nineteen Minutes</i>"
"August rain: the best of the summer gone, and the new fall not yet born. The odd uneven time.","Sylvia Plath","time,nature","in a diary entry"
"I desire the things which will destroy me in the end.","Sylvia Plath","desire,reflection","in a diary entry"
"November night. Brief note to self: Time to take myself in hand. To build into myself, to give myself backbone, however much I fail.","Sylvia Plath","time,identity","in a diary entry"
"I need a father, I need a mother, I need some older, wiser being to cry to. I talk to God, but the sky is empty.","Sylvia Plath","family,cosmos,faith","in a letter to Richard Sassoon"
"All the noise and music can not cover up the emptiness that lies beneath.","Sylvia Plath","silence,truth,music","in a letter to Hans-Joachim Neupert, c. January 1950"
"I am glad the rain is coming down hard. It’s the way I feel inside.","Sylvia Plath","nature,reflection","in a letter to Aurelia Plath, c. November 1950"
"The silence depressed me. It wasn’t the silence of silence. It was my own silence.","Sylvia Plath","silence,reflection","<i>The Bell Jar</i>"
"I am myself. That is not enough.","Sylvia Plath","reflection,life","<a href=""https://allpoetry.com/The-Jailer"">The Jailer</a>"
"Dying
Is an art, like everything else.
I do it exceptionally well.
I do it so it feels like hell.
I do it so it feels real.","Sylvia Plath","death,art","<a href=""https://www.poetryfoundation.org/poems/49000/lady-lazarus"">Lady Lazarus</a>, 1965"
"There is something about the achingly bright expanse of blue that makes me feel infinitely placid, infinitely calm, infinitely spacious. Something there is about the ceaseless, unperturbed ebb and flow, about the vast masses of green-blue water, that heals all my uneasy questionings and self-searchings.","Sylvia Plath","nature,identity","<i>The Letters of Sylvia Plath Volume 1: 1940-1956</i>"
"The sea… it keeps washing you up like an old bone. And I, on the sky-mirroring, bland sands, find you over and over, lipped like a skate and smiling, with the sound of the sea in your mouth. Angel of coldness, surely it is not I you want so badly.","Sylvia Plath","cosmos,nature,desire","‘The Rival,’ 1961"
"It is the exception that interests the devil.","Sylvia Plath","reflection,life","<a href=""http://www.angelfire.com/tn/plath/3women.html"">Three Women</a>"
"I wasn’t insane until someone touched my heart.","Edgar Allan Poe","heart,madness",""
"All suffering originates from craving, from attachment, from desire.","Edgar Allan Poe","pain,desire",""
"We loved with a love that was more than love.","Edgar Allan Poe","love,reflection","‘Annabel Lee’"
"Years of love have been forgot, in the hatred of a minute.","Edgar Allan Poe","love,reflection","<i>The Hardest Part</i>"
"I grew angry and cursed, with the curse of silence, the river, and the lilies, and the wind, and the forest, and the heaven, and the thunder, and the sighs of the water-lilies.","Edgar Allan Poe","nature,silence","<i>Silence (Siope) — A Fable</i>"
"I know what I have given you… I do not know what you have received.","Antonio Porchia","reflection,life","<i>Voces</i>, 1943"
"The trouble with having an open mind, of course, is that people will insist on coming along and trying to put things in it.","Terry Pratchett","reflection,life","<i>Diggers</i>"
"You couldn’t say, ‘I had orders.’ You couldn’t say, ‘It’s not fair.’ No one was listening. There were no words. You owned yourself.","Terry Pratchett","reflection,life","<i>Feet of Clay</i>"
"Always remember that the crowd that applauds your coronation is the same crowd that will applaud your beheading. People like a show.","Terry Pratchett","memory,reflection","<i>Going Postal</i>"
"Why do you go away? So that you can come back. So that you can see the place you came from with new eyes and extra colors. And the people there see you differently, too. Coming back to where you started is not the same as never leaving.","Terry Pratchett","reflection,life","<i>A Hat Full of Sky</i>"
"Real stupidity beats artificial intelligence every time.","Terry Pratchett","time,reflection","<i>Hogfather</i>"
"She heard him mutter, ‘Can you take away this grief?’
‘I'm sorry,’ she replied. ‘Everyone asks me. And I would not do so even if I knew how. It belongs to you. Only time and tears take away grief; that is what they are for.’","Terry Pratchett","grief,time","<i>I Shall Wear Midnight</i>"
"Evil begins when you begin to treat people as things.","Terry Pratchett","reflection,life","<i>I Shall Wear Midnight</i>"
"It is said that your life flashes before your eyes just before you die. That is true, it’s called Life.","Terry Pratchett","death,life","<i>The Last Continent</i>"
"Light thinks it travels faster than anything but it is wrong. No matter how fast light travels, it finds the darkness has always got there first, and is waiting for it.","Terry Pratchett","reflection,life","<i>Reaper Man</i>"
"What have I always believed? That on the whole, and by and large, if a man lived properly, not according to what any priests said, but according to what seemed decent and honest inside, then it would, at the end, more or less, turn out all right.","Terry Pratchett","truth,reflection","<i>Small Gods</i>"
"It is vital to remember who you really are. It’s very important. It isn’t a good idea to rely on other people or things to do it for you, you see. They always get it wrong.","Terry Pratchett","memory,reflection","<i>Sourcery</i>"
"You can’t go around building a better world for people. Only people can build a better world for people. Otherwise it’s just a cage.","Terry Pratchett","reflection,life","<i>Witches Abroad</i>"
"It may help to understand human affairs to be clear that most of the great triumphs and tragedies of history are caused, not by people being fundamentally good or fundamentally bad, but by people being fundamentally people.","Terry Pratchett and Neil Gaiman","wisdom,reflection","<i>Good Omens</i>"
"She was beautiful, but she was beautiful in the way a forest fire was beautiful: something to be admired from a distance, not up close.","Terry Pratchett and Neil Gaiman","beauty,reflection","<i>Good Omens</i>"
"I don’t see why it matters what is written. Not when it’s about people. It can always be crossed out.","Terry Pratchett and Neil Gaiman","reflection,life","<i>Good Omens</i>"
"Love is a reciprocal torture.","Marcel Proust","love,reflection","<i>In Search of Lost Time / Remembrance of Things Past Vol II: Within a Budding Grove</i>, 1919"
"Happiness is beneficial for the body, but it is grief that develops the power of the mind.","Marcel Proust","grief,body,joy,power","<i>In Search of Lost Time / Remembrance of Things Past Vol. VII: The Past Recaptured</i>, 1927"
"You cannot change what you are, only what you do.","Philip Pullman","change,reflection","<i>The Golden Compass</i>"
"If it weren’t for the tears on your cheeks, I’d say you were a monster like me.","H.C.R.","reflection,life","<a href=""http://bctrogues.tumblr.com/post/107820989932/ill-hold-you-by-the-throat-love-ill-sink-my"">52 Writings, #2</a>"
"All this time I drank you like the cure, when maybe, you were the poison.","Clementine Von Radics","time,reflection","<i>Home</i>, ‘All This Time’"
"We are not in love. Not the way I’ve been told being in love feels like. But we have been sleeping beside each other for so many nights and I am the most beautiful doormat you have ever walked over.","Clementine Von Radics","love,beauty","<i>Home</i>, ‘This Is How We Lose Ourselves’"
"I found the rooms between the violence of comets. I threw myself into anything’s path. Even the sky bent around me. How lonely to be something that nothing wants to kill.","Jeremy Radin","loneliness,war,cosmos,violence","<a href=""http://columbiajournal.org/5-poems-by-jeremy-radin/"">So I Locked Myself Inside a Star for Twenty Years</a>"
"I think, in the poems, we must continually mine what it is we think we can’t say, what it is we think might get us killed. Because it actually might be the thing that keeps us alive, that gives us life. Taking that risk.","Roger Reeves","life,reflection","in an interview (<a href=""http://www.divedapper.com/interview/roger-reeves/"">x</a>)"
"The day that I lost all feeling
I was both a Fool and a Goddess.","Pam Rehm","grief,reflection","<a href=""https://www.poetryfoundation.org/poems/52169/acts-of-vexation"">Acts of Vexation</a>"
"The sea is a dangerous place because it makes you believe in forever.","Beth Revis","nature,reflection","<i>The Body Electric</i>"
"I hate trying to sleep because it’s so silent.
I hate the silence because it makes me think.
I hate thinking because then, I’ll start overthinking.
I hate overthinking because it makes me anxious and nervous.
And I’d end up crying because of the fear.
But I like crying.
Because it exhausts me, and eventually I’ll cry myself to sleep.
And I like sleeping.
Because it feels like dying for a few hours.","Lea Reyes","death,fear,silence","(<a href=""http://save-yourself-stay-alive.tumblr.com/post/158148637823/i-hate-trying-to-sleep-because-its-so-silent-i"">x</a>)"
"So, do it. Decide. Is this the life you want to live? Is this the person you want to love? Is this the best you can be? Can you be stronger? Kinder? More compassionate? Decide. Breathe in. Breathe out and decide.","Shonda Rhimes","love,life,desire","<i>Grey's Anatomy</i>, 2013: ‘Seal Our Fate’"
"The world changes, we do not, therein lies the irony that kills us.","Anne Rice","truth,reflection","<i>Interview with the Vampire</i>"
"Do you know what it means to have Death know your name?","Anne Rice","death,reflection","<i>Interview with the Vampire</i>"
"Don’t bend; don’t water it down; don’t try to make it logical; don’t edit your own soul according to the fashion. Rather, follow your most intense obsessions mercilessly.","Anne Rice","nature,soul","<i>The Metamorphosis, In the Penal Colony and Other Stories</i> [Forward]"
"I want to call this, life.
But I can’t call it life until we start to move
beyond this secret circle of fire
where our bodies are giant shadows flung on a wall
where the night becomes our inner darkness, and sleeps
like a dumb beast, head on her paws, in the corner.","Adrienne Rich","body,life,desire","<i>The Dream of a Common Language</i>, 1978: <a href=""http://blackasacrowswing.blogspot.com/2007/06/origins-and-history-of-consciousness.html"">Origins and History of Consciousness</a>"
"A thinking woman sleeps with monsters.","Adrienne Rich","women,reflection","<a href=""http://poems.com/special_features/prose/essay_hacker3.php"">Snapshots of a Daughter-in-Law</a>"
"To write as if your life depended on it: to write across the chalkboard, putting up there in public words you have dredged, sieved up from dreams, from behind screen memories, out of silence — words you have dreaded and needed in order to know you exist.","Adrienne Rich","memory,dreams,silence,art","<i>What is Found There: Notebooks on Poetry and Politics</i>, 1993: ‘As if Your Life Depended on It’"
"Our task is to take this earth so deeply and wholly into ourselves that it will resurrect within our being.","Rainer Maria Rilke","nature,reflection","in a letter to Witold Hulewicz"
"I love the dark hours of my being. My mind deepens into them.","Rainer Maria Rilke","love,reflection","<a href=""https://dailypoetry.me/rilke/the-dark-hours-of-my-being/"">The Dark Hours of My Being</a>"
"You needed your whole self: you went and broke yourself, in pieces, out of its control, painfully, out, because you needed yourself.","Rainer Maria Rilke","identity,power","<i><a href=""https://www.scribd.com/document/101968618/Rainer-Maria-Rilke-Selected-Poems"">Selected Poems</a></i>, ‘Requiem for a Friend’"
"The trees you planted in childhood have grown too heavy. You cannot bring them along. Give yourselves to the air, to what you cannot hold.","Rainer Maria Rilke","nature,reflection","<a href=""https://www.sonnetstoorpheus.com/book1_4.html"">Sonnets to Orpheus, IV</a>"
"And from then on I bathed in the Poem Of the Sea, infused with stars and lactescent, devouring the azure verses;","Arthur Rimbaud","cosmos,nature","<a href=""https://www.poetryfoundation.org/poems/55036/the-drunken-boat"">The Drunken Boat</a>"
"A thousand dreams within me softly burn.","Arthur Rimbaud","dreams,reflection","‘Evening Prayer’"
"My heart has been stabbed by grace.","Arthur Rimbaud","heart,reflection","<i>A Season in Hell</i>"
"Never forget that softness is strength, unflinching against the knife, and it is also the knife.","Jess Rizkallah","memory,courage","<i>The Magic My Body Becomes: Poems</i>, ‘Ghada says’"
"Unhappiness is the ultimate form of self-indulgence.","Tom Robbins","identity,reflection","<i>Jitterbug Perfume</i>"
"The gods do not limit men. Men limit men.","Tom Robbins","reflection,life","<i>Jitterbug Perfume</i>"
"I don’t want salvation, I want life, all of life, the miserable as well as the superb.","Tom Robbins","life,desire","<i>Jitterbug Perfume</i>"
"And it is divine authority, is it not, that insists that we must die? That grants us consciousness for a few decades, then, no matter how gloriously we have used it, snatches it away? Surely the human race committed some heinous atavistic crime for the gods to inflict it with mortality, as they have; and isn’t it a worsening of our crime, a compounding of our guilt, to try to escape our just punishment?","Tom Robbins","death,reflection","<i>Jitterbug Perfume</i>"
"The universe does not have laws. It has habits. And habits can be broken.","Tom Robbins","cosmos,reflection","<i>Jitterbug Perfume</i>"
"Maybe it is that I long not for the perfect but for the complete, and there is something incomplete about a life that is dedicated to escape from life.","Tom Robbins","life,reflection","<i>Jitterbug Perfume</i>"
"The price of self-destiny is never cheap, and in certain situations it is unthinkable. But to achieve the marvelous, it is precisely the unthinkable that must be thought.","Tom Robbins","identity,reflection","<i>Jitterbug Perfume</i>"
"If you lack the iron and fizz to take control of your own life, if you insist on leaving your fate to the gods, then the gods will repay your weakness by having a grin or two at your expense.","Tom Robbins","life,power","<i>Jitterbug Perfume</i>"
"A sense of humor, properly developed, is superior to any religion so far devised.","Tom Robbins","faith,reflection","<i>Jitterbug Perfume</i>"
"Perhaps the most terrible thing that can happen to an imaginative youth, aside from the curse of imagination itself, is to be exposed without preparation to the life outside his or her own sphere — the sudden revelation that there is a there out there.","Tom Robbins","life,reflection","<i>Jitterbug Perfume</i>"
"To eliminate the agitation and disappointment of desire, we need but awaken to the fact that we have everything we want and need right now.","Tom Robbins","desire,reflection","<i>Jitterbug Perfume</i>"
"Our individuality is all, all, that we have. There are those who barter it for security, those who repress it for what they believe is the betterment of the whole society, but blessed in the twinkle of the morning star is the one who nurtures it and rides it, in grace and love and wit, from peculiar station to peculiar station along life’s bittersweet route.","Tom Robbins","love,cosmos,life","<i>Jitterbug Perfume</i>"
"She needed help, but God was in a meeting whenever she rang.","Tom Robbins","faith,reflection","<i>Jitterbug Perfume</i>"
"Birth and death were easy. It was life that was hard.","Tom Robbins","death,life","<i>Jitterbug Perfume</i>"
"There is a comfort in conformity, a security in control, that is appealing. There is a thrill in domination, and we are all of us secretly attracted to violence.","Tom Robbins","war,power,violence","<i>Jitterbug Perfume</i>"
"The immortals are gone. Now we are the immortals.","Tom Robbins","reflection,life","<i>Jitterbug Perfume</i>"
"If you could only sense how important you are to the lives of those you meet; how important you can be to the people you may never even dream of. There is something of yourself that you leave at every meeting with another person.","Fred Rogers","dreams,reflection","as cited in <i>The World According to Mister Rogers: Important Things to Remember</i>, 2004"
"I know you’ll never love me, but maybe you’ll stay for a little while.","Henry Rollins","love,reflection","<i>Solipsist</i>"
"Since I was young, I have always known this: life damages us, every one. We can’t escape that damage. But now, I am also learning this: we can be mended. We mend each other.","Veronica Roth","life,reflection","<i>Allegiant</i>, 2013"
"I just want to break that song into pieces and love them all to death.","Rainbow Rowell","love,death,music,desire","<i>Eleanor &amp; Park</i>, 2012"
"If you’re happy in a dream… does that count? The happiness – does it count?","Arundhati Roy","dreams,joy","<i>The God of Small Things</i>"
"Yesterday I was clever, so I wanted to change the world. Today I am wise, so I am changing myself.","Rumi","change,wisdom","as cited in <i>The Essential Rumi</i>, 1995, translated by Coleman Barks"
"Stop acting so small. You are the universe in ecstatic motion.","Rumi","cosmos,reflection","as cited in <i>The Essential Rumi</i>, 1995, translated by Coleman Barks"
"But listen to me: for one moment, quit being sad. Hear blessings dropping their blossoms around you.","Rumi","sadness,time","as cited in <i>The Essential Rumi</i>, 1995, translated by Coleman Barks"
"Sleep. Those little slices of death. How I loathe them.","Chuck Russel","death,reflection","<i>A Nightmare on Elm Street 3: Dream Warriors</i>, 1987 (misattributed to Edgar Allan Poe)"
"I think too much. I think ahead. I think behind. I think sideways. I think it all. If it exists, I’ve fucking thought of it.","Winona Ryder","reflection,life","in an interview (<a href=""https://www.rollingstone.com/movies/movie-features/interview-winona-ryder-64096/"">x</a>)"
"The problem with my life was that it was someone else’s idea.","Benjamin Alire Saenz","life,reflection","<i>Aristotle and Dante Discover the Secrets of the Universe</i>"
"The universe is a pretty big place. If it’s just us, seems like an awful waste of space.","Carl Sagan","cosmos,reflection","<i>Contact</i>"
"The sky calls to us. If we do not destroy ourselves, we will one day venture to the stars.","Carl Sagan","cosmos,reflection","<i>Cosmos: A Personal Voyage</i>"
"Imagination will often carry us to worlds that never were, but without it we go nowhere.","Carl Sagan","reflection,life","<i>Cosmos: A Personal Voyage</i>"
"Every star may be a sun to someone.","Carl Sagan","cosmos,reflection","<i>Cosmos: A Personal Voyage</i>"
"We might get away with it for a while, but sooner or later this combustible mixture of ignorance and power is going to blow up in our faces.","Carl Sagan","power,reflection","<i>The Demon-Haunted World: Science as a Candle in the Dark</i>"
"After the earth dies, some 5 billion years from now, after it’s burned to a crisp, or even swallowed by the Sun, there will be other worlds and stars and galaxies coming into being – and they will know nothing of a place once called Earth.","Carl Sagan","death,cosmos,nature","<i>Pale Blue Dot</i>"
"It is only with one’s heart that one can see clearly. What is essential is invisible to the eye.","Antoine de Saint-Exupery","heart,reflection","<i>The Little Prince</i>"
"I had this feeling suddenly. I get this feeling a lot, but I don’t know if there’s one word for it. It’s not nervous or sad or even lonely. It’s all of that, and then a bit more.","Leila Sales","sadness,loneliness","<i>This Song Will Save Your Life</i>"
"The feeling is I don’t belong here. I don’t know how I got here, and I don’t know how long I can stay before everyone else realizes that I am an imposter. I am a fraud.","Leila Sales","home,reflection","<i>This Song Will Save Your Life</i>"
"I’ve gotten this feeling nearly everywhere I have ever been in my life. There’s nothing you can do about it except drink some water and hope that it subsides. Or you can leave.","Leila Sales","hope,nature,life","<i>This Song Will Save Your Life</i>"
"I was about half in love with her by the time we sat down. That’s the thing about girls. Every time they do something pretty… you fall half in love with them, and then you never know where the hell you are. Girls. Jesus Christ. They can drive you crazy. They really can.","J.D. Salinger","love,time,madness,women","<i>The Catcher in the Rye</i>"
"If all insects on Earth disappeared, within 50 years all life on Earth would end. If all human beings disappeared from the Earth, within 50 years all forms of life would flourish.","Jonas Salk","nature,life",""
"There are books in which the footnotes or comments scrawled by some reader’s hand in the margin are more interesting than the text. The world is one of these books.","George Santayana","art,reflection","<i>Marginalia, A Critical Selection</i>"
"their heart grew cold
they let their wings down.","Sappho","heart,reflection","fragment 42, translated by Anne Carson"
"for the man who is beautiful is beautiful to see
but the good man will at once also beautiful be.","Sappho","beauty,reflection","fragment 50, translated by Anne Carson"
"not one girl I think
who looks on the light of the sun
will ever
have wisdom
like this.","Sappho","cosmos,wisdom,women","fragment 56, translated by Anne Carson"
"In the crooks of your body, I find my religion.","Sappho","body,faith","fragment 94, translated by <a href=""http://figrootpress.com/"">Figroot Press</a>"
"but I am not someone who likes to wound
rather I have a quiet mind.","Sappho","pain,silence","fragment 120, translated by Anne Carson"
"someone will remember us
I say
even in another time.","Sappho","time,memory","fragment 147, translated by Anne Carson"
"wealth without virtue is no harmless neighbor
but a mixture of both attains the height of happiness.","Sappho","joy,reflection","fragment 148, translated by Anne Carson"
"I do not know what makes a writer, but it probably isn’t happiness.","William Saroyan","art,joy","<i>The Bicycle Rider In Beverly Hills</i>, 1952"
"It’s strange. I felt less lonely when I didn’t know you.","Jean-Paul Sartre","loneliness,reflection","<i>The Flies</i>"
"Every word has consequences. Every silence, too.","Jean-Paul Sartre","silence,reflection","<i>Les Temps modernes</i>"
"As for me, I am mean: that means that I need the suffering of others to exist. A flame. A flame in their hearts. When I am all alone, I am extinguished.","Jean-Paul Sartre","heart,pain,loneliness,life","<i>No Exit</i>"
"Ha! to forget. How childish! I feel you in my bones. Your silence screams in my ears. You may nail your mouth shut, you may cut out your tongue, but can you keep yourself from existing? Can you stop your thoughts?","Jean-Paul Sartre","memory,silence","<i>No Exit</i>"
"One always dies too soon — or too late. And yet, life is there, finished: the line is drawn, and it must all be added up. You are nothing other than your life.","Jean-Paul Sartre","death,life","<i>No Exit</i>"
"I will take it all: tongs, molten lead, prongs, garrotes, all that burns, all that tears, I want to truly suffer. Better one hundred bites, better the whip, vitriol, than this suffering in the head, this ghost of suffering which grazes and caresses and never hurts enough.","Jean-Paul Sartre","pain,desire","<i>No Exit</i>"
"Don’t you feel the same way? When I cannot see myself, even though I touch myself, I wonder if I really exist.","Jean-Paul Sartre","life,reflection","<i>No Exit</i>"
"So that is what hell is. I would never have believed it. You remember: the fire and brimstone, the torture. Ah! the farce. There is no need for torture: Hell is other people.","Jean-Paul Sartre","memory,reflection","<i>No Exit</i>"
"We can only feel sorry for ourselves when our misfortunes are still supportable. Once this limit is crossed, the only way to bear the unbearable is to laugh at it.","Marjane Satrapi","reflection,life","<i>Persepolis</i>"
"Once again, I arrived at my usual conclusion: One must educate oneself.","Marjane Satrapi","reflection,life","<i>Persepolis</i>"
"Have you ever sat in complete darkness with someone? Somehow the words feel heavier and the phrases deeper, and all of a sudden the room is no longer just in darkness but quietly lit with the light of their soul. You can see it bare. Without it’s shell. Defenseless. There’s too much the light hides.","Jenn Satsune","soul,reflection","(<a href=""https://wnq-writers.com/post/107066564685/quotes-soul-creative-writing-have-you-ever-sat-in-comple"">x</a>)"
"Quite an experience to live in fear, isn’t it? That’s what it is to be a slave.","Ridley Scott","fear,reflection","dir. <i>Blade Runner</i>, 1982"
"Read a thousand books, and your words will flow like a river.","Lisa See","art,reflection","<i>Snow Flower and the Secret Fan</i>"
"Everyone is asleep
There is nothing to come between
The moon and me.","Enomoto Seifu-jo","cosmos,reflection","<a href=""https://www.poets.org/poetsorg/poem/everyone-asleep"">Everyone Is Asleep</a>"
"A woman who writes feels too much…
She thinks she can warn the stars.
A writer is essentially a spy.
Dear love, I️ am that girl.","Anne Sexton","love,cosmos,art,women","<a href=""https://www.poetryfoundation.org/poetrymagazine/browse?contentId=29121"">The Black Art</a>"
"I am torn in two but I will conquer myself.","Anne Sexton","reflection,life","‘The Civil War’"
"I feel unspeakably lonely. And I feel — drained. It is a blank state of mind and soul I cannot describe to you as I think it would not make any difference. Also it is a very private feeling I have — that of melting into a perpetual nervous breakdown. I am often questioning myself what I further want to do, who I further wish to be; which parts of me, exactly, are still functioning properly. No answers, darling. At all.","Anne Sexton","loneliness,soul,desire","<i>A Self-Portrait in Letters</i>"
"Hell is empty, and all the devils are here.","William Shakespeare","reflection,life","<i>The Tempest</i>"
"Don’t live the same year 75 times and call it a life.","Robin Sharma","time,life","(<a href=""https://twitter.com/robinsharma/status/531053571865731072"">x</a>)"
"My dear: in this world there is always danger for those who are afraid of it.","George Bernard Shaw","fear,reflection","<i>The Devil's Disciple</i>"
"I am unstable, sometimes melancholy, and have been called on some occasions imperious; but I never did an ungenerous act in my life. I sympathise warmly with others, and have wasted my heart in their love and service.","Mary Shelley","love,heart,sadness,life","in a diary entry"
"My dreams were all my own; I accounted for them to nobody; they were my refuge when annoyed — my dearest pleasure when free.","Mary Shelley","freedom,dreams","<i>Frankenstein</i>"
"Somebody asked me if I was looking for something. I am looking for everything.","Sam Sheridan","reflection,life","<i>A Fighter's Heart: One Man's Journey Through the World of Fighting</i>, 2008"
"Even if I now saw you, only once, I would long for you through worlds. Worlds.","Izumi Shikibu","reflection,life","as cited in <i>The Ink Dark Moon: Love Poems</i>, 1990, translated by Jane Hirshfield"
"I cannot wait for the stars to align any longer. It is time to paint my own cosmos.","Noor Shirazie","time,cosmos","(<a href=""http://noorshirazie.tumblr.com/post/145604382596/i-cannot-wait-for-the-stars-to-align-any-longer"">x</a>)"
"I’m sorry you were not truly loved and that it made you cruel.","Warsan Shire","reflection,life","(<a href=""https://twitter.com/warsan_shire/status/290581824424521728?lang=en"">x</a>)"
"My alone feels so good, I’ll only have you if you’re sweeter than my solitude.","Warsan Shire","loneliness,reflection","(<a href=""https://twitter.com/warsan_shire/status/269298244394295296?lang=en"">x</a>)"
"Not everyone is okay with living like an open wound. But the thing about open wounds is that, well, you aren’t ignoring it, you’re healing. The fresh air can get to it. It’s honest. You aren’t hiding who you are. You aren’t rotting. People can give you advice on how to heal without scarring badly.","Warsan Shire","pain,truth,identity,life","<i>Her Blue Body</i>"
"Mother says there are locked rooms inside all women; kitchen of lust,
bedroom of grief, bathroom of apathy.
Sometimes the men - they come with keys,
and sometimes, the men - they come with hammers.","Warsan Shire","grief,family,women","<a href=""https://www.poetryfoundation.org/poems/90733/the-house-57daba5625f32"">The House</a>, 2014"
"I am a lover without a lover. I am lovely and lonely and I belong deeply to myself.","Warsan Shire","love,loneliness,home","‘Thirty Four Excuses for Why We Failed at Love’"
"The beginning is the end, and the end is the beginning. Well then, let us begin again. And to each, their own tale.","Kyou Shirodaira","reflection,life","<i>Zetsuen no Tempest</i>"
"I see now that the circumstances of one’s birth are irrelevant; it is what you do with the gift of life that determines who you are.","Takeshi Shudo","identity,life","dir. <i>Pokémon: The First Movie: Mewtwo Strikes Back</i>, 1998"
"A sword is a tool designed to inflict pain or death on a fellow human. Often spiritualised and glorified, they also serve as a physical metaphor for humanity’s eternal, savage thirst for destruction!","Tom Siddell","death,pain","<i>Gunnerkrigg Court</i>"
"I continue to turn my face upwards, measuring the same temperature, the same humidity, radiation, and thousands of other variables. But now a new metric has been added. The number of angels I have seen is ‘one’. And I will keep watch for more.","Tom Siddell","reflection,life","<i>Gunnerkrigg Court</i>"
"You are stronger than you were this morning. Even if it does not feel that way. And you will become stronger still. Strong enough to walk on your own. Show them you are not afraid.","Tom Siddell","fear,identity,courage","<i>Gunnerkrigg Court</i>"
"To the ones that have not loved you like you deserve,
may you forget their names.
May you remember your own, always.","Caitlyn Siehl","memory,reflection","<a href=""http://alonesomes.tumblr.com/post/80047901303/let-us-pray-for-the-foxes-sleeping-in-your-knees"">A Prayer</a>"
"If you walk into a room and notice what is missing from it, it’s still there, isn’t it?","Caitlyn Siehl","reflection,life","<a href=""http://alonesomes.tumblr.com/post/68258083329/the-first-poem-i-wrote-that-wasnt-about-you-was"">A Letter to Love</a>"
"Eventually something you love is going to be taken away. And then you will fall to the floor crying. And then, however much later, it is finally happening to you: you’re falling to the floor crying thinking, ’I am falling to the floor crying,’ but there’s an element of the ridiculous to it — you knew it would happen and, even worse, while you’re on the floor crying you look at the place where the wall meets the floor and you realize you didn’t paint it very well.","Richard Siken","love,reflection","(UNSOURCED)"
"Wanna make a monster? Take the parts of yourself that make you uncomfortable — your weaknesses, bad thoughts, vanities, and hungers — and pretend they’re across the room. It’s too ugly to be human. It’s too ugly to be you. Children are afraid of the dark because they have nothing real to work with. Adults are afraid of themselves.","Richard Siken","fear,work","<a href=""http://sporkpress.com/1_3/pieces/Editor.htm"">Black Telephone</a>"
"If the dead are watching, I want them to see us writing, dancing, singing, painting. I want them to see that we still reach out to each other.","Richard Siken","art,music,desire","<a href=""http://sporkpress.com/1_3/pieces/Editor.htm"">Black Telephone</a>"
"I couldn’t get the boy to kill me, but I wore his jacket for the longest time.","Richard Siken","time,reflection","<i>Crush</i>, ‘Little Beast’"
"You're going to die in your best friend's arms. And you play along because it's funny, because it's written down, you've memorized it, it's all you know. I say the phrases that keep it all going, and everybody plays along. Imagine: Someone's pulling a gun, and you're jumping into the middle of it. You didn't think you'd feel this way.","Richard Siken","death,friendship","<i>Crush</i>, ‘Planet of Love’"
"Hold onto your voice. Hold onto your breath. Don’t make a noise, don’t leave the room until I come back from the dead for you. I will come back from the dead for you.","Richard Siken","silence,reflection","<i>Crush</i>, ‘You Are Jeff’"
"How much can you change and get away with it, before you turn into someone else, before it’s some kind of murder?","Richard Siken","change,reflection","<i>War of the Foxes</i>, ‘Portrait of Fryderyk in Shifting Light’"
"At times the world can seem an unfriendly and sinister place, but believe us when we say there is much more good in it than bad. All you have to do is look hard enough. And what might seem to be a series of unfortunate events, may, in fact, be the first steps of a journey.","Brad Silberling","time,reflection","dir. <i>Lemony Snicket's A Series of Unfortunate Events</i>, 2004"
"They say opposites attract. So I guess I’m stuck with you. I still haven’t decided if this is a blessing or a curse. All I know is that you are my heaven and my hell… And somehow I find myself both loving and hating you for it.","Lynette Simeone","reflection,life","(<a href=""http://dazeuniverse.tumblr.com/"">x</a>)"
"People change and life moves on; what a beautifully terrifying thought.","Lynette Simeone","life,change","(<a href=""http://dazeuniverse.tumblr.com/"">x</a>)"
"I think some people are just inexplicably bonded. Drawn by forces beyond their own comprehension, they have no choice but to gravitate toward one another. Destined by fate to keep crossing paths until they finally get it right.","L.B. Simmons","reflection,life","<i>The Resurrection of Aubrey Miller</i>"
"What kept me sane was knowing that things would change, and it was a question of keeping myself together until they did.","Nina Simone","change,reflection","<i>I Put a Spell on You: The Autobiography of Nina Simone</i>, 1992"
"I think our experience of the universe has value. Even if it disappears forever.","Jonathan Sims","cosmos,reflection","<i>The Magnus Archives</i>, 2019: ‘Big Picture’"
"As the image of myself becomes sharper in my brain & more precious, I feel less afraid that someone else will erase me by denying me love.","Jenny Slate","love,fear","(<a href=""https://twitter.com/jennyslate/status/713122239072247809?lang=en"">x</a>)"
"I recommend learning how to write a very good thank you note. A child who can write a nice thank you note can turn into a cocaine dealer five years later and be remembered as the child who wrote nice thank you notes.","Lemony Snicket","memory,art","(<a href=""http://thesnicketfile.tumblr.com/post/139671582341/lemony-snickets-advice-on-writing-a-nice"">x</a>)"
"The sea is nothing but a library of all the tears in history.","Lemony Snicket","nature,reflection","<i>The End</i>"
"If we wait until we’re ready, we’ll be waiting the rest of our lives.","Lemony Snicket","reflection,life","<i>The Ersatz Elevator</i>"
"There are times to stay put, and what you want will come to you, and there are times to go out into the world and find such a thing for yourself.","Lemony Snicket","time,desire","<i>Horseradish</i>"
"One of the remarkable things about love is that, despite very irritating people writing poems and songs about how pleasant it is, it really is quite pleasant.","Lemony Snicket","love,art,music","<i>Horseradish</i>"
"It is so rare in this world to meet a trustworthy person who truly wants to help you, and finding such a person can make you feel warm and safe, even if you are in the middle of a windy valley high up in the mountains.","Lemony Snicket","reflection,life","<i>Horseradish</i>"
"The sad truth is, the truth is sad.","Lemony Snicket","sadness,truth","<i>The Hostile Hospital</i>"
"Do the scary thing first, and get scared later.","Lemony Snicket","fear,reflection","<i>When Did You See Her Last?</i>"
"Knowing that something is wrong and doing it anyway happens very often in life, and I doubt I will ever know why.","Lemony Snicket","life,reflection","<i>Who Could That Be at This Hour?</i>"
"Do I live in a dream on another planet?","Edith Södergran","dreams,reflection","<i>Love &amp; Solitude: Poems (1916 - 1923)</i>, ‘Fragment’"
"Archaeologists have yet to discover an early stage of human existence when we possessed no art. In the twilight preceding the dawn of mankind we received it from hands which we did not have a chance to see clearly. Neither had we time to ask: Why this gift for us? How should we treat it?","Aleksandr Solzhenitsyn","time,art,life","<a href=""https://home.isi.org/solzhenitsyn-explains-beauty-will-save-world"">Beauty Will Save the World</a>"
"All those prognosticators of the decay, degeneration, and death of art were wrong and will always be wrong. It shall be we who die; art will remain. And shall we even comprehend before our passing all of its aspects and the entirety of its purposes?","Aleksandr Solzhenitsyn","death,art","<a href=""https://home.isi.org/solzhenitsyn-explains-beauty-will-save-world"">Beauty Will Save the World</a>"
"I vulgarize my feelings by speaking of them too readily to others.","Susan Sontag","reflection,life","in a diary entry"
"A thought occurred to me today – so obvious, so always obvious! It was absurd to suddenly comprehend it for the first time – I felt rather giddy, a little hysterical: – There is nothing, nothing that stops me from doing anything except myself… What is to prevent me from just picking up and taking off?","Susan Sontag","time,reflection","in a diary entry"
"How far from the beginning are we? When did we first start to feel the wound?","Susan Sontag","pain,reflection","<i>Unguided Tour</i>"
"Always this feeling of being ‘too much’ for them — a creature from another planet — so I would try to scale myself down to size, so that I could be apprehendable by (lovable by) them.","Susan Sontag","reflection,life","<i>Unguided Tour</i>"
"Do you ever wonder why things have to turn out the way they do?","Nicholas Sparks","reflection,life","<i>A Walk to Remember</i>"
"I have striven not to laugh at human actions, not to weep at them, nor to hate them, but to understand them.","Baruch Spinoza","wisdom,reflection","<i>Tractatus Theologico-Politicus</i>"
"It is an easy mistake to think that non-talkers are non-feelers.","Wallace Stegner","reflection,life","<i>Angle of Repose</i>, 1971"
"And now that you don’t have to be perfect, you can be good.","John Steinbeck","reflection,life","<i>East of Eden</i>"
"I pray anyway: how beautiful, the hawks circling the inner rim of loss.","Melissa Studdard","grief,beauty","<a href=""https://www.culturalweekly.com/melissa-studdard-three-poems/"">The Sudden Violence of Light</a>"
"The world is created with sound. And it will probably end in silence. So until then, I say keep dancing and singing and laughing.","Sufjan Stevens","silence,music","at the Saenger Theatre in New Orleans: May 9, 2015"
"You go on by doing the best you can. You go on by being generous. You go on by being true. You go on by offering comfort to others who can't go on. You go on by allowing the unbearable days to pass and allowing the pleasure in other days. You go on by finding a channel for your love and another for your rage.","Cherlyn Strayed","love,anger","<i>Tiny Beautiful Things: Advice on Love and Life from Dear Sugar</i>, 2012"
"From too much love of living,
From hope and fear set free,
We thank with brief thanksgiving
Whatever gods may be
That no life lives for ever;
That dead men rise up never;
That even the weariest river
Winds somewhere safe to sea.","A.C. Swinburne","love,hope,fear,freedom","<a href=""https://www.poetryfoundation.org/poems/45288/the-garden-of-proserpine"">The Garden of Proserpine</a>"
"Mama said, ‘you are a girl’ and no I told her, I am not. I am a verb. A noun does not own me. I am a boundless motion: the revolt.","Valerie T.","women,reflection","<a href=""http://ofspaces.tumblr.com/post/167123496301/mama-said-you-are-a-girl-and-no-i-told-her-i"">Bloodless revolution</a>"
"What do you want to tell me? the woman asks.
The snake pauses.
Nothing, he says. You are a poet. You will find it all out
soon enough.","Kira Tang","art,desire,women","<a href=""http://praytomeinstead.tumblr.com/post/116144172994/the-snake-coils-tongue-flickering-like-flame-i"">Persuasion</a>"
"There are a few things in life so beautiful they hurt: swimming in the ocean while it rains, reading alone in empty libraries, the sea of stars that appear when you’re miles away from the neon lights of the city, bars after 2am, walking in the wilderness, all the phases of the moon, the things we do not know about the universe, and you.","Beau Taplin","pain,loneliness,cosmos,nature","<i>Worlds of You: Poetry &amp; Prose</i>, ‘And You’"
"One day, whether you
are 14, 28, or 65
you will stumble upon
someone who will start
a fire in you that cannot die.
However, the saddest,
most awful truth
you will ever come to find —
is they are not always
with whom we spend our lives.","Beau Taplin","death,truth","<i>Worlds of You: Poetry &amp; Prose</i>, ‘The Awful Truth’"
"In a certain sense the past is far more real, or at any rate more stable, more resilient than the present. The present slips and vanishes like sand between the fingers, acquiring material weight, only in its recollection.","Andrei Tarkovsky","time,reflection","<i>Sculpting in Time: Reflections on the Cinema</i>"
"A great sorrow, and one that I am only beginning to understand: we don’t get to choose our own hearts. We can’t make ourselves want what’s good for us or what’s good for other people. We don’t get to choose the people we are.","Donna Tartt","heart,sadness,wisdom,desire","<i>The Goldfinch</i>"
"You can look at a picture for a week and never think of it again. You can also look at a picture for a second and think of it all your life.","Donna Tartt","life,reflection","<i>The Goldfinch</i>"
"Because, here’s the truth: life is catastrophe.","Donna Tartt","truth,life","<i>The Goldfinch</i>"
"Stay away from the ones you love too much. Those are the ones who will kill you.","Donna Tartt","love,reflection","<i>The Goldfinch</i>"
"I am nothing in my soul if not obsessive.","Donna Tartt","soul,reflection","<i>The Secret History</i>"
"And I know I said earlier that he was perfect but he wasn’t perfect, far from it; he could be silly and vain and remote and often cruel and still we loved him, in spite of, because.","Donna Tartt","reflection,life","<i>The Secret History</i>"
"It is better to know one book intimately than a hundred superficially.","Donna Tartt","art,reflection","<i>The Secret History</i>"
"I liked the idea of living in a city — any city, especially a strange one — liked the thought of traffic and crowds, of working in a bookstore, waiting tables in a coffee shop, who knew what kind of odd, solitary life I might slip into? Meals alone, walking the dogs in the evenings; and nobody knowing who I was.","Donna Tartt","loneliness,life","<i>The Secret History</i>"
"It is a terrible thing to learn as a child that one is a being separate from all the world, that no one and no thing hurts along with one’s burned tongues and skinned knees, that one’s aches and pains are all one’s own. Even more terrible, as we grow older, to learn that no person, no matter how beloved, can ever truly understand us. Our own selves make us most unhappy, and that’s why we’re so anxious to lose them, don’t you think?","Donna Tartt","love,pain,change,wisdom","<i>The Secret History</i>"
"Beauty is rarely soft or consolatory. Quite the contrary. Genuine beauty is always quite alarming.","Donna Tartt","beauty,reflection","<i>The Secret History</i>"
"If we are strong enough in our souls we can rip away the veil and look that naked, terrible beauty right in the face; let God consume us, devour us, unstring our bones. Then spit us out reborn.","Donna Tartt","soul,courage,beauty,faith","<i>The Secret History</i>"
"I looked at him. There was so much I wanted to ask him, so much I wanted to say; but somehow I knew there wasn’t time and even if there was, that it was all, somehow, beside the point.","Donna Tartt","time,reflection","<i>The Secret History</i>"
"I understand that nobody understands me, but I can’t be someone I’m not.","Audrey Tautou","wisdom,reflection","in an interview (<a href=""https://www.telegraph.co.uk/culture/film/starsandstories/8681355/Audrey-Tautou-I-didnt-want-this-power.html"">x</a>)"
"Do not depend too much on anyone in this world, because even your shadow leaves you when you are in darkness.","Ibn Taymiyyah","reflection,life",""
"Then when G-d asks [Cain], ‘Where is your brother Abel?’ he arrogantly responds, ‘I do not know. Am I my brother’s keeper?’ In essence, the entire Bible is written as an affirmative response to this question.","Rabbi Joseph Telushkin","family,reflection","<i>Jewish Literacy</i>, 1991"
"I want to stop writing about fire, but I trust I will not.","Terrell Jamal Terry","art,desire,trust","<a href=""http://pinwheeljournal.com/poets/terrell-jamal-terry/"">Untitled (1)</a>"
"I still love the people I’ve loved, even if I cross the street to avoid them.","Uma Thurman","love,reflection","in an interview for <i>W</i> Magazine"
"I know there was something before you. I just can’t remember what it was.","Iain Thomas","memory,reflection","<i>I Wrote This for You</i>, ‘The Forgotten Feeling’"
"There are some people you’ll never see again. At least, not in the same way.","Iain Thomas","reflection,life","<i>I Wrote This for You: Just the Words</i>"
"I love you not as something private and personal, which is my own, but as something universal and worthy of love, which I have found.","Henry David Thoreau","love,reflection",""
"There’s some good on this world — and it’s worth fighting for.","J.R.R. Tolkien","reflection,life","<i>The Two Towers</i>"
"You are the universe, expressing itself as human for a little while.","Eckhart Tolle","cosmos,reflection","<i>A New Earth: Awakening Your Life's Purpose</i>"
"I hope you find love, but more importantly I hope you’re strong enough to walk away from what love isn’t.","Tiffany Tomiko","love,hope,courage","<i>The Missing Light on Shorter Days</i>"
"I think love is the greatest force in the universe. It’s shapeless like water. It only takes the shape of things it becomes.","Guillermo del Toro","love,cosmos,nature","in an interview (<a href=""https://www.hollywoodreporter.com/news/guillermo-del-toro-talks-tequila-previews-shape-water-1024304"">x</a>)"
"But who prays for Satan? Who, in eighteen centuries, has had the common humanity to pray for the one sinner that needed it most?","Mark Twain","reflection,life","<i>The Autobiography of Mark Twain</i>"
"The universe is under no obligation to make sense to you.","Neil DeGrasse Tyson","cosmos,reflection","(<a href=""https://teamcoco.com/video/neil-degrasse-tyson-the-universe-is-under-no-obligation-to-make-sense-to-you"">x</a>)"
"When the people of the world all know beauty as beauty, there arises the recognition of ugliness. When they all know good as good, there arises the recognition of evil.","Lao Tzu","beauty,reflection","<i>Tao Te Ching</i>"
"New beginnings are often disguised as painful endings.","Lao Tzu","reflection,life","<i>Tao Te Ching</i>"
"Not seeking, not expecting, she is present, and can welcome all things.","Lao Tzu","reflection,life","<i>Tao Te Ching</i>"
"Because she competes with no one, no one can compete with her.","Lao Tzu","reflection,life","<i>Tao Te Ching</i>"
"Care about what other people think and you will always be their prisoner.","Lao Tzu","reflection,life","<i>Tao Te Ching</i>"
"1. You must let the pain visit.
2. You must allow it teach you.
3. You must not allow it overstay.","Ijeoma Umebinyuo","pain,reflection","<i>Questions for Ada</i>"
"I love the rain. I love how it softens the outlines of things. The world becomes softly blurred, and I feel like I melt right into it.","Chica Umino","love,nature","<i>Honey and Clover</i>"
"The more stubborn people become and insist that they’re right, the further away happiness gets.","Gen Urobuchi","identity,joy","<i>Puella Magi Madoka Magica</i>"
"Don’t forget. Always, somewhere, someone is fighting for you. As long as you remember her, you are not alone.","Gen Urobuchi","loneliness,memory","<i>Puella Magi Madoka Magica</i>"
"I called out your name three times,
only to look back,
Revelation, revelation:
until the day you stopped running after me.","Barbara Valentina","time,reflection","<a href=""http://lafemmenuit.tumblr.com/post/114133114342/i-am-in-the-city-you-hated-brooklyn-new-york"">Letters I Mailed to the Bottom of the River</a>"
"Isn’t all that rage so ugly?
And isn’t it mine, still?
Good god, isn’t it mine?","Ashe Vernon","anger,faith","<i>Not a Girl</i>, ‘Buried’ (<a href=""http://latenightcornerstore.com/"">x</a>)"
"Don’t you dare, for one minute,
believe that my kindness makes me
anything but insurmountable.
I did not unzip my chest to every kind of hurt,
and stagger back, wounded and alive,
just to hear you call me weak for trying.","Ashe Vernon","pain,life","<a href=""http://latenightcornerstore.com/post/80436815777/dont-you-dare-for-one-minute-believe-that-my"">Softness</a>"
"I left home and took the fall of Troy with me.
My bones took up arms at the battle of Thermopylae.
I was Artemis. I was Ares.
And the warfare in my blood
does not end in silence.
Olympus falls, but the temples
go on beating,
and I am the patron saint of my own survival,
and I have sacrificed everything
except my own heartbeat.","Ashe Vernon","war,silence,home","<a href=""http://latenightcornerstore.com/post/105345899045/my-generation-is-muddied-royalty-like-diamonds"">Winged Sandals</a>"
"My notebooks. So sadly full, this one with impotence, the other with empty, pointless waiting. The most difficult of waits, the most painful: the wait for oneself. If I were to write something in it, it would be the confession that I too have been waiting for myself for a long time, and I haven’t turned up.","Josefina Vicens","time,art","<i>The Empty Book</i>"
"Everything you say should be true, but not everything true should be said.","Voltaire","reflection,life",""
"May God defend me from my friends: I can defend myself from my enemies.","Voltaire","friendship,faith",""
"The more I read, the more I acquire, the more certain I am that I know nothing.","Voltaire","reflection,life",""
"I’ve wanted to kill myself a hundred times, but somehow I am still in love with life.","Voltaire","love,time,life","<i>Candide, ou l'Optimisme</i>"
"We’re neither pure, nor wise, nor good; we do the best we know.","Voltaire","wisdom,reflection","<i>Candide, ou l'Optimisme</i>"
"Alas! it was love; love, the comfort of the human species; love, the preserver of the universe; the soul of all sensible beings; love! tender love!","Voltaire","love,cosmos,soul","<i>Candide, ou l'Optimisme</i>"
"If there were no God, it would have been necessary to invent him.","Voltaire","faith,reflection","<i>Épître à l'Auteur du Livre des Trois Imposteurs</i>"
"One owes respect to the living: To the dead one owes only the truth.","Voltaire","truth,life","<i>Letters on the English</i>"
"I still catch myself feeling blue about things that don’t matter anymore.","Kurt Vonnegut","reflection,life","<i>Bluebeard: A Novel</i>"
"‘So when people I like do something terrible,’ I said, ‘I just flense them and forgive them.’
‘Flense?’ he said. ‘What’s flense?’
‘It’s what whalers used to do to whale carcasses when they got them on board,’ I said. ‘They would strip off the skin and blubber and meat right down to the skeleton. I do that in my head to people — get rid of all the meat so I can see nothing but their souls. Then I forgive them.’","Kurt Vonnegut","soul,body","<i>Bluebeard: A Novel</i>"
"Say surrender. Say alabaster. Switchblade.
Honeysuckle. Goldenrod. Say autumn.
Say autumn despite the green
in your eyes. Beauty despite
daylight. Say you’d kill for it. Unbreakable dawn
mounting in your throat.
My thrashing beneath you
like a sparrow stunned
with falling.","Ocean Vuong","beauty,reflection","<a href=""https://www.poetryfoundation.org/poetrymagazine/poems/57586/on-earth-were-briefly-gorgeous"">On Earth We're Briefly Gorgeous</a>"
"Don’t we touch each other just to prove we are still here?","Ocean Vuong","reflection,life","<a href=""https://www.poetryfoundation.org/poetrymagazine/poems/57586/on-earth-were-briefly-gorgeous"">On Earth We're Briefly Gorgeous</a>"
"The most beautiful part of your body is where it's headed. & remember, loneliness is still time spent with the world.","Ocean Vuong","loneliness,time,memory,body","<a href=""https://www.newyorker.com/magazine/2015/05/04/someday-ill-love-ocean-vuong"">Someday I'll Love Ocean Vuong</a>, 2015"
"Suppose you do change your life.
& the body is more than
a portion of night — sealed
with bruises. Suppose you woke
& found your shadow replaced
by a black wolf. The boy, beautiful
& gone. So you take the knife to the wall
instead. You carve & carve
until a coin of light appears
& you get to look in, at last,
on happiness. The eye
staring back from the other side —
waiting.","Ocean Vuong","body,life,change,joy","<a href=""https://www.nytimes.com/interactive/2016/06/26/magazine/ocean-vuong-torso-of-air.html"">Torso of Air</a>"
"I think, from all I can learn, that heaven has the better climate, but hell has the better company.","Benjamin Wade","reflection,life","as cited by Arthur MacArthur in <i>Proceedings of the National Conference of Charities and Correction, at the Twelfth Annual Session Held in Washington, D.C., June 4-10, 1885</i>, 1885"
"Not only do I not have a very firm grasp on reality, but I have sort of a loose grip on my fantasies, too.","Jane Wagner","reflection,life","<i>The Search for Signs of Intelligent Life in the Universe</i>"
"When you meet that person. A person. One of your soulmates. Let the connection, relationship be what it is. It may be five minutes. Five hours. Five days. Five months. Five years. A lifetime. Let it manifest itself, the way it is meant to. It has an organic destiny. This way if it stays or if it leaves, you will be softer from having been loved this authentically. Souls come into, return, open, and sweep through your life for a myriad of reasons, let them be who and what they are meant to be.","Nayyirah Waheed","soul,life","<i>salt.</i>"
"I took what used to be my hand and let it rest on what used to be my stomach. Imagine you are nothing. I did not have to imagine.","Claire Wahmanholm","reflection,life","<a href=""https://pankmagazine.com/piece/relaxation-tapes/"">Relaxation Tapes</a>"
"This is an apology letter to the both of us for how long it took me to let things go. It was not my intention to make such a production of the emptiness between us.","Buddy Wakefield","reflection,life","<a href=""http://buddywakefield.com/hurling-crowbirds-at-mockingbars-hope-is-not-a-course-of-action/"">Hurling Crowbirds at Mockingbars</a>"
"How odd, I can have all this inside me, and to you it’s just words.","David Foster Wallace","reflection,life","<i>The Pale King</i>"
"Sometimes I feel the past and the future pressing so hard on either side that there’s no room for the present.","Evelyn Waugh","time,reflection","<i>Brideshead Revisited</i>"
"Oh how wrong we were to think that immortality meant never dying.","Gerard Way","death,reflection","‘Our Lady of Sorrow’"
"I kneel into a dream where I am good & loved. I am good. I am loved. My hands have made some good mistakes. They can always make better ones.","Natalie Wee","dreams,reflection","<i>Our Bodies &amp; Other Fine Machines</i>, 2016: ‘Least of All’"
"How can I make this problem my ally?","Susun S. Weed","reflection,life","<i>Healing Wise</i>"
"In Greek, ‘nostalgia’ literally means ‘the pain from an old wound.’ It’s a twinge in your heart, far more powerful than memory alone. This device isn’t a spaceship, it’s a time machine. It goes backwards and forwards, it takes us to a place where we ache to go again.","Matthew Weiner","heart,pain,loneliness,time","<i>Mad Men</i>, 2007: ‘The Wheel’"
"Sometimes, you have to step outside of the person you’ve been and remember the person you were meant to be. The person you want to be. The person you are.","H.G. Wells","memory,desire",""
"I’m addicted to silence and privacy; I wallow in it.","Valorie Wesley","silence,reflection","<i>Playing My Mother's Blues</i>"
"You only live once, but if you do it right, once is enough.","Mae West","reflection,life",""
"Did you ever notice how in the Bible, whenever God needed to punish someone, or make an example, or whenever God needed a killing, he sent an angel? Did you ever wonder what a creature like that must be like? A whole existence spent praising your God, but always with one wing dipped in blood. Would you ever really want to see an angel?","Gregory Widen","life,desire,faith","<i>The Prophecy</i>, 1995"
"The heart was made to be broken.","Oscar Wilde","heart,reflection","<i>A House of Pomegranates</i>"
"Yes: I am a dreamer. For a dreamer is one who can only find his way by moonlight, and his punishment is that he sees the dawn before the rest of the world.","Oscar Wilde","reflection,life","<i>The Critic as Artist</i>"
"Most people are other people. Their thoughts are someone else’s opinions, their lives a mimicry, their passions a quotation.","Oscar Wilde","reflection,life","<i>De Profundis</i>"
"The truth is rarely pure and never simple.","Oscar Wilde","truth,reflection","<i>The Importance of Being Earnest</i>"
"We are all in the gutter, but some of us are looking at the stars.","Oscar Wilde","cosmos,reflection","<i>Lady Windermere's Fan</i>"
"I don’t want to go to heaven. None of my friends are there.","Oscar Wilde","friendship,desire","<i>Lord Arthur Savile's Crime and Other Stories</i>"
"The books that the world calls immoral are books that show the world its own shame.","Oscar Wilde","art,reflection","<i>The Picture of Dorian Gray</i>"
"‘What are you?’ ‘To define is to limit.’","Oscar Wilde","reflection,life","<i>The Picture of Dorian Gray</i>"
"With freedom, books, flowers, and the moon, who could not be happy?","Oscar Wilde","freedom,cosmos,nature,art","<i>The Soul of Man, and Prison Writings</i>"
"In all these years, you never believed I loved you. And I did. I did so much. I did love you. I even loved your hate and your hardness.","Tennessee Williams","love,reflection","<i>Cat on a Hot Tin Roof</i>"
"Because your sighs have fermented my blood, I need no wine.","Lawrence Winkler","reflection,life","<i>Between the Cartwheels</i>"
"She wishes she could treat pain like a coin purse — something spare, sparse, to be exchanged for something else.","Emily Paige Wilson","pain,reflection","<a href=""https://www.cottonxenomorph.com/journal/2017/12/2/hypochondria-least-powerful-of-the-greek-gods-pts-ii-iv"">Hypochondria, Least Powerful of the Greek Gods, pts ii &amp; iv</a>"
"Ask any woman & she’ll tell you why Eve bit into that apple. Why she chose the universe instead of you.","Topaz Winters","cosmos,women","<a href=""http://www.hthrprss.com/issues/witch-in-red"">Witch in Red</a>"
"‘Do you fall in love often?’
Yes, often. With a view, with a book, with a dog, a cat, with numbers, with friends, with complete strangers, with nothing at all.","Jeanette Winterson","love,friendship,art","<i>Gut Symmetries</i>, 1997"
"The curious are always in some danger. If you are curious you might never come home, like all the men who now live with mermaids at the bottom of the sea.","Jeanette Winterson","nature,home","<i>Oranges Are Not the Only Fruit</i>, 1985"
"‘You’ll get over it…’ It’s the clichés that cause the trouble. To lose someone you love is to alter your life for ever. You don’t get over it because ‘it’ is the person you loved. The pain stops, there are new people, but the gap never closes. How could it? The particularness of someone who mattered enough to grieve over is not made anodyne by death. This hole in my heart is in the shape of you and no-one else can fit it. Why would I want them to?","Jeanette Winterson","love,heart,death,pain","<i>Written on the Body</i>, 1992"
"I’m drawn to the peace in feeling nothing, but I’m also afraid of feeling nothing.","Chelsea Wolfe","fear,reflection","(<a href=""https://www.billboard.com/articles/columns/rock/6641076/chelsea-wolfe-grey-days-song-premiere"">x</a>)"
"It’s not about the words. It’s about the memories lost inside the words.","Virginia Woolf","grief,memory","<i>Congenial Spirits: Selected Letters</i>"
"No need to hurry. No need to sparkle. No need to be anybody but oneself.","Virginia Woolf","reflection,life","<i>A Room of One's Own</i>"
"How many times have people used a pen or paintbrush because they couldn’t pull the trigger?","Virginia Woolf","time,reflection","<i>Selected Essays</i>"
"Books are everywhere; and always the same sense of adventure fills us. Second-hand books are wild books, homeless books; they have come together in vast flocks of variegated feather, and have a charm which the domesticated volumes of the library lack. Besides, in this random miscellaneous company we may rub against some complete stranger who will, with luck, turn into the best friend we have in the world.","Virginia Woolf","friendship,art","<i>Street Haunting</i>"
"I am made and remade continually.","Virginia Woolf","reflection,life","<i>The Waves</i>"
"I am not here. I have no face. Other people have faces. Their world is the real world. The things they lift are heavy. They say yes, they say no, whereas I shift and change and am seen through in a second. They know what to say if spoken to. They laugh really; they get angry really; while I have to look first and do whatever other people do when they have done it.","Virginia Woolf","change,reflection","<i>The Waves</i>"
"Happiness is in the quiet, ordinary things. A table, a chair, a book with a paper-knife stuck between the pages. And the petal falling from the rose, and the light flickering as we sit silent.","Virginia Woolf","silence,art,joy","<i>The Waves</i>"
"I am never stagnant; I rise from my worst disasters, I turn, I change.","Virginia Woolf","change,reflection","<i>The Waves</i>"
"I'm a ghost that everyone can see.","Franz Wright","reflection,life","‘Empty Stage’"
"That’s the thing about depression: A human being can survive almost anything, as long as she sees the end in sight. But depression is so insidious, and it compounds daily, that it’s impossible to ever see the end. The fog is like a cage without a key.","Elizabeth Wurtzel","reflection,life","<i>Prozac Nation</i>"
"I prefer winter and fall, when you feel the bone structure of the landscape — the loneliness of it, the dead feeling of winter. Something waits beneath it, the whole story doesn’t show.","Andrew Wyeth","loneliness,art","‘I've Actually Created My Own Little World’"
"I’ve grown lean from eating only the past.","Jenny Xie","time,reflection","<i>Eye Level: Poems</i>, ‘Corfu’"
"Dirty, stained, withered, broken things seem beautiful to me.","Yohji Yamamoto","beauty,reflection","<i>Talking to Myself</i>"
"Rock bottom is everything they say it is.
Like heaven or hell, it is not a place,
but a language you cannot understand
until you have nothing.","Lauren Yates","wisdom,reflection","‘The Therapist Speaks on Mania’"
"The world is full of magic things, patiently waiting for our senses to grow sharper.","W.B. Yeats","change,reflection","in an interview (<a href=""https://www.nowaterriver.com/poetry-friday-kids-classic-the-lake-isle-of-innisfree-by-william-butler-yeats/"">x</a>)"
"There’s a Japanese phrase that I like: koi no yokan. It doesn’t mean love at first sight. It’s closer to love at second sight. It’s the feeling when you meet someone that you’re going to fall in love with them. Maybe you don’t love them right away, but it’s inevitable that you will.","Nicola Yoon","love,reflection","<i>The Sun Is Also a Star</i>, 2016"
"Look for the unimaginable inside the ordinary. Go to places you would not ordinarily go alone — riverbanks. Deep woods. The part of the ocean shore where peoples’ gazes disappear. Wade in all waters. Let your imagination change what you know.","Lidia Yukanavitch","loneliness,nature,change","<i>The Chronology of Water</i>, 2011"
"The wolf runs.
It runs three legged, like all damaged creatures, across the snow.
She thinks: this is true.
She thinks: this is a life.
She thinks: I do not want to die, but my life will always be like this — wounded and animal, lurching against white.","Lidia Yuknavitch","death,pain,life,desire","<i>The Small Backs of Children</i>, 2015"
"If you can spend a perfectly useless afternoon in a perfectly useless manner, you have learned how to live.","Lin Yutang","reflection,life","<i>The Importance of Living</i>, 1937"
"Tell me every terrible thing you ever did, and let me love you anyway.","Sade Andria Zabala","love,reflection","<i>Coffee and Cigarettes</i>"
"My flower beds were trampled down during the night by nymphs and fauns and they braided my most beautiful flowers into their hair.","Herbert Zand","nature,beauty","‘The Gardener’"
"Wounds are like water set to boil — they heal best left unwatched.","Gabrielle Zevin","pain,nature","<i>Memoirs of a Teenage Amnesiac</i>"
"I am not violent. I am not malicious. I am a result.","Markus Zusak","violence,reflection","<i>The Book Thief</i>"
"Somewhere, far down, there was an itch in his heart, but he made it a point not to scratch it. He was afraid of what might come leaking out.","Markus Zusak","heart,fear","<i>The Book Thief</i>"
"""A most notable coward, an infinite and endless liar, an hourly promise breaker, the owner of no one good quality.""",William Shakespeare,Shakespeare Insults,"All's Well That Ends Well (Act 3, Scene 6)"
"""Away, you starvelling, you elf-skin, you dried neat's-tongue, bull's-pizzle, you stock-fish!""",William Shakespeare,Shakespeare Insults,"Henry IV Part 1 (Act 2, Scene 4)"
"""Away, you three-inch fool! """,William Shakespeare,Shakespeare Insults,"The Taming of the Shrew (Act 4, Scene 1)"
"""Come, come, you froward and unable worms!""",William Shakespeare,Shakespeare Insults,"The Taming Of The Shrew (Act 5, Scene 2)"
"""Go, prick thy face, and over-red thy fear, Thou lily-liver'd boy.""",William Shakespeare,Shakespeare Insults,"Macbeth (Act 5, Scene 3)"
"""His wit's as thick as a Tewkesbury mustard.""",William Shakespeare,Shakespeare Insults,"Henry IV Part 2 (Act 2, Scene 4)"
"""I am pigeon-liver'd and lack gall.""",William Shakespeare,Shakespeare Insults,"Hamlet (Act 2, Scene 2)"
"""I am sick when I do look on thee """,William Shakespeare,Shakespeare Insults,"A Midsummer Night's Dream (Act 2, Scene 1)"
"""I must tell you friendly in your ear, sell when you can, you are not for all markets.""",William Shakespeare,Shakespeare Insults,"As You Like It (Act 3, Scene 5)"
"""If thou wilt needs marry, marry a fool; for wise men know well enough what monsters you make of them.""",William Shakespeare,Shakespeare Insults,"Hamlet (Act 3, Scene 1)"
"""I'll beat thee, but I would infect my hands.""",William Shakespeare,Shakespeare Insults,"Timon of Athens (Act 4, Scene 3)"
"""I scorn you, scurvy companion. """,William Shakespeare,Shakespeare Insults,"Henry IV Part II (Act 2, Scene 4)"
"""Methink'st thou art a general offence and every man should beat thee.""",William Shakespeare,Shakespeare Insults,"All's Well That Ends Well (Act 2, Scene 3)"
"""More of your conversation would infect my brain.""",William Shakespeare,Shakespeare Insults,"Coriolanus (Act 2, Scene 1)"
"""My wife's a hobby horse!""",William Shakespeare,Shakespeare Insults,"The Winter's Tale (Act 2, Scene 1)"
"""Peace, ye fat guts!""",William Shakespeare,Shakespeare Insults,"Henry IV Part 1 (Act 2, Scene 2)"
"""Aroint thee: go away, rump-fed runion: slut""",William Shakespeare,Shakespeare Insults,"Macbeth (Act 1, Scene 3)"
"""The rankest compound of villainous smell that ever offended nostril""",William Shakespeare,Shakespeare Insults,"The Merry Wives of Windsor (Act 3, Scene 5)"
"""The tartness of his face sours ripe grapes.""",William Shakespeare,Shakespeare Insults,"The Comedy of Errors (Act 5, Scene 4)"
"""There's no more faith in thee than in a stewed prune.""",William Shakespeare,Shakespeare Insults,"Henry IV Part 1 (Act 3, Scene 3)"
"""Thine forward voice, now, is to speak well of thine friend; thine backward voice is to utter foul speeches and to detract.""",William Shakespeare,Shakespeare Insults,"The Tempest (Act 2, Scene 2)"
"""That trunk of humours, that bolting-hutch of beastliness, that swollen parcel of dropsies, that huge bombard of sack, that stuffed cloak-bag of guts, that roasted Manningtree ox with pudding in his belly, that reverend vice, that grey Iniquity, that father ruffian, that vanity in years?""",William Shakespeare,Shakespeare Insults,"Henry IV Part 1 (Act 2, Scene 4)"
"""Thine face is not worth sunburning.""",William Shakespeare,Shakespeare Insults,"Henry V (Act 5, Scene 2)"
"""This woman's an easy glove, my lord, she goes off and on at pleasure.""",William Shakespeare,Shakespeare Insults,"All's Well That Ends Well (Act 5, Scene 3)"
"""Thou art a boil, a plague sore""",William Shakespeare,Shakespeare Insults,"King Lear (Act 2, Scene 2)"
"""Was the Duke a flesh-monger, a fool and a coward?""",William Shakespeare,Shakespeare Insults,"Measure For Measure (Act 5, Scene 1)"
"""Thou art as fat as butter.""",William Shakespeare,Shakespeare Insults,"Henry IV Part 1 (Act 2, Scene 4)"
"""Here is the babe, as loathsome as a toad.""",William Shakespeare,Shakespeare Insults,"Titus Andronicus (Act 4, Scene 3)"
"""Like the toad; ugly and venomous.""",William Shakespeare,Shakespeare Insults,"As You Like It (Act 2, Scene 1)"
"""Thou art unfit for any place but hell.""",William Shakespeare,Shakespeare Insults,"Richard III (Act 1, Scene 2)"
"""Thou cream faced loon""",William Shakespeare,Shakespeare Insults,"Macbeth (Act 5, Scene 3)"
"""Thou clay-brained guts, thou knotty-pated fool, thou whoreson obscene greasy tallow-catch!""",William Shakespeare,Shakespeare Insults,"Henry IV Part 1 (Act 2, Scene 4 )"
"""Thou damned and luxurious mountain goat.""",William Shakespeare,Shakespeare Insults,"Henry V (Act 4, Scene 4)"
"""Thou elvish-mark'd, abortive, rooting hog!""",William Shakespeare,Shakespeare Insults,"Richard III (Act 1, Scene 3 )"
"""Thou leathern-jerkin, crystal-button, knot-pated, agatering, puke-stocking, caddis-garter, smooth-tongue, Spanish pouch!""",William Shakespeare,Shakespeare Insults,"Henry IV Part 1 (Act 2, Scene 4)"
"""Thou lump of foul deformity""",William Shakespeare,Shakespeare Insults,"Richard III (Act 1, Scene 2)"
"""That poisonous bunch-back'd toad!""",William Shakespeare,Shakespeare Insults,"Richard III (Act 1, Scene 3)"
"""Thou sodden-witted lord! Thou hast no more brain than I have in mine elbows """,William Shakespeare,Shakespeare Insults,"Troilus and Cressida (Act 2, Scene 1)"
"""Thou subtle, perjur'd, false, disloyal man!""",William Shakespeare,Shakespeare Insults,"The Two Gentlemen of Verona (Act 4, Scene 2)"
"""Thou whoreson zed , thou unnecessary letter!""",William Shakespeare,Shakespeare Insults,"King Lear (Act 2, Scene 2 )"
"""Thy sin's not accidental, but a trade.""",William Shakespeare,Shakespeare Insults,"Measure For Measure (Act 3, Scene 1)"
"""Thy tongue outvenoms all the worms of Nile.""",William Shakespeare,Shakespeare Insults,"Cymbeline (Act 3, Scene 4)"
"""Would thou wert clean enough to spit upon""",William Shakespeare,Shakespeare Insults,"Timon of Athens (Act 4, Scene 3)"
"""Would thou wouldst burst!""",William Shakespeare,Shakespeare Insults,"Timon of Athens (Act 4, Scene 3)"
"""You poor, base, rascally, cheating lack-linen mate! """,William Shakespeare,Shakespeare Insults,"Henry IV Part II (Act 2, Scene 4)"
"""You are as a candle, the better burnt out.""",William Shakespeare,Shakespeare Insults,"Henry IV Part 2 (Act 1, Scene 2)"
"""You scullion! You rampallian! You fustilarian! I'll tickle your catastrophe!""",William Shakespeare,Shakespeare Insults,"Henry IV Part 2 (Act 2, Scene 1)"
"""You starvelling, you eel-skin, you dried neat's-tongue, you bull's-pizzle, you stock-fish--O for breath to utter what is like thee!-you tailor's-yard, you sheath, you bow-case, you vile standing tuck!""",William Shakespeare,Shakespeare Insults,"Henry IV Part 1 (Act 2, Scene 4)"
"""Your brain is as dry as the remainder biscuit after voyage.""",William Shakespeare,Shakespeare Insults,"As You Like It (Act 2, Scene 7)"
"""Virginity breeds mites, much like a cheese.""",William Shakespeare,Shakespeare Insults,"All's Well That Ends Well (Act 1, Scene 1)"
"""Villain, I have done thy mother""",William Shakespeare,Shakespeare Insults,"Titus Andronicus (Act 4, Scene 2)"
"""Heaven truly knows that thou art false as hell""",William Shakespeare,Shakespeare Insults,"Othello (Act 4, Scene 2)"
"""Out of my sight! Thou dost infect mine eyes.""",William Shakespeare,Shakespeare Insults,"Richard III (Act 1, Scene 2)"
"""No longer from head to foot than from hip to hip, she is spherical, like a globe; I could find countries in her.""",William Shakespeare,Shakespeare Insults,"The Comedy of Errors (Act 3, Scene 2)"
"""You have such a February face, So full of frost, of storm, and cloudiness.""",William Shakespeare,Shakespeare Insults,"Much Ado About Nothing (Act 5, Scene 4)"
"**""I want to live and I am living, even though that defies logic. Even if I don't believe in the order of things, I still love the sticky leaves as they open each spring, the blue sky, and some people whom you love, do you believe it, and don't know why; I love some great deeds performed by men, in which, perhaps, I no longer believe but which I still treasure in my heart for old times' sake. Look, they've brought your fish soup: eat to your heart's content.""**",Fyodor Dostoevsky,Fyodor Dostoevsky,The Brothers Karamazov
"**""If you don't attain happiness, always remember that you are on the right path, and make every effort not to stray from it. The main thing is to avoid telling lies, all kinds of lies, keep from telling lies to yourself in particular. Watch out for your own deceitfulness, and do so every hour and every minute. Avoid indulging in disdain, too, for others and for yourself; whatever seems bad within you will be purged simply by virtue of the fact that you have noticed it yourself.""**",Fyodor Dostoevsky,Fyodor Dostoevsky,The Brothers Karamazov
"**""If it can't be resolved in the affirmative, then it will also never be resolved in the negative; you yourself know the nature of your own heart, and that's where all your torment lies.""**",Fyodor Dostoevsky,Fyodor Dostoevsky,The Brothers Karamazov
"""I have always experienced actual sensations less intensely than the sensation of having those sensations. I have always found my awareness of suffering more painful than the suffering itself.""",Fernando Pessoa,Fernando Pessoa,From The Book of Disquiet
"""If it were possible for us to see further than our knowledge reaches, and a little beyond the outworks of our intuitions, perhaps we should then bear our sadnesses with greater assurance than our joys. For they are the moments when something new enters into us, something unknown to us; our feelings, shy and inhibited, fall silent, everything in us withdraws, a stillness settles on us, and at the centre of it is the new presence that nobody yet knows, making no sound.""",Rainer Maria Rilke,Rainer Maria Rilke,From Letters to a Young Poet
"""Have I lived enough? Have I loved enough? Have I considered Right Action enough, have I come to any conclusions? Have I experienced happiness with sufficient gratitude? Have I endured loneliness with grace?""",Mary Oliver,Mary Oliver,From The Gardener in A Thousand Mornings
"""Resist the temptation to think what afflicts you is peculiar to you. Have faith that what is in your consciousness can be communicated to the consciousness of all. And is, in many cases, already there.""",Alice Walker,Alice Walker,From The Temple of My Familiar
"A flower doesn't boom through being pried open through force, likewise, psychic receptivity cannot be achieved through strain. Psychic receptivity comes with a state of mental passivity while simultaneously staying focused and open. We open ourselves up through relaxation. We want a focused flow, not force.",Mat Auryn,Mat Auryn,"Psychic Witch: A Metaphysical Guide to Meditation, Magick & Manifestation"
quote,character_name,starwars,source
May the Force be with you.,Luke Skywalker,starwars,A New Hope
I am your father.,Darth Vader,starwars,The Empire Strikes Back
"Do or do not, there is no try.",Yoda,starwars,The Empire Strikes Back
I've got a bad feeling about this.,Han Solo,starwars,A New Hope
It's a trap!,Admiral Ackbar,starwars,Return of the Jedi
"Help me, Obi-Wan Kenobi. You're my only hope.",Leia Organa,starwars,A New Hope
I find your lack of faith disturbing.,Darth Vader,starwars,A New Hope
The Force will be with you. Always.,Obi-Wan Kenobi,starwars,A New Hope
You were the Chosen One!,Obi-Wan Kenobi,starwars,Revenge of the Sith
Fear is the path to the dark side.,Yoda,starwars,The Phantom Menace
"Just for once, let me look on you with my own eyes.",Darth Vader,starwars,Return of the Jedi
"In my experience, there is no such thing as luck.",Obi-Wan Kenobi,starwars,A New Hope
I’ve got a bad feeling about this.,Han Solo,starwars,The Empire Strikes Back
"I am a Jedi, like my father before me.",Luke Skywalker,starwars,Return of the Jedi
Your focus determines your reality.,Qui-Gon Jinn,starwars,The Phantom Menace
The Force is strong with this one.,Darth Vader,starwars,A New Hope
I will not let this Republic that has stood for a thousand years be split in two.,Padmé Amidala,starwars,Attack of the Clones
There’s always a bigger fish.,Qui-Gon Jinn,starwars,The Phantom Menace
So this is how liberty dies. With thunderous applause.,Padmé Amidala,starwars,Revenge of the Sith
Power! Unlimited power!,Emperor Palpatine,starwars,Revenge of the Sith
The dark side of the Force is a pathway to many abilities some consider to be unnatural.,Emperor Palpatine,starwars,Revenge of the Sith
"You can’t stop the change, any more than you can stop the suns from setting.",Shmi Skywalker,starwars,The Phantom Menace
These aren’t the droids you’re looking for.,Obi-Wan Kenobi,starwars,A New Hope
"I sense great fear in you, Skywalker.",Count Dooku,starwars,Attack of the Clones
"There is no emotion, there is peace.",Yoda,starwars,The Empire Strikes Back
"Once you start down the dark path, forever will it dominate your destiny.",Yoda,starwars,The Empire Strikes Back
"A Jedi uses the Force for knowledge and defense, never for attack.",Yoda,starwars,The Empire Strikes Back
You will find that many of the truths we cling to depend greatly on our own point of view.,Obi-Wan Kenobi,starwars,Return of the Jedi
Never tell me the odds!,Han Solo,starwars,The Empire Strikes Back
"In my experience, there's no such thing as luck.",Obi-Wan Kenobi,starwars,A New Hope
I have a bad feeling about this.,Obi-Wan Kenobi,starwars,The Phantom Menace
It’s not my fault.,Han Solo,starwars,The Empire Strikes Back
Do you know what I’ve become?,Luke Skywalker,starwars,The Empire Strikes Back
I can’t watch anymore.,Anakin Skywalker,starwars,Return of the Jedi
I’ll never turn to the dark side.,Luke Skywalker,starwars,Return of the Jedi
"Remember, the Force will be with you, always.",Obi-Wan Kenobi,starwars,A New Hope
This is where the fun begins.,Anakin Skywalker,starwars,Revenge of the Sith
He’s no good to me dead.,Boba Fett,starwars,The Empire Strikes Back
I am altering the deal. Pray I don’t alter it any further.,Darth Vader,starwars,The Empire Strikes Back
"A long time ago in a galaxy far, far away…",Opening Crawl,starwars,A New Hope
Your eyes can deceive you; don’t trust them.,Obi-Wan Kenobi,starwars,A New Hope
Stay on target.,Gold Five,starwars,A New Hope
You serve your master well. And you will be rewarded.,Luke Skywalker,starwars,Return of the Jedi
"Chewie, we’re home.",Han Solo,starwars,The Force Awakens
I love you.,Leia Organa,starwars,The Empire Strikes Back
I know.,Han Solo,starwars,The Empire Strikes Back
"You’re all clear, kid. Now let’s blow this thing and go home.",Han Solo,starwars,A New Hope
We’re doomed.,C-3PO,starwars,A New Hope
"When I left you, I was but the learner. Now I am the master.",Darth Vader,starwars,A New Hope
Boba Fett? Boba Fett? Where?,Han Solo,starwars,Return of the Jedi
I thought they smelled bad on the outside.,Han Solo,starwars,The Empire Strikes Back
Would somebody get this big walking carpet out of my way?,Leia Organa,starwars,A New Hope
"Strike me down, and I will become more powerful than you could possibly imagine.",Obi-Wan Kenobi,starwars,A New Hope
Your overconfidence is your weakness.,Luke Skywalker,starwars,Return of the Jedi
"You have failed me for the last time, Admiral.",Darth Vader,starwars,The Empire Strikes Back
"Judge me by my size, do you?",Yoda,starwars,The Empire Strikes Back
"Luminous beings are we, not this crude matter.",Yoda,starwars,The Empire Strikes Back
"You were right about one thing, Master. The negotiations were short.",Obi-Wan Kenobi,starwars,The Phantom Menace
I will do what I must.,Obi-Wan Kenobi,starwars,Revenge of the Sith
Who’s scruffy-looking?,Han Solo,starwars,The Empire Strikes Back
We seem to be made to suffer. It’s our lot in life.,C-3PO,starwars,A New Hope
"Good against remotes is one thing. Good against the living, that’s something else.",Han Solo,starwars,A New Hope
"Great, kid. Don’t get cocky.",Han Solo,starwars,A New Hope
You don’t know the power of the dark side.,Darth Vader,starwars,Return of the Jedi
Wars not make one great.,Yoda,starwars,The Empire Strikes Back
I’ve got a bad feeling about this.,Luke Skywalker,starwars,Return of the Jedi
I’ve just made a deal that will keep the Empire out of here forever.,Lando Calrissian,starwars,The Empire Strikes Back
Bounty hunters. We don’t need their scum.,Admiral Piett,starwars,The Empire Strikes Back
That’s no moon. It’s a space station.,Obi-Wan Kenobi,starwars,A New Hope
The circle is now complete.,Darth Vader,starwars,A New Hope
"So be it, Jedi.",Emperor Palpatine,starwars,Return of the Jedi
My name is Luke Skywalker. I’m here to rescue you.,Luke Skywalker,starwars,A New Hope
I think I just blasted it.,Han Solo,starwars,A New Hope
"You have failed, your highness. I am a Jedi, like my father before me.",Luke Skywalker,starwars,Return of the Jedi
"You do have your moments. Not many, but you have them.",Leia Organa,starwars,The Empire Strikes Back
You look absolutely beautiful. You truly belong here with us among the clouds.,Lando Calrissian,starwars,The Empire Strikes Back
I’ll see you in hell!,Han Solo,starwars,The Empire Strikes Back
"The Force will be with you, always.",Obi-Wan Kenobi,starwars,A New Hope
This is the weapon of a Jedi Knight. Not as clumsy or random as a blaster; an elegant weapon for a more civilized age.,Obi-Wan Kenobi,starwars,A New Hope
"Fear leads to anger, anger leads to hate, hate leads to suffering.",Yoda,starwars,The Phantom Menace
Adventure. Excitement. A Jedi craves not these things.,Yoda,starwars,The Empire Strikes Back
You must unlearn what you have learned.,Yoda,starwars,The Empire Strikes Back
"I’ve been waiting for you, Obi-Wan. We meet again, at last.",Darth Vader,starwars,A New Hope
I can’t believe he’s gone.,Leia Organa,starwars,Return of the Jedi
"I’m out of it for a little while, everyone gets delusions of grandeur.",Han Solo,starwars,Return of the Jedi
"Laugh it up, fuzzball.",Han Solo,starwars,The Empire Strikes Back
"Now, young Skywalker, you will die.",Emperor Palpatine,starwars,Return of the Jedi
I think you just can’t bear to let a gorgeous guy like me out of your sight.,Han Solo,starwars,The Empire Strikes Back
"Why, you stuck-up, half-witted, scruffy-looking Nerf herder!",Leia Organa,starwars,The Empire Strikes Back
Quote,Author,tag,
“The world as we have created it is a process of our thinking. It cannot be changed without changing our thinking.”,Albert Einstein,general,
"“It is our choices, Harry, that show what we truly are, far more than our abilities.”",J.K. Rowling,general,
“There are only two ways to live your life. One is as though nothing is a miracle. The other is as though everything is a miracle.”,Albert Einstein,general,
"“The person, be it gentleman or lady, who has not pleasure in a good novel, must be intolerably stupid.”",Jane Austen,general,
"“Imperfection is beauty, madness is genius and it's better to be absolutely ridiculous than absolutely boring.”",Marilyn Monroe,general,
“Try not to become a man of success. Rather become a man of value.”,Albert Einstein,general,
“It is better to be hated for what you are than to be loved for what you are not.”,André Gide,general,
"“I have not failed. I've just found 10,000 ways that won't work.”",Thomas A. Edison,general,
“A woman is like a tea bag; you never know how strong it is until it's in hot water.”,Eleanor Roosevelt,general,
"“A day without sunshine is like, you know, night.”",Steve Martin,general,
"“This life is what you make it. No matter what, you're going to mess up sometimes, it's a universal truth. But the good part is you get to decide how you're going to mess it up. Girls will be your friends - they'll act like it anyway. But just remember, some come, some go. The ones that stay with you through everything - they're your true best friends. Don't let go of them. Also remember, sisters make the best friends in the world. As for lovers, well, they'll come and go too. And baby, I hate to say it, most of them - actually pretty much all of them are going to break your heart, but you can't give up because if you give up, you'll never find your soulmate. You'll never find that half who makes you whole and that goes for everything. Just because you fail once, doesn't mean you're gonna fail at everything. Keep trying, hold on, and always, always, always believe in yourself, because if you don't, then who will, sweetie? So keep your head high, keep your chin up, and most importantly, keep smiling, because life's a beautiful thing and there's so much to smile about.”",Marilyn Monroe,general,
"“It takes a great deal of bravery to stand up to our enemies, but just as much to stand up to our friends.”",J.K. Rowling,general,
"“If you can't explain it to a six year old, you don't understand it yourself.”",Albert Einstein,general,
"“You may not be her first, her last, or her only. She loved before she may love again. But if she loves you now, what else matters? She's not perfect—you aren't either, and the two of you may never be perfect together but if she can make you laugh, cause you to think twice, and admit to being human and making mistakes, hold onto her and give her the most you can. She may not be thinking about you every second of the day, but she will give you a part of her that she knows you can break—her heart. So don't hurt her, don't change her, don't analyze and don't expect more than she can give. Smile when she makes you happy, let her know when she makes you mad, and miss her when she's not there.”",Bob Marley,general,
"“I like nonsense, it wakes up the brain cells. Fantasy is a necessary ingredient in living.”",Dr. Seuss,general,
"“I may not have gone where I intended to go, but I think I have ended up where I needed to be.”",Douglas Adams,general,
"“The opposite of love is not hate, it's indifference. The opposite of art is not ugliness, it's indifference. The opposite of faith is not heresy, it's indifference. And the opposite of life is not death, it's indifference.”",Elie Wiesel,general,
"“It is not a lack of love, but a lack of friendship that makes unhappy marriages.”",Friedrich Nietzsche,general,
"“Good friends, good books, and a sleepy conscience: this is the ideal life.”",Mark Twain,general,
“Life is what happens to us while we are making other plans.”,Allen Saunders,general,
"“I love you without knowing how, or when, or from where. I love you simply, without problems or pride: I love you in this way because I do not know any other way of loving but this, in which there is no I or you, so intimate that your hand upon my chest is my hand, so intimate that when I fall asleep your eyes close.”",Pablo Neruda,general,
“For every minute you are angry you lose sixty seconds of happiness.”,Ralph Waldo Emerson,general,
"“If you judge people, you have no time to love them.”",Mother Teresa,general,
“Anyone who thinks sitting in church can make you a Christian must also think that sitting in a garage can make you a car.”,Garrison Keillor,general,
“Beauty is in the eye of the beholder and it may be necessary from time to time to give a stupid or misinformed beholder a black eye.”,Jim Henson,general,
"“Today you are You, that is truer than true. There is no one alive who is Youer than You.”",Dr. Seuss,general,
"“If you want your children to be intelligent, read them fairy tales. If you want them to be more intelligent, read them more fairy tales.”",Albert Einstein,general,
"“It is impossible to live without failing at something, unless you live so cautiously that you might as well not have lived at all - in which case, you fail by default.”",J.K. Rowling,general,
“Logic will get you from A to Z; imagination will get you everywhere.”,Albert Einstein,general,
"“One good thing about music, when it hits you, you feel no pain.”",Bob Marley,general,
"“The more that you read, the more things you will know. The more that you learn, the more places you'll go.”",Dr. Seuss,general,
"“Of course it is happening inside your head, Harry, but why on earth should that mean that it is not real?”",J.K. Rowling,general,
"“The truth is, everyone is going to hurt you. You just got to find the ones worth suffering for.”",Bob Marley,general,
“Not all of us can do great things. But we can do small things with great love.”,Mother Teresa,general,
"“To the well-organized mind, death is but the next great adventure.”",J.K. Rowling,general,
“All you need is love. But a little chocolate now and then doesn't hurt.”,Charles M. Schulz,general,
“We read to know we're not alone.”,William Nicholson,general,
“Any fool can know. The point is to understand.”,Albert Einstein,general,
“I have always imagined that Paradise will be a kind of library.”,Jorge Luis Borges,general,
“It is never too late to be what you might have been.”,George Eliot,general,
"“A reader lives a thousand lives before he dies, said Jojen. The man who never reads lives only one.”",George R.R. Martin,general,
“You can never get a cup of tea large enough or a book long enough to suit me.”,C.S. Lewis,general,
“You believe lies so you eventually learn to trust no one but yourself.”,Marilyn Monroe,general,
"“If you can make a woman laugh, you can make her do anything.”",Marilyn Monroe,general,
"“Life is like riding a bicycle. To keep your balance, you must keep moving.”",Albert Einstein,general,
“The real lover is the man who can thrill you by kissing your forehead or smiling into your eyes or just staring into space.”,Marilyn Monroe,general,
"“A wise girl kisses but doesn't love, listens but doesn't believe, and leaves before she is left.”",Marilyn Monroe,general,
“Only in the darkness can you see the stars.”,Martin Luther King Jr.,general,
"“It matters not what someone is born, but what they grow to be.”",J.K. Rowling,general,
"“Love does not begin and end the way we seem to think it does. Love is a battle, love is a war; love is a growing up.”",James Baldwin,general,
"“There is nothing I would not do for those who are really my friends. I have no notion of loving people by halves, it is not my nature.”",Jane Austen,general,
“Do one thing every day that scares you.”,Eleanor Roosevelt,general,
"“I am good, but not an angel. I do sin, but I am not the devil. I am just a small girl in a big world trying to find someone to love.”",Marilyn Monroe,general,
"“If I were not a physicist, I would probably be a musician. I often think in music. I live my daydreams in music. I see my life in terms of music.”",Albert Einstein,general,
"“If you only read the books that everyone else is reading, you can only think what everyone else is thinking.”",Haruki Murakami,general,
“The difference between genius and stupidity is: genius has its limits.”,Alexandre Dumas fils,general,
"“He's like a drug for you, Bella.”",Stephenie Meyer,general,
“There is no friend as loyal as a book.”,Ernest Hemingway,general,
"“When one door of happiness closes, another opens; but often we look so long at the closed door that we do not see the one which has been opened for us.”",Helen Keller,general,
“Life isn't about finding yourself. Life is about creating yourself.”,George Bernard Shaw,general,
"“That's the problem with drinking, I thought, as I poured myself a drink. If something bad happens you drink in an attempt to forget; if something good happens you drink in order to celebrate; and if nothing happens you drink to make something happen.”",Charles Bukowski,general,
“You don’t forget the face of the person who was your last hope.”,Suzanne Collins,general,
"“Remember, we're madly in love, so it's all right to kiss me anytime you feel like it.”",Suzanne Collins,general,
"“To love at all is to be vulnerable. Love anything and your heart will be wrung and possibly broken. If you want to make sure of keeping it intact you must give it to no one, not even an animal. Wrap it carefully round with hobbies and little luxuries; avoid all entanglements. Lock it up safe in the casket or coffin of your selfishness. But in that casket, safe, dark, motionless, airless, it will change. It will not be broken; it will become unbreakable, impenetrable, irredeemable. To love is to be vulnerable.”",C.S. Lewis,general,
“Not all those who wander are lost.”,J.R.R. Tolkien,general,
"“Do not pity the dead, Harry. Pity the living, and, above all those who live without love.”",J.K. Rowling,general,
“There is nothing to writing. All you do is sit down at a typewriter and bleed.”,Ernest Hemingway,general,
“Finish each day and be done with it. You have done what you could. Some blunders and absurdities no doubt crept in; forget them as soon as you can. Tomorrow is a new day. You shall begin it serenely and with too high a spirit to be encumbered with your old nonsense.”,Ralph Waldo Emerson,general,
“I have never let my schooling interfere with my education.”,Mark Twain,general,
“I have heard there are troubles of more than one kind. Some come from ahead and some come from behind. But I've bought a big bat. I'm all ready you see. Now my troubles are going to have troubles with me!”,Dr. Seuss,general,
“If I had a flower for every time I thought of you...I could walk through my garden forever.”,Alfred Tennyson,general,
“Some people never go crazy. What truly horrible lives they must lead.”,Charles Bukowski,general,
"“The trouble with having an open mind, of course, is that people will insist on coming along and trying to put things in it.”",Terry Pratchett,general,
"“Think left and think right and think low and think high. Oh, the thinks you can think up if only you try!”",Dr. Seuss,general,
"“What really knocks me out is a book that, when you're all done reading it, you wish the author that wrote it was a terrific friend of yours and you could call him up on the phone whenever you felt like it. That doesn't happen much, though.”",J.D. Salinger,general,
“The reason I talk to myself is because I’m the only one whose answers I accept.”,George Carlin,general,
"“You may say I'm a dreamer, but I'm not the only one. I hope someday you'll join us. And the world will live as one.”",John Lennon,general,
“I am free of all prejudice. I hate everyone equally. ”,W.C. Fields,general,
“The question isn't who is going to let me; it's who is going to stop me.”,Ayn Rand,general,
“′Classic′ - a book which people praise and don't read.”,Mark Twain,general,
“Anyone who has never made a mistake has never tried anything new.”,Albert Einstein,general,
"“A lady's imagination is very rapid; it jumps from admiration to love, from love to matrimony in a moment.”",Jane Austen,general,
"“Remember, if the time should come when you have to make a choice between what is right and what is easy, remember what happened to a boy who was good, and kind, and brave, because he strayed across the path of Lord Voldemort. Remember Cedric Diggory.”",J.K. Rowling,general,
"“I declare after all there is no enjoyment like reading! How much sooner one tires of any thing than of a book! -- When I have a house of my own, I shall be miserable if I have not an excellent library.”",Jane Austen,general,
"“There are few people whom I really love, and still fewer of whom I think well. The more I see of the world, the more am I dissatisfied with it; and every day confirms my belief of the inconsistency of all human characters, and of the little dependence that can be placed on the appearance of merit or sense.”",Jane Austen,general,
“Some day you will be old enough to start reading fairy tales again.”,C.S. Lewis,general,
“We are not necessarily doubting that God will do the best for us; we are wondering how painful the best will turn out to be.”,C.S. Lewis,general,
“The fear of death follows from the fear of life. A man who lives fully is prepared to die at any time.”,Mark Twain,general,
“A lie can travel half way around the world while the truth is putting on its shoes.”,Mark Twain,general,
"“I believe in Christianity as I believe that the sun has risen: not only because I see it, but because by it I see everything else.”",C.S. Lewis,general,
"“The truth."" Dumbledore sighed. ""It is a beautiful and terrible thing, and should therefore be treated with great caution.”",J.K. Rowling,general,
"“I'm the one that's got to die when it's time for me to die, so let me live my life the way I want to.”",Jimi Hendrix,general,
“To die will be an awfully big adventure.”,J.M. Barrie,general,
“It takes courage to grow up and become who you really are.”,E.E. Cummings,general,
“But better to get hurt by the truth than comforted with a lie.”,Khaled Hosseini,general,
“You never really understand a person until you consider things from his point of view... Until you climb inside of his skin and walk around in it.”,Harper Lee,general,
"“You have to write the book that wants to be written. And if the book will be too difficult for grown-ups, then you write it for children.”",Madeleine L'Engle,general,
“Never tell the truth to people who are not worthy of it.”,Mark Twain,general,
"“A person's a person, no matter how small.”",Dr. Seuss,general,
"“... a mind needs books as a sword needs a whetstone, if it is to keep its edge.”",George R.R. Martin,general,
“The world as we have created it is a process of our thinking. It cannot be changed without changing our thinking.”,Albert Einstein,general,
"“It is our choices, Harry, that show what we truly are, far more than our abilities.”",J.K. Rowling,general,
“There are only two ways to live your life. One is as though nothing is a miracle. The other is as though everything is a miracle.”,Albert Einstein,general,
"“The person, be it gentleman or lady, who has not pleasure in a good novel, must be intolerably stupid.”",Jane Austen,general,
"“Imperfection is beauty, madness is genius and it's better to be absolutely ridiculous than absolutely boring.”",Marilyn Monroe,general,
“Try not to become a man of success. Rather become a man of value.”,Albert Einstein,general,
“It is better to be hated for what you are than to be loved for what you are not.”,André Gide,general,
"“I have not failed. I've just found 10,000 ways that won't work.”",Thomas A. Edison,general,
“A woman is like a tea bag; you never know how strong it is until it's in hot water.”,Eleanor Roosevelt,general,
"“A day without sunshine is like, you know, night.”",Steve Martin,general,
"“This life is what you make it. No matter what, you're going to mess up sometimes, it's a universal truth. But the good part is you get to decide how you're going to mess it up. Girls will be your friends - they'll act like it anyway. But just remember, some come, some go. The ones that stay with you through everything - they're your true best friends. Don't let go of them. Also remember, sisters make the best friends in the world. As for lovers, well, they'll come and go too. And baby, I hate to say it, most of them - actually pretty much all of them are going to break your heart, but you can't give up because if you give up, you'll never find your soulmate. You'll never find that half who makes you whole and that goes for everything. Just because you fail once, doesn't mean you're gonna fail at everything. Keep trying, hold on, and always, always, always believe in yourself, because if you don't, then who will, sweetie? So keep your head high, keep your chin up, and most importantly, keep smiling, because life's a beautiful thing and there's so much to smile about.”",Marilyn Monroe,general,
"“It takes a great deal of bravery to stand up to our enemies, but just as much to stand up to our friends.”",J.K. Rowling,general,
"“If you can't explain it to a six year old, you don't understand it yourself.”",Albert Einstein,general,
"“You may not be her first, her last, or her only. She loved before she may love again. But if she loves you now, what else matters? She's not perfect—you aren't either, and the two of you may never be perfect together but if she can make you laugh, cause you to think twice, and admit to being human and making mistakes, hold onto her and give her the most you can. She may not be thinking about you every second of the day, but she will give you a part of her that she knows you can break—her heart. So don't hurt her, don't change her, don't analyze and don't expect more than she can give. Smile when she makes you happy, let her know when she makes you mad, and miss her when she's not there.”",Bob Marley,general,
"“I like nonsense, it wakes up the brain cells. Fantasy is a necessary ingredient in living.”",Dr. Seuss,general,
"“I may not have gone where I intended to go, but I think I have ended up where I needed to be.”",Douglas Adams,general,
"“The opposite of love is not hate, it's indifference. The opposite of art is not ugliness, it's indifference. The opposite of faith is not heresy, it's indifference. And the opposite of life is not death, it's indifference.”",Elie Wiesel,general,
"“It is not a lack of love, but a lack of friendship that makes unhappy marriages.”",Friedrich Nietzsche,general,
"“Good friends, good books, and a sleepy conscience: this is the ideal life.”",Mark Twain,general,
“Life is what happens to us while we are making other plans.”,Allen Saunders,general,
"“I love you without knowing how, or when, or from where. I love you simply, without problems or pride: I love you in this way because I do not know any other way of loving but this, in which there is no I or you, so intimate that your hand upon my chest is my hand, so intimate that when I fall asleep your eyes close.”",Pablo Neruda,general,
“For every minute you are angry you lose sixty seconds of happiness.”,Ralph Waldo Emerson,general,
"“If you judge people, you have no time to love them.”",Mother Teresa,general,
“Anyone who thinks sitting in church can make you a Christian must also think that sitting in a garage can make you a car.”,Garrison Keillor,general,
“Beauty is in the eye of the beholder and it may be necessary from time to time to give a stupid or misinformed beholder a black eye.”,Jim Henson,general,
"“Today you are You, that is truer than true. There is no one alive who is Youer than You.”",Dr. Seuss,general,
"“If you want your children to be intelligent, read them fairy tales. If you want them to be more intelligent, read them more fairy tales.”",Albert Einstein,general,
"“It is impossible to live without failing at something, unless you live so cautiously that you might as well not have lived at all - in which case, you fail by default.”",J.K. Rowling,general,
“Logic will get you from A to Z; imagination will get you everywhere.”,Albert Einstein,general,
"“One good thing about music, when it hits you, you feel no pain.”",Bob Marley,general,
"“The more that you read, the more things you will know. The more that you learn, the more places you'll go.”",Dr. Seuss,general,
"“Of course it is happening inside your head, Harry, but why on earth should that mean that it is not real?”",J.K. Rowling,general,
"“The truth is, everyone is going to hurt you. You just got to find the ones worth suffering for.”",Bob Marley,general,
“Not all of us can do great things. But we can do small things with great love.”,Mother Teresa,general,
"“To the well-organized mind, death is but the next great adventure.”",J.K. Rowling,general,
“All you need is love. But a little chocolate now and then doesn't hurt.”,Charles M. Schulz,general,
“We read to know we're not alone.”,William Nicholson,general,
“Any fool can know. The point is to understand.”,Albert Einstein,general,
“I have always imagined that Paradise will be a kind of library.”,Jorge Luis Borges,general,
“It is never too late to be what you might have been.”,George Eliot,general,
"“A reader lives a thousand lives before he dies, said Jojen. The man who never reads lives only one.”",George R.R. Martin,general,
“You can never get a cup of tea large enough or a book long enough to suit me.”,C.S. Lewis,general,
“You believe lies so you eventually learn to trust no one but yourself.”,Marilyn Monroe,general,
"“If you can make a woman laugh, you can make her do anything.”",Marilyn Monroe,general,
"“Life is like riding a bicycle. To keep your balance, you must keep moving.”",Albert Einstein,general,
“The real lover is the man who can thrill you by kissing your forehead or smiling into your eyes or just staring into space.”,Marilyn Monroe,general,
"“A wise girl kisses but doesn't love, listens but doesn't believe, and leaves before she is left.”",Marilyn Monroe,general,
“Only in the darkness can you see the stars.”,Martin Luther King Jr.,general,
"“It matters not what someone is born, but what they grow to be.”",J.K. Rowling,general,
"“Love does not begin and end the way we seem to think it does. Love is a battle, love is a war; love is a growing up.”",James Baldwin,general,
"“There is nothing I would not do for those who are really my friends. I have no notion of loving people by halves, it is not my nature.”",Jane Austen,general,
“Do one thing every day that scares you.”,Eleanor Roosevelt,general,
"“I am good, but not an angel. I do sin, but I am not the devil. I am just a small girl in a big world trying to find someone to love.”",Marilyn Monroe,general,
"“If I were not a physicist, I would probably be a musician. I often think in music. I live my daydreams in music. I see my life in terms of music.”",Albert Einstein,general,
"“If you only read the books that everyone else is reading, you can only think what everyone else is thinking.”",Haruki Murakami,general,
“The difference between genius and stupidity is: genius has its limits.”,Alexandre Dumas fils,general,
"“He's like a drug for you, Bella.”",Stephenie Meyer,general,
“There is no friend as loyal as a book.”,Ernest Hemingway,general,
"“When one door of happiness closes, another opens; but often we look so long at the closed door that we do not see the one which has been opened for us.”",Helen Keller,general,
“Life isn't about finding yourself. Life is about creating yourself.”,George Bernard Shaw,general,
"“That's the problem with drinking, I thought, as I poured myself a drink. If something bad happens you drink in an attempt to forget; if something good happens you drink in order to celebrate; and if nothing happens you drink to make something happen.”",Charles Bukowski,general,
“You don’t forget the face of the person who was your last hope.”,Suzanne Collins,general,
"“Remember, we're madly in love, so it's all right to kiss me anytime you feel like it.”",Suzanne Collins,general,
"“To love at all is to be vulnerable. Love anything and your heart will be wrung and possibly broken. If you want to make sure of keeping it intact you must give it to no one, not even an animal. Wrap it carefully round with hobbies and little luxuries; avoid all entanglements. Lock it up safe in the casket or coffin of your selfishness. But in that casket, safe, dark, motionless, airless, it will change. It will not be broken; it will become unbreakable, impenetrable, irredeemable. To love is to be vulnerable.”",C.S. Lewis,general,
“Not all those who wander are lost.”,J.R.R. Tolkien,general,
"“Do not pity the dead, Harry. Pity the living, and, above all those who live without love.”",J.K. Rowling,general,
“There is nothing to writing. All you do is sit down at a typewriter and bleed.”,Ernest Hemingway,general,
“Finish each day and be done with it. You have done what you could. Some blunders and absurdities no doubt crept in; forget them as soon as you can. Tomorrow is a new day. You shall begin it serenely and with too high a spirit to be encumbered with your old nonsense.”,Ralph Waldo Emerson,general,
“I have never let my schooling interfere with my education.”,Mark Twain,general,
“I have heard there are troubles of more than one kind. Some come from ahead and some come from behind. But I've bought a big bat. I'm all ready you see. Now my troubles are going to have troubles with me!”,Dr. Seuss,general,
“If I had a flower for every time I thought of you...I could walk through my garden forever.”,Alfred Tennyson,general,
“Some people never go crazy. What truly horrible lives they must lead.”,Charles Bukowski,general,
"“The trouble with having an open mind, of course, is that people will insist on coming along and trying to put things in it.”",Terry Pratchett,general,
"“Think left and think right and think low and think high. Oh, the thinks you can think up if only you try!”",Dr. Seuss,general,
"“What really knocks me out is a book that, when you're all done reading it, you wish the author that wrote it was a terrific friend of yours and you could call him up on the phone whenever you felt like it. That doesn't happen much, though.”",J.D. Salinger,general,
“The reason I talk to myself is because I’m the only one whose answers I accept.”,George Carlin,general,
"“You may say I'm a dreamer, but I'm not the only one. I hope someday you'll join us. And the world will live as one.”",John Lennon,general,
“I am free of all prejudice. I hate everyone equally. ”,W.C. Fields,general,
“The question isn't who is going to let me; it's who is going to stop me.”,Ayn Rand,general,
“′Classic′ - a book which people praise and don't read.”,Mark Twain,general,
“Anyone who has never made a mistake has never tried anything new.”,Albert Einstein,general,
"“A lady's imagination is very rapid; it jumps from admiration to love, from love to matrimony in a moment.”",Jane Austen,general,
"“Remember, if the time should come when you have to make a choice between what is right and what is easy, remember what happened to a boy who was good, and kind, and brave, because he strayed across the path of Lord Voldemort. Remember Cedric Diggory.”",J.K. Rowling,general,
"“I declare after all there is no enjoyment like reading! How much sooner one tires of any thing than of a book! -- When I have a house of my own, I shall be miserable if I have not an excellent library.”",Jane Austen,general,
"“There are few people whom I really love, and still fewer of whom I think well. The more I see of the world, the more am I dissatisfied with it; and every day confirms my belief of the inconsistency of all human characters, and of the little dependence that can be placed on the appearance of merit or sense.”",Jane Austen,general,
“Some day you will be old enough to start reading fairy tales again.”,C.S. Lewis,general,
“We are not necessarily doubting that God will do the best for us; we are wondering how painful the best will turn out to be.”,C.S. Lewis,general,
“The fear of death follows from the fear of life. A man who lives fully is prepared to die at any time.”,Mark Twain,general,
“A lie can travel half way around the world while the truth is putting on its shoes.”,Mark Twain,general,
"“I believe in Christianity as I believe that the sun has risen: not only because I see it, but because by it I see everything else.”",C.S. Lewis,general,
"“The truth."" Dumbledore sighed. ""It is a beautiful and terrible thing, and should therefore be treated with great caution.”",J.K. Rowling,general,
"“I'm the one that's got to die when it's time for me to die, so let me live my life the way I want to.”",Jimi Hendrix,general,
“To die will be an awfully big adventure.”,J.M. Barrie,general,
“It takes courage to grow up and become who you really are.”,E.E. Cummings,general,
“But better to get hurt by the truth than comforted with a lie.”,Khaled Hosseini,general,
“You never really understand a person until you consider things from his point of view... Until you climb inside of his skin and walk around in it.”,Harper Lee,general,
"“You have to write the book that wants to be written. And if the book will be too difficult for grown-ups, then you write it for children.”",Madeleine L'Engle,general,
“Never tell the truth to people who are not worthy of it.”,Mark Twain,general,
"“A person's a person, no matter how small.”",Dr. Seuss,general,
"“... a mind needs books as a sword needs a whetstone, if it is to keep its edge.”",George R.R. Martin,general,
Be yourself; everyone else is already taken.,Oscar Wilde,general,
"I'm selfish, impatient and a little insecure. I make mistakes, I am out of control and at times hard to handle. But if you can't handle me at my worst, then you sure as hell don't deserve me at my best.",Marilyn Monroe,general,
"So many books, so little time.",Frank Zappa,general,
Two things are infinite: the universe and human stupidity; and I'm not sure about the universe.,Albert Einstein,general,
A room without books is like a body without a soul.,Marcus Tullius Cicero,general,
"Be who you are and say what you feel, because those who mind don't matter, and those who matter don't mind.",Bernard M. Baruch,general,
"You've gotta dance like there's nobody watching,Love like you'll never be hurt,Sing like there's nobody listening,And live like it's heaven on earth.",William W. Purkey,general,
You know you're in love when you can't fall asleep because reality is finally better than your dreams.,Dr. Seuss,general,
"You only live once, but if you do it right, once is enough.",Mae West,general,
Be the change that you wish to see in the world.,Mahatma Gandhi,general,
In three words I can sum up everything I've learned about life: it goes on.,Robert Frost,general,
"If you want to know what a man's like, take a good look at how he treats his inferiors, not his equals.","J.K. Rowling,",general,
Don’t walk in front of me… I may not followDon’t walk behind me… I may not leadWalk beside me… just be my friend,Albert Camus,general,
"If you tell the truth, you don't have to remember anything.",Mark Twain,general,
"Friendship ... is born at the moment when one man says to another ""What! You too? I thought that no one but myself . . .","C.S. Lewis,",general,
"I've learned that people will forget what you said, people will forget what you did, but people will never forget how you made them feel.",Maya Angelou,general,
A friend is someone who knows all about you and still loves you.,Elbert Hubbard,general,
"To live is the rarest thing in the world. Most people exist, that is all.",Oscar Wilde,general,
Always forgive your enemies; nothing annoys them so much.,Oscar Wilde,general,
Darkness cannot drive out darkness: only light can do that. Hate cannot drive out hate: only love can do that.,"Martin Luther King Jr.,",general,
Live as if you were to die tomorrow. Learn as if you were to live forever.,Mahatma Gandhi,general,
We accept the love we think we deserve.,"Stephen Chbosky,",general,
"Without music, life would be a mistake.","Friedrich Nietzsche,",general,
I am so clever that sometimes I don't understand a single word of what I am saying.,"Oscar Wilde,",general,
To be yourself in a world that is constantly trying to make you something else is the greatest accomplishment.,Ralph Waldo Emerson,general,
"Here's to the crazy ones. The misfits. The rebels. The troublemakers. The round pegs in the square holes. The ones who see things differently. They're not fond of rules. And they have no respect for the status quo. You can quote them, disagree with them, glorify or vilify them. About the only thing you can't do is ignore them. Because they change things. They push the human race forward. And while some may see them as the crazy ones, we see genius. Because the people who are crazy enough to think they can change the world, are the ones who do.",Steve Jobs,general,
"Insanity is doing the same thing, over and over again, but expecting different results.",Narcotics Anonymous,general,
"I believe that everything happens for a reason. People change so that you can learn to let go, things go wrong so that you appreciate them when they're right, you believe lies so you eventually learn to trust no one but yourself, and sometimes good things fall apart so better things can fall together.",Marilyn Monroe,general,
It is better to be hated for what you are than to be loved for what you are not.,"Andre Gide,",general,
Twenty years from now you will be more disappointed by the things that you didn't do than by the ones you did do. So throw off the bowlines. Sail away from the safe harbor. Catch the trade winds in your sails. Explore. Dream. Discover.,"H. Jackson Brown Jr.,",general,
"Only once in your life, I truly believe, you find someone who can completely turn your world around. You tell them things that you’ve never shared with another soul and they absorb everything you say and actually want to hear more. You share hopes for the future, dreams that will never come true, goals that were never achieved and the many disappointments life has thrown at you. When something wonderful happens, you can’t wait to tell them about it, knowing they will share in your excitement. They are not embarrassed to cry with you when you are hurting or laugh with you when you make a fool of yourself. Never do they hurt your feelings or make you feel like you are not good enough, but rather they build you up and show you the things about yourself that make you special and even beautiful. There is never any pressure, jealousy or competition but only a quiet calmness when they are around. You can be yourself and not worry about what they will think of you because they love you for who you are. The things that seem insignificant to most people such as a note, song or walk become invaluable treasures kept safe in your heart to cherish forever. Memories of your childhood come back and are so clear and vivid it’s like being young again. Colours seem brighter and more brilliant. Laughter seems part of daily life where before it was infrequent or didn’t exist at all. A phone call or two during the day helps to get you through a long day’s work and always brings a smile to your face. In their presence, there’s no need for continuous conversation, but you find you’re quite content in just having them nearby. Things that never interested you before become fascinating because you know they are important to this person who is so special to you. You think of this person on every occasion and in everything you do. Simple things bring them to mind like a pale blue sky, gentle wind or even a storm cloud on the horizon. You open your heart knowing that there’s a chance it may be broken one day and in opening your heart, you experience a love and joy that you never dreamed possible. You find that being vulnerable is the only way to allow your heart to feel true pleasure that’s so real it scares you. You find strength in knowing you have a true friend and possibly a soul mate who will remain loyal to the end. Life seems completely different, exciting and worthwhile. Your only hope and security is in knowing that they are a part of your life.",Bob Marley,general,
"All that is gold does not glitter,Not all those who wander are lost;The old that is strong does not wither,Deep roots are not reached by the frost.From the ashes a fire shall be woken,A light from the shadows shall spring;Renewed shall be blade that was broken,The crownless again shall be king.","J.R.R. Tolkien,",general,
"The person, be it gentleman or lady, who has not pleasure in a good novel, must be intolerably stupid.","Jane Austen,",general,
"It is our choices, Harry, that show what we truly are, far more than our abilities.","J.K. Rowling,",general,
"Imperfection is beauty, madness is genius and it's better to be absolutely ridiculous than absolutely boring.",Marilyn Monroe,general,
There are only two ways to live your life. One is as though nothing is a miracle. The other is as though everything is a miracle.,Albert Einstein,general,
It does not do to dwell on dreams and forget to live.,"J.K. Rowling,",general,
"Good friends, good books, and a sleepy conscience: this is the ideal life.",Mark Twain,general,
"As he read, I fell in love the way you fall asleep: slowly, and then all at once.","John Green,",general,
"We are all in the gutter, but some of us are looking at the stars.","Oscar Wilde,",general,
"Fairy tales are more than true: not because they tell us that dragons exist, but because they tell us that dragons can be beaten.","Neil Gaiman,",general,
"The fool doth think he is wise, but the wise man knows himself to be a fool.","William Shakespeare,",general,
"It is better to remain silent at the risk of being thought a fool, than to talk and remove all doubt of it.","Maurice Switzer,",general,
"Whenever you find yourself on the side of the majority, it is time to reform (or pause and reflect).",Mark Twain,general,
Life is what happens to us while we are making other plans.,Allen Saunders,general,
"Yesterday is history, tomorrow is a mystery, today is a gift of God, which is why we call it the present.",Bill Keane,general,
"I have not failed. I've just found 10,000 ways that won't work.",Thomas A. Edison,general,
"It is not a lack of love, but a lack of friendship that makes unhappy marriages.",Friedrich Nietzsche,general,
"The opposite of love is not hate, it's indifference. The opposite of art is not ugliness, it's indifference. The opposite of faith is not heresy, it's indifference. And the opposite of life is not death, it's indifference.",Elie Wiesel,general,
The man who does not read has no advantage over the man who cannot read.,Mark Twain,general,
A woman is like a tea bag; you never know how strong it is until it's in hot water.,Eleanor Roosevelt,general,
"I love you without knowing how, or when, or from where. I love you simply, without problems or pride: I love you in this way because I do not know any other way of loving but this, in which there is no I or you, so intimate that your hand upon my chest is my hand, so intimate that when I fall asleep your eyes close.","Pablo Neruda,",general,
"I may not have gone where I intended to go, but I think I have ended up where I needed to be.","douglas adams,",general,
If you don't stand for something you will fall for anything.,Gordon A. Eadie,general,
"Outside of a dog, a book is man's best friend. Inside of a dog it's too dark to read.","Groucho Marx,",general,
I solemnly swear that I am up to no good.,"J.K. Rowling,",general,
I am enough of an artist to draw freely upon my imagination. Imagination is more important than knowledge. Knowledge is limited. Imagination encircles the world.,Albert Einstein,general,
"Love all, trust a few,Do wrong to none: be able for thine enemyRather in power than use; and keep thy friendUnder thy own life's key: be check'd for silence,But never tax'd for speech.","William Shakespeare,",general,
Have you ever been in love? Horrible isn't it? It makes you so vulnerable. It opens your chest and it opens up your heart and it means that someone can get inside you and mess you up.,"Neil Gaiman,",general,
"I like nonsense, it wakes up the brain cells. Fantasy is a necessary ingredient in living.",Dr. Seuss,general,
"A reader lives a thousand lives before he dies, said Jojen. The man who never reads lives only one.","George R.R. Martin,",general,
"A day without sunshine is like, you know, night.",Steve Martin,general,
Never put off till tomorrow what may be done day after tomorrow just as well.,Mark Twain,general,
"Being deeply loved by someone gives you strength, while loving someone deeply gives you courage.",Lao Tzu,general,
You have brains in your head. You have feet in your shoes. You can steer yourself any direction you choose. You're on your own. And you know what you know. And YOU are the one who'll decide where to go...,"Dr. Seuss,",general,
That which does not kill us makes us stronger.,Friedrich Nietzsche,general,
It is never too late to be what you might have been.,George Eliot,general,
For every minute you are angry you lose sixty seconds of happiness.,Ralph Waldo Emerson,general,
"This life is what you make it. No matter what, you're going to mess up sometimes, it's a universal truth. But the good part is you get to decide how you're going to mess it up. Girls will be your friends - they'll act like it anyway. But just remember, some come, some go. The ones that stay with you through everything - they're your true best friends. Don't let go of them. Also remember, sisters make the best friends in the world. As for lovers, well, they'll come and go too. And baby, I hate to say it, most of them - actually pretty much all of them are going to break your heart, but you can't give up because if you give up, you'll never find your soulmate. You'll never find that half who makes you whole and that goes for everything. Just because you fail once, doesn't mean you're gonna fail at everything. Keep trying, hold on, and always, always, always believe in yourself, because if you don't, then who will, sweetie? So keep your head high, keep your chin up, and most importantly, keep smiling, because life's a beautiful thing and there's so much to smile about.",Marilyn Monroe,general,
"It takes a great deal of bravery to stand up to our enemies, but just as much to stand up to our friends.","J.K. Rowling,",general,
I love deadlines. I love the whooshing noise they make as they go by.,"Douglas Adams,",general,
"If you judge people, you have no time to love them.",Mother Teresa,general,
"I'm not upset that you lied to me, I'm upset that from now on I can't believe you.",Friedrich Nietzsche,general,
There is no greater agony than bearing an untold story inside you.,"Maya Angelou,",general,
"There is never a time or place for true love. It happens accidentally, in a heartbeat, in a single flashing, throbbing moment.","Sarah Dessen,",general,
"If you can't explain it to a six year old, you don't understand it yourself.",Albert Einstein,general,
"If you only read the books that everyone else is reading, you can only think what everyone else is thinking.","Haruki Murakami,",general,
Love is that condition in which the happiness of another person is essential to your own.,"Robert A. Heinlein,",general,
Anyone who thinks sitting in church can make you a Christian must also think that sitting in a garage can make you a car.,Garrison Keillor,general,
Everything you can imagine is real.,Pablo Picasso,general,
I have always imagined that Paradise will be a kind of library.,Jorge Luis Borges,general,
"Women and cats will do as they please, and men and dogs should relax and get used to the idea.",Robert A. Heinlein,general,
"We don't see things as they are, we see them as we are.",Anaïs Nin,general,
"You may not be her first, her last, or her only. She loved before she may love again. But if she loves you now, what else matters? She's not perfect—you aren't either, and the two of you may never be perfect together but if she can make you laugh, cause you to think twice, and admit to being human and making mistakes, hold onto her and give her the most you can. She may not be thinking about you every second of the day, but she will give you a part of her that she knows you can break—her heart. So don't hurt her, don't change her, don't analyze and don't expect more than she can give. Smile when she makes you happy, let her know when she makes you mad, and miss her when she's not there.",Bob Marley,general,
Sometimes the questions are complicated and the answers are simple.,Dr. Seuss,general,
"You love me. Real or not real?""I tell him, ""Real.","Suzanne Collins,",general,
You can never get a cup of tea large enough or a book long enough to suit me.,C.S. Lewis,general,
Never trust anyone who has not brought a book with them.,"Lemony Snicket,",general,
We read to know we're not alone.,"William Nicholson,",general,
"Sometimes, you read a book and it fills you with this weird evangelical zeal, and you become convinced that the shattered world will never be put back together unless and until all living humans read the book.","John Green,",general,
Life isn't about finding yourself. Life is about creating yourself.,George Bernard Shaw,general,
All you need is love. But a little chocolate now and then doesn't hurt.,Charles M. Schulz,general,
Beauty is in the eye of the beholder and it may be necessary from time to time to give a stupid or misinformed beholder a black eye.,Jim Henson,general,
"Of course it is happening inside your head, Harry, but why on earth should that mean that it is not real?","J.K. Rowling,",general,
"Today you are You, that is truer than true. There is no one alive who is Youer than You.","Dr. Seuss,",general,
I'm not afraid of death; I just don't want to be there when it happens.,Woody Allen,general,
"If one cannot enjoy reading a book over and over again, there is no use in reading it at all.",Oscar Wilde,general,
"To the well-organized mind, death is but the next great adventure.","J.K. Rowling,",general,
"It is impossible to live without failing at something, unless you live so cautiously that you might as well not have lived at all—in which case, you fail by default.",J.K. Rowling,general,
"If you want your children to be intelligent, read them fairy tales. If you want them to be more intelligent, read them more fairy tales.",Albert Einstein,general,
"I'm in love with you,"" he said quietly.""Augustus,"" I said.""I am,"" he said. He was staring at me, and I could see the corners of his eyes crinkling. ""I'm in love with you, and I'm not in the business of denying myself the simple pleasure of saying true things. I'm in love with you, and I know that love is just a shout into the void, and that oblivion is inevitable, and that we're all doomed and that there will come a day when all our labor has been returned to dust, and I know the sun will swallow the only earth we'll ever have, and I am in love with you.","John Green,",general,
Logic will get you from A to Z; imagination will get you everywhere.,Albert Einstein,general,
"I am nothing special, of this I am sure. I am a common man with common thoughts and I've led a common life. There are no monuments dedicated to me and my name will soon be forgotten, but I've loved another with all my heart and soul, and to me, this has always been enough..","Nicholas Sparks,",general,
"Whenever I feel the need to exercise, I lie down until it goes away.",Paul Terry,general,
"Have you fallen in love with the wrong person yet?'Jace said, ""Unfortunately, Lady of the Haven, my one true love remains myself.""...""At least,"" she said, ""you don't have to worry about rejection, Jace Wayland.""""Not necessarily. I turn myself down occasionally, just to keep it interesting.","Cassandra Clare,",general,
"The truth is, everyone is going to hurt you. You just got to find the ones worth suffering for.",Bob Marley,general,
Sometimes people are beautiful.Not in looks.Not in what they say.Just in what they are.,"Markus Zusak,",general,
"Love looks not with the eyes, but with the mind; And therefore is wing'd Cupid painted blind. Nor hath love's mind of any judgment taste; Wings and no eyes figure unheedy haste: And therefore is love said to be a child, Because in choice he is so oft beguil'd.","William Shakespeare,",general,
You don't get to choose if you get hurt in this world...but you do have some say in who hurts you. I like my choices.,"John Green,",general,
Folks are usually about as happy as they make their minds up to be.,Abraham Lincoln,general,
"Do what you can, with what you have, where you are.",Theodore Roosevelt,general,
"The more that you read, the more things you will know. The more that you learn, the more places you'll go.","Dr. Seuss,",general,
There is no friend as loyal as a book.,Ernest Hemingway,general,
The story so far:In the beginning the Universe was created.This has made a lot of people very angry and been widely regarded as a bad move.,"Douglas Adams,",general,
"Success is not final, failure is not fatal: it is the courage to continue that counts.",Winston S. Churchill,general,
"One good thing about music, when it hits you, you feel no pain.",Bob Marley,general,
"I find television very educating. Every time somebody turns on the set, I go into the other room and read a book.",Groucho Marx,general,
"Love is like the wind, you can't see it but you can feel it.","Nicholas Sparks,",general,
"So, this is my life. And I want you to know that I am both happy and sad and I'm still trying to figure out how that could be.","Stephen Chbosky,",general,
"When one door of happiness closes, another opens; but often we look so long at the closed door that we do not see the one which has been opened for us.",Helen Keller,general,
"There is nothing I would not do for those who are really my friends. I have no notion of loving people by halves, it is not my nature.","Jane Austen,",general,
Not all of us can do great things. But we can do small things with great love.,Mother Teresa,general,
"Listen to the mustn'ts, child. Listen to the don'ts. Listen to the shouldn'ts, the impossibles, the won'ts. Listen to the never haves, then listen close to me... Anything can happen, child. Anything can be.",Shel Silverstein,general,
Some people never go crazy. What truly horrible lives they must lead.,Charles Bukowski,general,
"Life is like riding a bicycle. To keep your balance, you must keep moving.",Albert Einstein,general,
"If you live to be a hundred, I want to live to be a hundred minus one day so I never have to live without you.","Joan Powers,",general,
"People think a soul mate is your perfect fit, and that's what everyone wants. But a true soul mate is a mirror, the person who shows you everything that is holding you back, the person who brings you to your own attention so you can change your life. A true soul mate is probably the most important person you'll ever meet, because they tear down your walls and smack you awake. But to live with a soul mate forever? Nah. Too painful. Soul mates, they come into your life just to reveal another layer of yourself to you, and then leave. A soul mates purpose is to shake you up, tear apart your ego a little bit, show you your obstacles and addictions, break your heart open so new light can get in, make you so desperate and out of control that you have to transform your life, then introduce you to your spiritual master...","Elizabeth Gilbert,",general,
"You don't love someone because they're perfect, you love them in spite of the fact that they're not.","Jodi Picoult,",general,
"What really knocks me out is a book that, when you're all done reading it, you wish the author that wrote it was a terrific friend of yours and you could call him up on the phone whenever you felt like it. That doesn't happen much, though.","J.D. Salinger,",general,
"Love never dies a natural death. It dies because we don't know how to replenish its source. It dies of blindness and errors and betrayals. It dies of illness and wounds; it dies of weariness, of witherings, of tarnishings.",Anais Nin,general,
"Saying 'I notice you're a nerd' is like saying, 'Hey, I notice that you'd rather be intelligent than be stupid, that you'd rather be thoughtful than be vapid, that you believe that there are things that matter more than the arrest record of Lindsay Lohan. Why is that?' In fact, it seems to me that most contemporary insults are pretty lame. Even 'lame' is kind of lame. Saying 'You're lame' is like saying 'You walk with a limp.' Yeah, whatever, so does 50 Cent, and he's done all right for himself.",John Green,general,
"It matters not what someone is born, but what they grow to be.","J.K. Rowling,",general,
"If you can make a woman laugh, you can make her do anything.",Marilyn Monroe,general,
Not all those who wander are lost.,"J.R.R. Tolkien,",general,
"We’re all a little weird. And life is a little weird. And when we find someone whose weirdness is compatible with ours, we join up with them and fall into mutually satisfying weirdness—and call it love—true love.","Robert Fulghum,",general,
The difference between genius and stupidity is: genius has its limits.,Alexandre Dumas-fils,general,
If I had a flower for every time I thought of you...I could walk through my garden forever.,Alfred Tennyson,general,
It is what you read when you don't have to that determines what you will be when you can't help it.,Oscar Wilde,general,
"The trouble with having an open mind, of course, is that people will insist on coming along and trying to put things in it.","Terry Pratchett,",general,
Do one thing every day that scares you.,Eleanor Roosevelt,general,
"I would venture to guess that Anon, who wrote so many poems without signing them, was often a woman.","Virginia Woolf,",general,
"You don’t have a soul, Doctor. You are a soul. You have a body, temporarily.","Walter M. Miller Jr.,",general,
Some infinities are bigger than other infinities.,"John Green,",general,
"One must always be careful of books,"" said Tessa, ""and what is inside them, for words have the power to change us.","Cassandra Clare,",general,
Reality continues to ruin my life.,"Bill Watterson,",general,
Time you enjoy wasting is not wasted time.,"Marthe Troly-Curtin,",general,
"I wish it need not have happened in my time,"" said Frodo.""So do I,"" said Gandalf, ""and so do all who live to see such times. But that is not for them to decide. All we have to decide is what to do with the time that is given us.","J.R.R. Tolkien,",general,
Things change. And friends leave. Life doesn't stop for anybody.,"Stephen Chbosky,",general,
"If there's a book that you want to read, but it hasn't been written yet, then you must write it.",Toni Morrison,general,
"There is no pretending,"" Jace said with absolute clarity. ""I love you, and I will love you until I die, and if there is life after that, I'll love you then.","Cassandra Clare,",general,
"To love at all is to be vulnerable. Love anything and your heart will be wrung and possibly broken. If you want to make sure of keeping it intact you must give it to no one, not even an animal. Wrap it carefully round with hobbies and little luxuries; avoid all entanglements. Lock it up safe in the casket or coffin of your selfishness. But in that casket, safe, dark, motionless, airless, it will change. It will not be broken; it will become unbreakable, impenetrable, irredeemable. To love is to be vulnerable.","C.S. Lewis,",general,
Who are you to judge the life I live?I know I'm not perfect-and I don't live to be-but before you start pointing fingers...make sure you hands are clean!,Bob Marley,general,
"I declare after all there is no enjoyment like reading! How much sooner one tires of any thing than of a book! -- When I have a house of my own, I shall be miserable if I have not an excellent library.","Jane Austen,",general,
The real lover is the man who can thrill you by kissing your forehead or smiling into your eyes or just staring into space.,Marilyn Monroe,general,
The only way out of the labyrinth of suffering is to forgive.,"John Green,",general,
"When someone loves you, the way they talk about you is different. You feel safe and comfortable.","Jess C. Scott,",general,
"And, when you want something, all the universe conspires in helping you to achieve it.","Paulo Coelho,",general,
Go to heaven for the climate and hell for the company.,Benjamin Franklin Wade,general,
The reason I talk to myself is because I’m the only one whose answers I accept.,George Carlin,general,
"Piglet sidled up to Pooh from behind. ""Pooh!"" he whispered.""Yes, Piglet?""""Nothing,"" said Piglet, taking Pooh's paw. ""I just wanted to be sure of you.","A.A. Milne,",general,
The books that the world calls immoral are books that show the world its own shame.,"Oscar Wilde,",general,
"Do not pity the dead, Harry. Pity the living, and, above all those who live without love.","J.K. Rowling,",general,
"He's like a drug for you, Bella.","Stephenie Meyer,",general,
There is nothing to writing. All you do is sit down at a typewriter and bleed.,Ernest Hemingway,general,
"I can never read all the books I want; I can never be all the people I want and live all the lives I want. I can never train myself in all the skills I want. And why do I want? I want to live and feel all the shades, tones and variations of mental and physical experience possible in my life. And I am horribly limited.","Sylvia Plath,",general,
"Dumbledore watched her fly away, and as her silvery glow faded he turned back to Snape, and his eyes were full of tears.""After all this time?""""Always,"" said Snape.","J.K. Rowling,",general,
"A wise girl kisses but doesn't love, listens but doesn't believe, and leaves before she is left.",Marilyn Monroe,general,
"You should date a girl who reads.Date a girl who reads. Date a girl who spends her money on books instead of clothes, who has problems with closet space because she has too many books. Date a girl who has a list of books she wants to read, who has had a library card since she was twelve.Find a girl who reads. You’ll know that she does because she will always have an unread book in her bag. She’s the one lovingly looking over the shelves in the bookstore, the one who quietly cries out when she has found the book she wants. You see that weird chick sniffing the pages of an old book in a secondhand book shop? That’s the reader. They can never resist smelling the pages, especially when they are yellow and worn.She’s the girl reading while waiting in that coffee shop down the street. If you take a peek at her mug, the non-dairy creamer is floating on top because she’s kind of engrossed already. Lost in a world of the author’s making. Sit down. She might give you a glare, as most girls who read do not like to be interrupted. Ask her if she likes the book.Buy her another cup of coffee.Let her know what you really think of Murakami. See if she got through the first chapter of Fellowship. Understand that if she says she understood James Joyce’s Ulysses she’s just saying that to sound intelligent. Ask her if she loves Alice or she would like to be Alice.It’s easy to date a girl who reads. Give her books for her birthday, for Christmas, for anniversaries. Give her the gift of words, in poetry and in song. Give her Neruda, Pound, Sexton, Cummings. Let her know that you understand that words are love. Understand that she knows the difference between books and reality but by god, she’s going to try to make her life a little like her favorite book. It will never be your fault if she does.She has to give it a shot somehow.Lie to her. If she understands syntax, she will understand your need to lie. Behind words are other things: motivation, value, nuance, dialogue. It will not be the end of the world.Fail her. Because a girl who reads knows that failure always leads up to the climax. Because girls who read understand that all things must come to end, but that you can always write a sequel. That you can begin again and again and still be the hero. That life is meant to have a villain or two.Why be frightened of everything that you are not? Girls who read understand that people, like characters, develop. Except in the Twilight series.If you find a girl who reads, keep her close. When you find her up at 2 AM clutching a book to her chest and weeping, make her a cup of tea and hold her. You may lose her for a couple of hours but she will always come back to you. She’ll talk as if the characters in the book are real, because for a while, they always are.You will propose on a hot air balloon. Or during a rock concert. Or very casually next time she’s sick. Over Skype.You will smile so hard you will wonder why your heart hasn’t burst and bled out all over your chest yet. You will write the story of your lives, have kids with strange names and even stranger tastes. She will introduce your children to the Cat in the Hat and Aslan, maybe in the same day. You will walk the winters of your old age together and she will recite Keats under her breath while you shake the snow off your boots.Date a girl who reads because you deserve it. You deserve a girl who can give you the most colorful life imaginable. If you can only give her monotony, and stale hours and half-baked proposals, then you’re better off alone. If you want the world and the worlds beyond it, date a girl who reads.Or better yet, date a girl who writes.",Rosemarie Urquico,general,
′Classic′ - a book which people praise and don't read.,Mark Twain,general,
"You may say I'm a dreamer, but I'm not the only one. I hope someday you'll join us. And the world will live as one.",John Lennon,general,
You don’t forget the face of the person who was your last hope.,"Suzanne Collins,",general,
I've been making a list of the things they don't teach you at school. They don't teach you how to love somebody. They don't teach you how to be famous. They don't teach you how to be rich or how to be poor. They don't teach you how to walk away from someone you don't love any longer. They don't teach you how to know what's going on in someone else's mind. They don't teach you what to say to someone who's dying. They don't teach you anything worth knowing.,"Neil Gaiman,",general,
"I am good, but not an angel. I do sin, but I am not the devil. I am just a small girl in a big world trying to find someone to love.",Marilyn Monroe,general,
I am free of all prejudice. I hate everyone equally.,W.C. Fields,general,
"He has achieved success who has lived well, laughed often, and loved much;Who has enjoyed the trust of pure women, the respect of intelligent men and the love of little children;Who has filled his niche and accomplished his task;Who has never lacked appreciation of Earth's beauty or failed to express it;Who has left the world better than he found it,Whether an improved poppy, a perfect poem, or a rescued soul;Who has always looked for the best in others and given them the best he had;Whose life was an inspiration;Whose memory a benediction.","Bessie Anderson Stanley,",general,
I love mankind ... it's people I can't stand!!,Charles M. Schulz,general,
Finish each day and be done with it. You have done what you could. Some blunders and absurdities no doubt crept in; forget them as soon as you can. Tomorrow is a new day. You shall begin it serenely and with too high a spirit to be encumbered with your old nonsense.,Ralph Waldo Emerson,general,
You never really understand a person until you consider things from his point of view... Until you climb inside of his skin and walk around in it.,"Harper Lee,",general,
I have never let my schooling interfere with my education.,Mark Twain,general,
The marks humans leave are too often scars.,"John Green,",general,
"A lady's imagination is very rapid; it jumps from admiration to love, from love to matrimony in a moment.","Jane Austen,",general,
Some day you will be old enough to start reading fairy tales again.,C.S. Lewis,general,
"Remember, we're madly in love, so it's all right to kiss me anytime you feel like it.","Suzanne Collins,",general,
"We are what we pretend to be, so we must be careful about what we pretend to be.","Kurt Vonnegut,",general,
"Our deepest fear is not that we are inadequate. Our deepest fear is that we are powerful beyond measure. It is our light, not our darkness that most frightens us. We ask ourselves, 'Who am I to be brilliant, gorgeous, talented, fabulous?' Actually, who are you not to be? You are a child of God. Your playing small does not serve the world. There is nothing enlightened about shrinking so that other people won't feel insecure around you. We are all meant to shine, as children do. We were born to make manifest the glory of God that is within us. It's not just in some of us; it's in everyone. And as we let our own light shine, we unconsciously give other people permission to do the same. As we are liberated from our own fear, our presence automatically liberates others.","Marianne Williamson,",general,
To die will be an awfully big adventure.,"J.M. Barrie,",general,
Books are a uniquely portable magic.,"Stephen King,",general,
"And in that moment, I swear we were infinite.","Stephen Chbosky,",general,
Anyone who has never made a mistake has never tried anything new.,Albert Einstein,general,
"It’s no use going back to yesterday, because I was a different person then.",Lewis Carroll,general,
What a slut time is. She screws everybody.,"John Green,",general,
The truth is rarely pure and never simple.,"Oscar Wilde,",general,
"I'm the one that's got to die when it's time for me to die, so let me live my life the way I want to.","Jimi Hendrix,",general,
It takes courage to grow up and become who you really are.,E.E. Cummings,general,
But better to get hurt by the truth than comforted with a lie.,Khaled Hosseini,general,
"You have to write the book that wants to be written. And if the book will be too difficult for grown-ups, then you write it for children.",Madeleine L'Engle,general,
"So it's not gonna be easy. It's going to be really hard; we're gonna have to work at this everyday, but I want to do that because I want you. I want all of you, forever, everyday. You and me... everyday.","Nicholas Sparks,",general,
"I believe in Christianity as I believe that the sun has risen: not only because I see it, but because by it I see everything else.",C.S. Lewis,general,
The fear of death follows from the fear of life. A man who lives fully is prepared to die at any time.,Mark Twain,general,
"We believe in ordinary acts of bravery, in the courage that drives one person to stand up for another.","Veronica Roth,",general,
"... a mind needs books as a sword needs a whetstone, if it is to keep its edge.","George R.R. Martin,",general,
Books are the ultimate Dumpees: put them down and they’ll wait for you forever; pay attention to them and they always love you back.,"John Green,",general,
"There is nothing better than a friend, unless it is a friend with chocolate.",Linda Grayson,general,
Memories warm you up from the inside. But they also tear you apart.,"Haruki Murakami,",general,
"[Dean] “My dear fellow, who will let you?","Ayn Rand,",general,
"There are infinite numbers between 0 and 1. There's .1 and .12 and .112 and an infinite collection of others. Of course, there is a bigger infinite set of numbers between 0 and 2, or between 0 and a million. Some infinities are bigger than other infinities. A writer we used to like taught us that. There are days, many of them, when I resent the size of my unbounded set. I want more numbers than I'm likely to get, and God, I want more numbers for Augustus Waters than he got. But, Gus, my love, I cannot tell you how thankful I am for our little infinity. I wouldn't trade it for the world. You gave me a forever within the numbered days, and I'm grateful.","John Green,",general,
"The truth."" Dumbledore sighed. ""It is a beautiful and terrible thing, and should therefore be treated with great caution.","J.K. Rowling,",general,
A lie can travel half way around the world while the truth is putting on its shoes.,Mark Twain,general,
Never tell the truth to people who are not worthy of it.,Mark Twain,general,
"I love you as certain dark things are to be loved, in secret, between the shadow and the soul.","Pablo Neruda,",general,
Knowing yourself is the beginning of all wisdom.,Aristotle,general,
"Remember, if the time should come when you have to make a choice between what is right and what is easy, remember what happened to a boy who was good, and kind, and brave, because he strayed across the path of Lord Voldemort. Remember Cedric Diggory.","J.K. Rowling,",general,
Tis better to have loved and lostThan never to have loved at all.,"Alfred Lord Tennyson,",general,
It's the possibility of having a dream come true that makes life interesting.,"Paulo Coelho,",general,
Only the very weak-minded refuse to be influenced by literature and poetry.,"Cassandra Clare,",general,
"Just when you think it can't get any worse, it can. And just when you think it can't get any better, it can.","Nicholas Sparks,",general,
I must not fear. Fear is the mind-killer. Fear is the little-death that brings total obliteration. I will face my fear. I will permit it to pass over me and through me. And when it has gone past I will turn the inner eye to see its path. Where the fear has gone there will be nothing. Only I will remain.,"Frank Herbert,",general,
"It's so hard to forget pain, but it's even harder to remember sweetness. We have no scar to show for happiness. We learn so little from peace.","Chuck Palahniuk,",general,
Perhaps one did not want to be loved so much as to be understood.,"George Orwell,",general,
Be nice to nerds. You may end up working for them. We all could.,"Charles J. Sykes,",general,
"Be not afraid of greatness. Some are born great, some achieve greatness, and others have greatness thrust upon them.","William Shakespeare,",general,
The only true wisdom is in knowing you know nothing.,Socrates,general,
"What you're supposed to do when you don't like a thing is change it. If you can't change it, change the way you think about it. Don't complain.","Maya Angelou,",general,
"Do you remember me telling you we are practicing non-verbal spells, Potter?""""Yes,"" said Harry stiffly.""Yes, sir.""""There's no need to call me ""sir"" Professor.""The words had escaped him before he knew what he was saying.","J.K. Rowling,",general,
Happiness in intelligent people is the rarest thing I know.,"Ernest Hemingway,",general,
A day without laughter is a day wasted.,Nicolas Chamfort,general,
"He’s not perfect. You aren’t either, and the two of you will never be perfect. But if he can make you laugh at least once, causes you to think twice, and if he admits to being human and making mistakes, hold onto him and give him the most you can. He isn’t going to quote poetry, he’s not thinking about you every moment, but he will give you a part of him that he knows you could break. Don’t hurt him, don’t change him, and don’t expect for more than he can give. Don’t analyze. Smile when he makes you happy, yell when he makes you mad, and miss him when he’s not there. Love hard when there is love to be had. Because perfect guys don’t exist, but there’s always one guy that is perfect for you.",Bob Marley,general,
"Yes: I am a dreamer. For a dreamer is one who can only find his way by moonlight, and his punishment is that he sees the dawn before the rest of the world.","Oscar Wilde,",general,
"A person's a person, no matter how small.","Dr. Seuss,",general,
You can never be overdressed or overeducated.,Oscar Wilde,general,
"Thomas Edison's last words were ""It's very beautiful over there"". I don't know where there is, but I believe it's somewhere, and I hope it's beautiful.","John Green,",general,
"I became insane, with long intervals of horrible sanity.",Edgar Allan Poe,general,
"When we honestly ask ourselves which person in our lives mean the most to us, we often find that it is those who, instead of giving advice, solutions, or cures, have chosen rather to share our pain and touch our wounds with a warm and tender hand. The friend who can be silent with us in a moment of despair or confusion, who can stay with us in an hour of grief and bereavement, who can tolerate not knowing, not curing, not healing and face with us the reality of our powerlessness, that is a friend who cares.","Henri Nouwen,",general,
"Oh, I wouldn't mind, Hazel Grace. It would be a privilege to have my heart broken by you.","John Green,",general,
"When adults say, ""Teenagers think they are invincible"" with that sly, stupid smile on their faces, they don't know how right they are. We need never be hopeless, because we can never be irreparably broken. We think that we are invincible because we are. We cannot be born, and we cannot die. Like all energy, we can only change shapes and sizes and manifestations. They forget that when they get old. They get scared of losing and failing. But that part of us greater than the sum of our parts cannot begin and cannot end, and so it cannot fail.","John Green,",general,
It is one of the blessings of old friends that you can afford to be stupid with them.,"Ralph Waldo Emerson,",general,
Numbing the pain for a while will make it worse when you finally feel it.,"J.K. Rowling,",general,
"The one you love and the one who loves you are never, ever the same person.","Chuck Palahniuk,",general,
"I finally understood what true love meant...love meant that you care for another person's happiness more than your own, no matter how painful the choices you face might be.","Nicholas Sparks,",general,
"Books are the quietest and most constant of friends; they are the most accessible and wisest of counselors, and the most patient of teachers.",Charles W. Eliot,general,
Have you ever noticed how ‘What the hell’ is always the right decision to make?,"Terry Johnson,",general,
"Jesus!"" Luke exclaimed.""Actually, it's just me,"" said Simon. ""Although I've been told the resemblance is startling.",Cassandra Clare,general,
The saddest aspect of life right now is that science gathers knowledge faster than society gathers wisdom.,Isaac Asimov,general,
Those who don't believe in magic will never find it.,Roald Dahl,general,
Be careful about reading health books. Some fine day you'll die of a misprint.,Markus Herz,general,
Music expresses that which cannot be put into words and that which cannot remain silent,Victor Hugo,general,
Just because you have the emotional range of a teaspoon doesn't mean we all have.,"J.K. Rowling,",general,
You will never be happy if you continue to search for what happiness consists of. You will never live if you are looking for the meaning of life.,Albert Camus,general,
An eye for an eye will only make the whole world blind.,Mahatma Gandhi,general,
I am no bird; and no net ensnares me: I am a free human being with an independent will.,"Charlotte Brontë,",general,
"You can't live your life for other people. You've got to do what's right for you, even if it hurts some people you love.","Nicholas Sparks,",general,
"Until I feared I would lose it, I never loved to read. One does not love breathing.","Harper Lee,",general,
"When we love, we always strive to become better than we are. When we strive to become better than we are, everything around us becomes better too.","Paulo Coelho,",general,
"I speak to everyone in the same way, whether he is the garbage man or the president of the university.",Albert Einstein,general,
If you're gonna be two-faced at least make one of them pretty.,Marilyn Monroe,general,
Do you hate people?,"Charles Bukowski,",general,
"I would rather walk with a friend in the dark, than alone in the light.",Helen Keller,general,
How wonderful it is that nobody need wait a single moment before starting to improve the world.,"Anne Frank,",general,
A children's story that can only be enjoyed by children is not a good children's story in the slightest.,C.S. Lewis,general,
"A great book should leave you with many experiences, and slightly exhausted at the end. You live several lives while reading.","William Styron,",general,
"The truth will set you free, but first it will piss you off.","Joe Klaas,",general,
"So I walked back to my room and collapsed on the bottom bunk, thinking that if people were rain, I was drizzle and she was a hurricane.","John Green,",general,
"Fate is like a strange, unpopular restaurant filled with odd little waiters who bring you things you never asked for and don't always like.",Lemony Snicket,general,
With great power... comes great need to take a nap. Wake me up later.,"Rick Riordan,",general,
"The Seven Social Sins are: Wealth without work. Pleasure without conscience. Knowledge without character. Commerce without morality. Science without humanity. Worship without sacrifice. Politics without principle.From a sermon given by Frederick Lewis Donaldson in Westminster Abbey, London, on March 20, 1925.",Frederick Lewis Donaldson,general,
Creativity is knowing how to hide your sources,C.E.M. Joad,general,
"If you don't have time to read, you don't have the time (or the tools) to write. Simple as that.",Stephen King,general,
"I no longer believed in the idea of soul mates, or love at first sight. But I was beginning to believe that a very few times in your life, if you were lucky, you might meet someone who was exactly right for you. Not because he was perfect, or because you were, but because your combined flaws were arranged in a way that allowed two separate beings to hinge together.","Lisa Kleypas,",general,
"Give a man a fire and he's warm for a day, but set fire to him and he's warm for the rest of his life.","Terry Pratchett,",general,
"Never forget what you are, for surely the world will not. Make it your strength. Then it can never be your weakness. Armour yourself in it, and it will never be used to hurt you.","George R.R. Martin,",general,
"I wish I could freeze this moment, right here, right now and live in it forever.","Suzanne Collins,",general,
"Is this the part where you start tearing off strips of your shirt to bind my wounds?""""If you wanted me to rip my clothes off, you should have just asked.","Cassandra Clare,",general,
"Happiness is when what you think, what you say, and what you do are in harmony.",Mahatma Gandhi,general,
"Keep away from people who try to belittle your ambitions. Small people always do that, but the really great make you feel that you, too, can become great.",Mark Twain,general,
"The statistics on sanity are that one out of every four people is suffering from a mental illness. Look at your 3 best friends. If they're ok, then it's you.",Rita Mae Brown,general,
Well-behaved women seldom make history.,"Laurel Thatcher Ulrich,",general,
"Life is an awful, ugly place to not have a best friend.","Sarah Dessen,",general,
"If we find ourselves with a desire that nothing in this world can satisfy, the most probable explanation is that we were made for another world.",C.S. Lewis,general,
"Lock up your libraries if you like; but there is no gate, no lock, no bolt that you can set upon the freedom of my mind.","Virginia Woolf,",general,
"So we beat on, boats against the current, borne back ceaselessly into the past.","F. Scott Fitzgerald,",general,
One is loved because one is loved. No reason is needed for loving.,"Paulo Coelho,",general,
"Everyone thinks of changing the world, but no one thinks of changing himself.",Leo Tolstoy,general,
"I don't want to be a man,"" said Jace. ""I want to be an angst-ridden teenager who can't confront his own inner demons and takes it out verbally on other people instead.""""Well,"" said Luke, ""you're doing a fantastic job.","Cassandra Clare,",general,
"I saw my life branching out before me like the green fig tree in the story. From the tip of every branch, like a fat purple fig, a wonderful future beckoned and winked. One fig was a husband and a happy home and children, and another fig was a famous poet and another fig was a brilliant professor, and another fig was Ee Gee, the amazing editor, and another fig was Europe and Africa and South America, and another fig was Constantin and Socrates and Attila and a pack of other lovers with queer names and offbeat professions, and another fig was an Olympic lady crew champion, and beyond and above these figs were many more figs I couldn't quite make out. I saw myself sitting in the crotch of this fig tree, starving to death, just because I couldn't make up my mind which of the figs I would choose. I wanted each and every one of them, but choosing one meant losing all the rest, and, as I sat there, unable to decide, the figs began to wrinkle and go black, and, one by one, they plopped to the ground at my feet.","Sylvia Plath,",general,
Being a woman is a terribly difficult trade since it consists principally of dealings with men.,"Joseph Conrad,",general,
"We're all human, aren't we? Every human life is worth the same, and worth saving.","J.K. Rowling,",general,
I don't know half of you half as well as I should like; and I like less than half of you half as well as you deserve.,"J.R.R. Tolkien,",general,
"The Road Not TakenTwo roads diverged in a yellow wood,And sorry I could not travel both And be one traveler, long I stood And looked down one as far as I could To where it bent in the undergrowth; Then took the other, as just as fair, And having perhaps the better claim, Because it was grassy and wanted wear; Though as for that the passing there Had worn them really about the same, And both that morning equally lay In leaves no step had trodden black. Oh, I kept the first for another day! Yet knowing how way leads on to way, I doubted if I should ever come back. I shall be telling this with a sigh Somewhere ages and ages hence: Two roads diverged in a wood, and I— I took the one less traveled by, And that has made all the difference.",Robert Frost,general,
"He's more myself than I am. Whatever our souls are made of, his and mine are the same.","Emily Brontë,",general,
In vain have I struggled. It will not do. My feelings will not be repressed. You must allow me to tell you how ardently I admire and love you.,"Jane Austen,",general,
"And above all, watch with glittering eyes the whole world around you because the greatest secrets are always hidden in the most unlikely places. Those who don't believe in magic will never find it.",Roald Dahl,general,
Every man has his secret sorrows which the world knows not; and often times we call a man cold when he is only sad.,Henry Wadsworth Longfellow,general,
The world is not a wish-granting factory.,"John Green,",general,
"When I despair, I remember that all through history the way of truth and love have always won. There have been tyrants and murderers, and for a time, they can seem invincible, but in the end, they always fall. Think of it--always.",Mahatma Gandhi,general,
There's nothing like deep breaths after laughing that hard. Nothing in the world like a sore stomach for the right reasons.,"Stephen Chbosky,",general,
"To the people who look at the stars and wish, Rhys.""Rhys clinked his glass against mine. “To the stars who listen— and the dreams that are answered.","Sarah J. Maas,",general,
It's the friends you can call up at 4 a.m. that matter.,Marlene Dietrich,general,
"Becoming fearless isn't the point. That's impossible. It's learning how to control your fear, and how to be free from it.","Veronica Roth,",general,
I am not pretty. I am not beautiful. I am as radiant as the sun.,"Suzanne Collins,",general,
"Let me tell you this: if you meet a loner, no matter what they tell you, it's not because they enjoy solitude. It's because they have tried to blend into the world before, and people continue to disappoint them.","Jodi Picoult,",general,
Never love anyone who treats you like you're ordinary.,Oscar Wilde,general,
There is only one thing that makes a dream impossible to achieve: the fear of failure.,"Paulo Coelho,",general,
It's far better to be unhappy alone than unhappy with someone — so far.,Marilyn Monroe,general,
"Perhaps all the dragons in our lives are princesses who are only waiting to see us act, just once, with beauty and courage. Perhaps everything that frightens us is, in its deepest essence, something helpless that wants our love.","Rainer Maria Rilke,",general,
"Sometimes you have to be apart from people you love, but that doesn't make you love them any less. Sometimes you love them more.","Nicholas Sparks,",general,
I would die for you. But I won't live for you.,"Stephen Chbosky,",general,
We love the things we love for what they are.,Robert Frost,general,
"Most people are other people. Their thoughts are someone else's opinions, their lives a mimicry, their passions a quotation.","Oscar Wilde,",general,
"If you don't know where you're going, any road'll take you there",George Harrison,general,
It takes ten times as long to put yourself back together as it does to fall apart.,"Suzanne Collins,",general,
You don't have to burn books to destroy a culture. Just get people to stop reading them.,Ray Bradbury,general,
"All God does is watch us and kill us when we get boring. We must never, ever be boring.","Chuck Palahniuk,",general,
"Nothing is impossible, the word itself says 'I'm possible'!",Audrey Hepburn,general,
You can love someone so much...But you can never love people as much as you can miss them.,John Green,general,
"So, I love you because the entire universe conspired to help me find you.","Paulo Coelho,",general,
Do what you feel in your heart to be right – for you’ll be criticized anyway.,Eleanor Roosevelt,general,
"[...]the only people for me are the mad ones, the ones who are mad to live, mad to talk, mad to be saved, desirous of everything at the same time, the ones who never yawn or say a commonplace thing, but burn, burn, burn like fabulous yellow roman candles exploding like spiders across the stars and in the middle you see the blue centerlight pop and everybody goes “Awww!","Jack Kerouac,",general,
"Love is patient, love is kind. It does not envy, it does not boast, it is not proud. It is not rude, it is not self-seeking, it is not easily angered, it keeps no record of wrongs. Love does not delight in evil but rejoices with the truth. It always protects, always trusts, always hopes, always perseveres.","Anonymous,",general,
Sometimes I can hear my bones straining under the weight of all the lives I'm not living.,"Jonathan Safran Foer,",general,
"I can't give you a sure-fire formula for success, but I can give you a formula for failure: try to please everybody all the time.",Herbert Bayard Swope,general,
"This life’s hard, but it’s harder if you’re stupid.","George V. Higgins,",general,
I refuse to answer that question on the grounds that I don't know the answer,Douglas Adams,general,
Love is needing someone. Love is putting up with someone's bad qualities because they somehow complete you.,"Sarah Dessen,",general,
"Never doubt that a small group of thoughtful, committed, citizens can change the world. Indeed, it is the only thing that ever has.",Margaret Mead,general,
"Death ends a life, not a relationship.","Mitch Albom,",general,
Never memorize something that you can look up.,Albert Einstein,general,
"May your coming year be filled with magic and dreams and good madness. I hope you read some fine books and kiss someone who thinks you're wonderful, and don't forget to make some art -- write or draw or build or sing or live as only you can. And I hope, somewhere in the next year, you surprise yourself.",Neil Gaiman,general,
You talk when you cease to be at peace with your thoughts.,"Kahlil Gibran,",general,
What is the point of being alive if you don't at least try to do something remarkable?,"John Green,",general,
All we have to decide is what to do with the time that is given us.,"J.R.R. Tolkien,",general,
"I carry your heart with me (I carry it in my heart)I am never without it (anywhereI go you go,my dear; and whatever is done by only me is your doing,my darling)I fear no fate (for you are my fate,my sweet)I want no world (for beautiful you are my world,my true)and it's you are whatever a moon has always meant and whatever a sun will always sing is youhere is the deepest secret nobody knows(here is the root of the root and the bud of the bud and the sky of the sky of a tree called life; which growshigher than the soul can hope or mind can hide)and this is the wonder that's keeping the stars apartI carry your heart (I carry it in my heart)",E.E. Cummings,general,
"Hold fast to dreams,For if dreams dieLife is a broken-winged bird,That cannot fly.",Langston Hughes,general,
"Count your age by friends, not years. Count your life by smiles, not tears.",John Lennon,general,
All that we see or seem is but a dream within a dream.,Edgar Allan Poe,general,
"Sometimes you wake up. Sometimes the fall kills you. And sometimes, when you fall, you fly.","Neil Gaiman,",general,
Happiness is not something ready made. It comes from your own actions.,Dalai Lama XIV,general,
Maybe our favorite quotations say more about us than about the stories and people we're quoting.,John Green,general,
"The Christian does not think God will love us because we are good, but that God will make us good because He loves us.",C.S. Lewis,general,
What a treacherous thing to believe that a person is more than a person.,"John Green,",general,
Indifference and neglect often do much more damage than outright dislike.,"J.K. Rowling,",general,
"Above all, don't lie to yourself. The man who lies to himself and listens to his own lie comes to a point that he cannot distinguish the truth within him, or around him, and so loses all respect for himself and for others. And having no respect he ceases to love.","Fyodor Dostoevsky,",general,
"I like the night. Without the dark, we'd never see the stars.","Stephenie Meyer,",general,
"In the depth of winter, I finally learned that within me there lay an invincible summer.",Albert Camus,general,
The only thing worse than a boy who hates you: a boy that loves you.,"Markus Zusak,",general,
Wit beyond measure is man’s greatest treasure.,"J.K. Rowling,",general,
"Do not read, as children do, to amuse yourself, or like the ambitious, for the purpose of instruction. No, read in order to live.",Gustave Flaubert,general,
The weak can never forgive. Forgiveness is the attribute of the strong.,"Mahatma Gandhi,",general,
"We are only as strong as we are united, as weak as we are divided.","J.K. Rowling,",general,
Peace begins with a smile..,Mother Teresa,general,
"So, I guess we are who we are for alot of reasons. And maybe we'll never know most of them. But even if we don't have the power to choose where we come from, we can still choose where we go from there. We can still do things. And we can try to feel okay about them.","Stephen Chbosky,",general,
"If you were half as funny as you think you are, you'd be twice as funny as you really are.","H.N. Turteltaub,",general,
"Imagining the future is a kind of nostalgia. (...) You spend your whole life stuck in the labyrinth, thinking about how you'll escape it one day, and how awesome it will be, and imagining that future keeps you going, but you never do it. You just use the future to escape the present.","John Green,",general,
"You are my best friend as well as my lover, and I do not know which side of you I enjoy the most. I treasure each side, just as I have treasured our life together.","Nicholas Sparks,",general,
You will always be fond of me. I represent to you all the sins you never had the courage to commit.,"Oscar Wilde,",general,
"You are, and always have been, my dream.","Nicholas Sparks,",general,
I would always rather be happy than dignified.,"Charlotte Brontë,",general,
"Is it true that you shouted at Professor Umbridge?""""Yes.""""You called her a liar?""""Yes.""""You told her He Who Must Not Be Named is back?""""Yes.""""Have a biscuit, Potter.","J.K. Rowling,",general,
"You're going to come across people in your life who will say all the right words at all the right times. But in the end, it's always their actions you should judge them by. It's actions, not words, that matter.","Nicholas Sparks,",general,
"Friendship is unnecessary, like philosophy, like art.... It has no survival value; rather it is one of those things which give value to survival.","C.S. Lewis,",general,
And those who were seen dancing were thought to be insane by those who could not hear the music.,Friedrich Nietzsche,general,
"I hope she'll be a fool -- that's the best thing a girl can be in this world, a beautiful little fool.","F. Scott Fitzgerald,",general,
"We came to see Jace. Is he alright?""""I don't know,"" Magnus said. ""Does he normally just lie on the floor like that without moving?","Cassandra Clare,",general,
Who controls the past controls the future. Who controls the present controls the past.,"George Orwell,",general,
Facts do not cease to exist because they are ignored.,"Aldous Huxley,",general,
Libraries were full of ideas—perhaps the most dangerous and powerful of all weapons.,"Sarah J. Maas,",general,
"Mr. Moony presents his compliments to Professor Snape, and begs him to keep his abnormally large nose out of other people's business.Mr. Prongs agrees with Mr. Moony, and would like to add that Professor Snape is an ugly git.Mr. Padfoot would like to register his astonishment that an idiot like that ever became a professor.Mr. Wormtail bids Professor Snape good day, and advises him to wash his hair, the slimeball.","J.K. Rowling,",general,
Man is the only creature who refuses to be what he is.,Albert Camus,general,
"In a good bookroom you feel in some mysterious way that you are absorbing the wisdom contained in all the books through your skin, without even opening them.",Mark Twain,general,
"And once the storm is over, you won’t remember how you made it through, how you managed to survive. You won’t even be sure, whether the storm is really over. But one thing is certain. When you come out of the storm, you won’t be the same person who walked in. That’s what this storm’s all about.","Haruki Murakami,",general,
"Promise YourselfTo be so strong that nothingcan disturb your peace of mind.To talk health, happiness, and prosperityto every person you meet.To make all your friends feelthat there is something in themTo look at the sunny side of everythingand make your optimism come true.To think only the best, to work only for the best,and to expect only the best.To be just as enthusiastic about the success of othersas you are about your own.To forget the mistakes of the pastand press on to the greater achievements of the future.To wear a cheerful countenance at all timesand give every living creature you meet a smile.To give so much time to the improvement of yourselfthat you have no time to criticize others.To be too large for worry, too noble for anger, too strong for fear,and too happy to permit the presence of trouble.To think well of yourself and to proclaim this fact to the world,not in loud words but great deeds.To live in faith that the whole world is on your sideso long as you are true to the best that is in you.","Christian D. Larson,",general,
"If more of us valued food and cheer and song above hoarded gold, it would be a merrier world.",J.R.R. Tolkien,general,
"For attractive lips, speak words of kindness.For lovely eyes, seek out the good in people.For a slim figure, share your food with the hungry.For beautiful hair, let a child run his fingers through it once a day.For poise, walk with the knowledge you’ll never walk alone....We leave you a tradition with a future.The tender loving care of human beings will never become obsolete.People even more than things have to be restored, renewed, revived, reclaimed and redeemed and redeemed and redeemed.Never throw out anybody.Remember, if you ever need a helping hand, you’ll find one at the end of your arm.As you grow older, you will discover that you have two hands: one for helping yourself, the other for helping others.Your “good old days","Sam Levenson,",general,
"Don't think or judge, just listen.","Sarah Dessen,",general,
"Grief does not change you, Hazel. It reveals you.","John Green,",general,
Happy Hunger Games! And may the odds be ever in your favor.,"Suzanne Collins,",general,
You cannot find peace by avoiding life.,"Michael Cunningham,",general,
He can run faster than Severus Snape confronted with shampoo.,"J.K. Rowling,",general,
A good friend will always stab you in the front.,Oscar Wilde,general,
May you live every day of your life.,Jonathan Swift,general,
"When you're in jail, a good friend will be trying to bail you out. A best friend will be in the cell next to you saying, 'Damn, that was fun'.",Groucho Marx,general,
"And now I’m looking at you,","Cassandra Clare,",general,
"Those who believe in telekinetics, raise my hand.",Kurt Vonnegut,general,
"Some humans would do anything to see if it was possible to do it. If you put a large switch in some cave somewhere, with a sign on it saying 'End-of-the-World Switch. PLEASE DO NOT TOUCH', the paint wouldn't even have time to dry.","Terry Pratchett,",general,
"For instance, on the planet Earth, man had always assumed that he was more intelligent than dolphins because he had achieved so much—the wheel, New York, wars and so on—whilst all the dolphins had ever done was muck about in the water having a good time. But conversely, the dolphins had always believed that they were far more intelligent than man—for precisely the same reasons.","Douglas Adams,",general,
"Whatever you are, be a good one.",Abraham Lincoln,general,
"Be kind, for everyone you meet is fighting a harder battle.",Plato,general,
"I wanted a perfect ending. Now I've learned, the hard way, that some poems don't rhyme, and some stories don't have a clear beginning, middle, and end. Life is about not knowing, having to change, taking the moment and making the best of it, without knowing what's going to happen next.Delicious Ambiguity.",Gilda Radner,general,
When you are courting a nice girl an hour seems like a second. When you sit on a red-hot cinder a second seems like an hour. That's relativity.,Albert Einstein,general,
There's a fine line between genius and insanity. I have erased this line.,Oscar Levant,general,
"Women are meant to be loved, not to be understood.","Oscar Wilde,",general,
"Sleep is good, he said, and books are better.",George R. R. Martin,general,
"Don't touch any of my weapons without my permission.""""Well, there goes my plan for selling them all on eBay,"" Clary muttered.""Selling them on what?""Clary smiled blandly at him. ""A mythical place of great magical power.","Cassandra Clare,",general,
"Every heart sings a song, incomplete, until another heart whispers back. Those who wish to sing always find a song. At the touch of a lover, everyone becomes a poet.",Plato,general,
"I have hated words and I have loved them, and I hope I have made them right.","Markus Zusak,",general,
Where there is love there is life.,Mahatma Gandhi,general,
Attitude is a choice. Happiness is a choice. Optimism is a choice. Kindness is a choice. Giving is a choice. Respect is a choice. Whatever choice you make makes you. Choose wisely.,"Roy T. Bennett,",general,
"Promise me you'll always remember: You're braver than you believe, and stronger than you seem, and smarter than you think.",Carter Crocker,general,
Doubt thou the stars are fire;Doubt that the sun doth move;Doubt truth to be a liar;But never doubt I love.,"William Shakespeare,",general,
"You can't force love, I realized. It's there or it isn't. If it's not there, you've got to be able to admit it. If it is there, you've got to do whatever it takes to protect the ones you love.","Richelle Mead,",general,
"We write to taste life twice, in the moment and in retrospect.",Anais Nin,general,
"Two wrongs don't make a right, but they make a good excuse.",Thomas Szasz,general,
"If my life is going to mean anything, I have to live it myself.","Rick Riordan,",general,
Wicked people never have time for reading. It's one of the reasons for their wickedness.,Lemony Snicket,general,
"If ever there is tomorrow when we're not together... there is something you must always remember. You are braver than you believe, stronger than you seem, and smarter than you think. But the most important thing is, even if we're apart... I'll always be with you.",Carter Crocker,general,
"I think you still love me, but we can’t escape the fact that I’m not enough for you. I knew this was going to happen. So I’m not blaming you for falling in love with another woman. I’m not angry, either. I should be, but I’m not. I just feel pain. A lot of pain. I thought I could imagine how much this would hurt, but I was wrong.","Haruki Murakami,",general,
"And now here is my secret, a very simple secret: It is only with the heart that one can see rightly; what is essential is invisible to the eye.","Antoine de Saint-Exupéry,",general,
I don't want to go to heaven. None of my friends are there.,Oscar Wilde,general,
"I love you. I am who I am because of you. You are every reason, every hope, and every dream I've ever had, and no matter what happens to us in the future, everyday we are together is the greatest day of my life. I will always be yours.","Nicholas Sparks,",general,
"Let us find the dam snack bar,"" Zoe said. ""We should eat while we can.""Grover cracked a smile. ""The dam snack bar?""Zoe blinked. ""Yes. What is funny?""""Nothing,"" Grover said, trying to keep a straight face. ""I could use some dam french fries.""Even Thalia smiled at that. ""And I need to use the dam restroom.""...I started cracking up, and Thalia and Grover joined in, while Zoe just looked at me. ""I do not understand.""""I want to use the dam water fountain,"" Grover said.""And..."" Thalia tried to catch her breath. ""I want to buy a dam t-shirt.","Rick Riordan,",general,
Substitute 'damn' every time you're inclined to write 'very;' your editor will delete it and the writing will be just as it should be.,Mark Twain,general,
"Some women choose to follow men, and some women choose to follow their dreams. If you're wondering which way to go, remember that your career will never wake up and tell you that it doesn't love you anymore.",Lady Gaga,general,
"The meeting of two personalities is like the contact of two chemical substances: if there is any reaction, both are transformed.",Carl Gustav Jung,general,
I've never fooled anyone. I've let people fool themselves. They didn't bother to find out who and what I was. Instead they would invent a character for me. I wouldn't argue with them. They were obviously loving somebody I wasn't.,Marilyn Monroe,general,
"When it comes down to it, I let them think what they want. If they care enough to bother with what I do, then I'm already better than them.",Marilyn Monroe,general,
"It's really a wonder that I haven't dropped all my ideals, because they seem so absurd and impossible to carry out. Yet I keep them, because in spite of everything, I still believe that people are really good at heart.","Anne Frank,",general,
"Death's got an Invisibility Cloak?"" Harry interrupted again.""So he can sneak up on people,"" said Ron. ""Sometimes he gets bored of running at them, flapping his arms and shrieking...","J.K. Rowling,",general,
"I love sleep. My life has the tendency to fall apart when I'm awake, you know?",Ernest Hemingway,general,
"Your task is not to seek for love, but merely to seek and find all the barriers within yourself that you have built against it.",Rumi,general,
A clever person solves a problem. A wise person avoids it.,Albert Einstein,general,
"You know the world is going crazy when the best rapper is a white guy, the best golfer is a black guy, the tallest guy in the NBA is Chinese, the Swiss hold the America's Cup, France is accusing the U.S. of arrogance, Germany doesn't want to go to war, and the three most powerful men in America are named ""Bush"", ""Dick"", and ""Colin."" Need I say more?",Chris Rock,general,
Don't be pushed around by the fears in your mind. Be led by the dreams in your heart.,"Roy T. Bennett,",general,
"Nobody has ever measured, not even poets, how much the heart can hold.",Zelda Fitzgerald,general,
Get busy living or get busy dying.,"Stephen King,",general,
"The best love is the kind that awakens the soul and makes us reach for more, that plants a fire in our hearts and brings peace to our minds. And that's what you've given me. That's what I'd hoped to give you forever",Nicholas Sparks,general,
First they ignore you. Then they ridicule you. And then they attack you and want to burn you. And then they build monuments to you.,Nicholas Klein,general,
"I took a deep breath and listened to the old brag of my heart. I am, I am, I am.","Sylvia Plath,",general,
"I, with a deeper instinct, choose a man who compels my strength, who makes enormous demands on me, who does not doubt my courage or my toughness, who does not believe me naïve or innocent, who has the courage to treat me like a woman.",Anaïs Nin,general,
"I could recognize him by touch alone, by smell; I would know him blind, by the way his breaths came and his feet struck the earth. I would know him in death, at the end of the world.","Madeline Miller,",general,
It's only after we've lost everything that we're free to do anything.,"Chuck Palahniuk,",general,
"There are two basic motivating forces: fear and love. When we are afraid, we pull back from life. When we are in love, we open to all that life has to offer with passion, excitement, and acceptance. We need to learn to love ourselves first, in all our glory and our imperfections. If we cannot love ourselves, we cannot fully open to our ability to love others or our potential to create. Evolution and all hopes for a better world rest in the fearlessness and open-hearted vision of people who embrace life.",John Lennon,general,
It means 'Shadowhunters: Looking Better in Black Than the Widows of our Enemies Since 1234'.,"Cassandra Clare,",general,
When someone shows you who they are believe them the first time.,Maya Angelou,general,
Destroying things is much easier than making them.,"Suzanne Collins,",general,
Out beyond ideas of wrongdoing and rightdoing there is a field.I'll meet you there.When the soul lies down in that grassthe world is too full to talk about.,Rumi,general,
"I can believe things that are true and things that aren't true and I can believe things where nobody knows if they're true or not. I can believe in Santa Claus and the Easter Bunny and the Beatles and Marilyn Monroe and Elvis and Mister Ed. Listen - I believe that people are perfectable, that knowledge is infinite, that the world is run by secret banking cartels and is visited by aliens on a regular basis, nice ones that look like wrinkled lemurs and bad ones who mutilate cattle and want our water and our women. I believe that the future sucks and I believe that the future rocks and I believe that one day White Buffalo Woman is going to come back and kick everyone's ass. I believe that all men are just overgrown boys with deep problems communicating and that the decline in good sex in America is coincident with the decline in drive-in movie theaters from state to state. I believe that all politicians are unprincipled crooks and I still believe that they are better than the alternative. I believe that California is going to sink into the sea when the big one comes, while Florida is going to dissolve into madness and alligators and toxic waste. I believe that antibacterial soap is destroying our resistance to dirt and disease so that one day we'll all be wiped out by the common cold like martians in War of the Worlds. I believe that the greatest poets of the last century were Edith Sitwell and Don Marquis, that jade is dried dragon sperm, and that thousands of years ago in a former life I was a one-armed Siberian shaman. I believe that mankind's destiny lies in the stars. I believe that candy really did taste better when I was a kid, that it's aerodynamically impossible for a bumble bee to fly, that light is a wave and a particle, that there's a cat in a box somewhere who's alive and dead at the same time (although if they don't ever open the box to feed it it'll eventually just be two different kinds of dead), and that there are stars in the universe billions of years older than the universe itself. I believe in a personal god who cares about me and worries and oversees everything I do. I believe in an impersonal god who set the universe in motion and went off to hang with her girlfriends and doesn't even know that I'm alive. I believe in an empty and godless universe of causal chaos, background noise, and sheer blind luck. I believe that anyone who says sex is overrated just hasn't done it properly. I believe that anyone who claims to know what's going on will lie about the little things too. I believe in absolute honesty and sensible social lies. I believe in a woman's right to choose, a baby's right to live, that while all human life is sacred there's nothing wrong with the death penalty if you can trust the legal system implicitly, and that no one but a moron would ever trust the legal system. I believe that life is a game, that life is a cruel joke, and that life is what happens when you're alive and that you might as well lie back and enjoy it.","Neil Gaiman,",general,
"Once upon a time there was a boy who loved a girl, and her laughter was a question he wanted to spend his whole life answering.","Nicole Krauss,",general,
If you expect nothing from somebody you are never disappointed.,"Sylvia Plath,",general,
You educate a man; you educate a man. You educate a woman; you educate a generation.,Brigham Young,general,
"We all die. The goal isn't to live forever, the goal is to create something that will.","Chuck Palahniuk,",general,
"Well, don't expect us to be too impressed. We just saw Finnick Odair in his underwear.","Suzanne Collins,",general,
I believe that imagination is stronger than knowledge. That myth is more potent than history. That dreams are more powerful than facts. That hope always triumphs over experience. That laughter is the only cure for grief. And I believe that love is stronger than death.,"Robert Fulghum,",general,
"If the world were merely seductive, that would be easy. If it were merely challenging, that would be no problem. But I arise in the morning torn between a desire to improve the world and a desire to enjoy the world. This makes it hard to plan the day.",E.B. White,general,
We loved with a love that was more than love.,Edgar Allen Poe,general,
"These woods are lovely, dark and deep,But I have promises to keep,And miles to go before I sleep,And miles to go before I sleep.","Robert Frost,",general,
"Science without religion is lame, religion without science is blind.",Albert Einstein,general,
"Tell me, what is it you plan to do with your one wild and precious life?",Mary Oliver,general,
"Reader, suppose you were an idiot. And suppose you were a member of Congress. But I repeat myself.",Mark Twain,general,
Isn't it nice to think that tomorrow is a new day with no mistakes in it yet?,L.M. Montgomery,general,
It is sometimes an appropriate response to reality to go insane.,"Philip K. Dick,",general,
We should all start to live before we get too old. Fear is stupid. So are regrets.,Marilyn Monroe,general,
Hope is the thing with feathers That perches in the soul And sings the tune without the words And never stops at all.,Emily Dickinson,general,
Never laugh at live dragons.,J.R.R. Tolkien,general,
"When I have a little money, I buy books; and if I have any left, I buy food and clothes.",Desiderius Erasmus Roterodamus,general,
Some people care too much. I think it's called love.,"A.A. Milne,",general,
"Deep in the meadow, hidden far awayA cloak of leaves, a moonbeam rayForget your woes and let your troubles layAnd when it's morning again, they'll wash awayHere it's safe, here it's warmHere the daisies guard you from every harmHere your dreams are sweet and tomorrow brings them trueHere is the place where I love you.","Suzanne Collins,",general,
"Some books should be tasted, some devoured, but only a few should be chewed and digested thoroughly.",Sir Francis Bacon,general,
"I believe in everything until it's disproved. So I believe in fairies, the myths, dragons. It all exists, even if it's in your mind. Who's to say that dreams and nightmares aren't as real as the here and now?",John Lennon,general,
"One, remember to look up at the stars and not down at your feet. Two, never give up work. Work gives you meaning and purpose and life is empty without it. Three, if you are lucky enough to find love, remember it is there and don't throw it away.",Stephen Hawking,general,
"Here’s to books, the cheapest vacation you can buy.",Charlaine Harris,general,
Those who dream by day are cognizant of many things which escape those who dream only by night.,"Edgar Allan Poe,",general,
"I heard what you said. I’m not the silly romantic you think. I don’t want the heavens or the shooting stars. I don’t want gemstones or gold. I have those things already. I want…a steady hand. A kind soul. I want to fall asleep, and wake, knowing my heart is safe. I want to love, and be loved.",Shana Abe,general,
Eating and reading are two pleasures that combine admirably.,C.S. Lewis,general,
"I wanted so badly to lie down next to her on the couch, to wrap my arms around her and sleep. Not fuck, like in those movies. Not even have sex. Just sleep together in the most innocent sense of the phrase. But I lacked the courage and she had a boyfriend and I was gawky and she was gorgeous and I was hopelessly boring and she was endlessly fascinating. So I walked back to my room and collapsed on the bottom bunk, thinking that if people were rain, I was drizzle and she was hurricane.","John Green,",general,
"I would have come for you. And if I couldn't walk, I'd crawl to you, and no matter how broken we were, we'd fight our way out together-knives drawn, pistols blazing. Because that's what we do. We never stop fighting.","Leigh Bardugo,",general,
"Sometimes you climb out of bed in the morning and you think, I'm not going to make it, but you laugh inside — remembering all the times you've felt that way.",Charles Bukowski,general,
"Instead of worrying about what you cannot control, shift your energy to what you can create.","Roy T. Bennett,",general,
"It is the unknown we fear when we look upon death and darkness, nothing more.","J.K. Rowling,",general,
Faithless is he that says farewell when the road darkens.,"J.R.R. Tolkien,",general,
"You can talk with someone for years, everyday, and still, it won't mean as much as what you can have when you sit in front of someone, not saying a word, yet you feel that person with your heart, you feel like you have known the person for forever.... connections are made with the heart, not the tongue.",C. JoyBell C.,general,
Experience is merely the name men gave to their mistakes.,"Oscar Wilde,",general,
"A guy and a girl can be just friends, but at one point or another, they will fall for each other...Maybe temporarily, maybe at the wrong time, maybe too late, or maybe forever",Dave Matthews Band,general,
"You think your pain and your heartbreak are unprecedented in the history of the world, but then you read. It was books that taught me that the things that tormented me most were the very things that connected me with all the people who were alive, who had ever been alive.",James Baldwin,general,
Reading is one form of escape. Running for your life is another.,Lemony Snicket,general,
Pain is inevitable. Suffering is optional.,"haruki murakami,",general,
The world is a book and those who do not travel read only one page.,St. Augustine,general,
"Reality is merely an illusion, albeit a very persistent one.",Albert Einstein,general,
"One day I will find the right words, and they will be simple.","Jack Kerouac,",general,
"If a cluttered desk is a sign of a cluttered mind, of what, then, is an empty desk a sign?",Laurence J. Peter,general,
"If you're reading this...Congratulations, you're alive.If that's not something to smile about,then I don't know what is.","Chad Sugg,",general,
I am not young enough to know everything.,Oscar Wilde,general,
"If we knew what it was we were doing, it would not be called research, would it?",Albert Einstein,general,
"Pain and suffering are always inevitable for a large intelligence and a deep heart. The really great men must, I think, have great sadness on earth.","Fyodor Dostoevsky,",general,
How lucky I am to have known somebody and something that saying goodbye to is so damned awful.,"Evans G. Valens,",general,
You get a little moody sometimes but I think that's because you like to read. People that like to read are always a little fucked up.,"Pat Conroy,",general,
"I might be in love with you."" He smiles a little. ""I'm waiting until I'm sure to tell you, though.","Veronica Roth,",general,
Hell is empty and all the devils are here.,"William Shakespeare,",general,
"The mind is its own place, and in itself can make a heaven of hell, a hell of heaven..","John Milton,",general,
Don’t go around saying the world owes you a living. The world owes you nothing. It was here first.,Mark Twain,general,
"Monsters are real, and ghosts are real too. They live inside us, and sometimes, they win.",Stephen King,general,
"I learned this, at least, by my experiment: that if one advances confidently in the direction of his dreams, and endeavors to live the life which he has imagined, he will meet with a success unexpected in common hours.","Henry David Thoreau,",general,
In a time of deceit telling the truth is a revolutionary act.,George Orwell,general,
"You could rattle the stars,"" she whispered. ""You could do anything, if only you dared. And deep down, you know it, too. That’s what scares you most.","Sarah J. Maas,",general,
There are no good girls gone wrong - just bad girls found out.,Mae West,general,
Never go to bed mad. Stay up and fight.,Phyllis Diller,general,
"Do you remember back at the hotel when you promised that if we lived, you’d get dressed up in a nurse’s outfit and give me a sponge bath?"" asked Jace.""It was Simon who promised you the sponge bath.""""As soon as I’m back on my feet, handsome,"" said Simon.""I knew we should have left you a rat.","Cassandra Clare,",general,
"I hope that in this year to come, you make mistakes. Because if you are making mistakes...you're Doing Something.",Neil Gaiman,general,
"We live and breathe words. .... It was books that made me feel that perhaps I was not completely alone. They could be honest with me, and I with them. Reading your words, what you wrote, how you were lonely sometimes and afraid, but always brave; the way you saw the world, its colors and textures and sounds, I felt--I felt the way you thought, hoped, felt, dreamt. I felt I was dreaming and thinking and feeling with you. I dreamed what you dreamed, wanted what you wanted--and then I realized that truly I just wanted you.","Cassandra Clare,",general,
I have no special talents. I am only passionately curious.,Albert Einstein,general,
"I've never been lonely. I've been in a room -- I've felt suicidal. I've been depressed. I've felt awful -- awful beyond all -- but I never felt that one other person could enter that room and cure what was bothering me...or that any number of people could enter that room. In other words, loneliness is something I've never been bothered with because I've always had this terrible itch for solitude. It's being at a party, or at a stadium full of people cheering for something, that I might feel loneliness. I'll quote Ibsen, ""The strongest men are the most alone."" I've never thought, ""Well, some beautiful blonde will come in here and give me a fuck-job, rub my balls, and I'll feel good."" No, that won't help. You know the typical crowd, ""Wow, it's Friday night, what are you going to do? Just sit there?"" Well, yeah. Because there's nothing out there. It's stupidity. Stupid people mingling with stupid people. Let them stupidify themselves. I've never been bothered with the need to rush out into the night. I hid in bars, because I didn't want to hide in factories. That's all. Sorry for all the millions, but I've never been lonely. I like myself. I'm the best form of entertainment I have. Let's drink more wine!",Charles Bukowski,general,
"I wanted you to see what real courage is, instead of getting the idea that courage is a man with a gun in his hand. It's when you know you're licked before you begin, but you begin anyway and see it through no matter what.","Harper Lee,",general,
"A life spent making mistakes is not only more honorable, but more useful than a life spent doing nothing.",George Bernard Shaw,general,
"There is nothing either good or bad, but thinking makes it so.","William Shakespear,",general,
"It is a curious thing, the death of a loved one. We all know that our time in this world is limited, and that eventually all of us will end up underneath some sheet, never to wake up. And yet it is always a surprise when it happens to someone we know. It is like walking up the stairs to your bedroom in the dark, and thinking there is one more stair than there is. Your foot falls down, through the air, and there is a sickly moment of dark surprise as you try and readjust the way you thought of things.","Lemony Snicket,",general,
"We delight in the beauty of the butterfly, but rarely admit the changes it has gone through to achieve that beauty.",Maya Angelou,general,
I like work: it fascinates me. I can sit and look at it for hours.,Jerome K. Jerome,general,
Always do what you are afraid to do.,Ralph Waldo Emerson,general,
"There is neither happiness nor misery in the world; there is only the comparison of one state with another, nothing more. He who has felt the deepest grief is best able to experience supreme happiness. We must have felt what it is to die, Morrel, that we may appreciate the enjoyments of life. "" Live, then, and be happy, beloved children of my heart, and never forget, that until the day God will deign to reveal the future to man, all human wisdom is contained in these two words, 'Wait and Hope.",Alexandre Dumas,general,
"When I was 5 years old, my mother always told me that happiness was the key to life. When I went to school, they asked me what I wanted to be when I grew up. I wrote down ‘happy’. They told me I didn’t understand the assignment, and I told them they didn’t understand life.",John Lennon,general,
"They say a person needs just three things to be truly happy in this world: someone to love, something to do, and something to hope for.",Tom Bodett,general,
Talent hits a target no one else can hit. Genius hits a target no one else can see.,Arthur Schopenhauer,general,
"It is not the critic who counts; not the man who points out how the strong man stumbles, or where the doer of deeds could have done them better. The credit belongs to the man who is actually in the arena, whose face is marred by dust and sweat and blood; who strives valiantly; who errs, who comes short again and again, because there is no effort without error and shortcoming; but who does actually strive to do the deeds; who knows great enthusiasms, the great devotions; who spends himself in a worthy cause; who at the best knows in the end the triumph of high achievement, and who at the worst, if he fails, at least fails while daring greatly, so that his place shall never be with those cold and timid souls who neither know victory nor defeat.",Theodore Roosevelt,general,
A thing is not necessarily true because a man dies for it.,Oscar Wilde,general,
I have decided to stick to love...Hate is too great a burden to bear.,"Martin Luther King Jr.,",general,
"There are two motives for reading a book; one, that you enjoy it; the other, that you can boast about it.",Bertrand Russell,general,
What's meant to be will always find a way,Trisha Yearwood,general,
Our lives begin to end the day we become silent about things that matter.,"Martin Luther King Jr.,",general,
"The world is indeed full of peril, and in it there are many dark places; but still there is much that is fair, and though in all lands love is now mingled with grief, it grows perhaps the greater.","J.R.R. Tolkien,",general,
"I think that if I ever have kids, and they are upset, I won't tell them that people are starving in China or anything like that because it wouldn't change the fact that they were upset. And even if somebody else has it much worse, that doesn't really change the fact that you have what you have.","Stephen Chbosky,",general,
"That's always seemed so ridiculous to me, that people want to be around someone because they're pretty. It's like picking your breakfeast cereals based on color instead of taste.","John Green,",general,
Make it a rule never to give a child a book you would not read yourself.,George Bernard Shaw,general,
"May I see you again?"" he asked. There was an endearing nervousness in his voice. I smiled. ""Sure.""""Tomorrow?"" he asked.""Patience, grasshopper,"" I counseled. ""You don't want to seem overeager. ""Right, that's why I said tomorrow,"" he said. ""I want to see you again tonight. But I'm willing to wait all night and much of tomorrow."" I rolled my eyes. ""I'm serious,"" he said. ""You don't even know me,"" I said. I grabbed the book from the center console. ""How about I call you when I finish this?""""But you don't even have my phone number,"" he said.""I strongly suspect you wrote it in this book."" He broke out into that goofy smile. ""And you say we don't know each other.","John Green,",general,
"Somewhere, something incredible is waiting to be known.",Carl Sagan,general,
Sarcasm is the last refuge of the imaginatively bankrupt.,"Cassandra Clare,",general,
"When his life was ruined, his family killed, his farm destroyed, Job knelt down on the ground and yelled up to the heavens, ""Why god? Why me?"" and the thundering voice of God answered, There's just something about you that pisses me off.","Stephen King,",general,
"It is hard enough to remember my opinions, without also remembering my reasons for them!",Friedrich Nietzsche,general,
And the day came when the risk to remain tight in a bud was more painful than the risk it took to blossom.,Anais Nin,general,
"Do not let your fire go out, spark by irreplaceable spark in the hopeless swamps of the not-quite, the not-yet, and the not-at-all. Do not let the hero in your soul perish in lonely frustration for the life you deserved and have never been able to reach. The world you desire can be won. It exists.. it is real.. it is possible.. it's yours.","Ayn Rand,",general,
Hearts are made to be broken.,"Oscar Wilde,",general,
"Malachi scowled. ""I don't remember the Clave inviting you into the Glass City, Magnus Bane.""""They didn't,"" Magnus said. ""Your wards are down.""""Really?"" the Consul's voice dripped sarcasm. ""I hadn't noticed.""Magnus looked concerned. ""That's terrible. Someone should have told you."" He glanced at Luke. ""Tell him the wards are down.","Cassandra Clare,",general,
"In the end, we will remember not the words of our enemies, but the silence of our friends.",Martin Luther King Jr.,general,
"It is a truth universally acknowledged, that a single man in possession of a good fortune, must be in want of a wife.","Jane Austen,",general,
The flower that blooms in adversity is the rarest and most beautiful of all.,"Walt Disney Company,",general,
All happy families are alike; each unhappy family is unhappy in its own way.,"Leo Tolstoy ,",general,
"There is a theory which states that if ever anyone discovers exactly what the Universe is for and why it is here, it will instantly disappear and be replaced by something even more bizarre and inexplicable. There is another theory which states that this has already happened.","Douglas Adams,",general,
"Of all sad words of tongue or pen, the saddest are these, 'It might have been.",John Greenleaf Whittier,general,
"I'm coming back into focus when Caesar asks him if he has a girlfriend back home. Peeta hesitates, then gives an unconvincing shake of his head.Handsome lad like you. There must be some special girl. Come on, what’s her name?"" says Caesar.Peeta sighs. ""Well, there is this one girl. I’ve had a crush on her ever since I can remember. But I’m pretty sure she didn’t know I was alive until the reaping.""Sounds of sympathy from the crowd. Unrequited love they can relate to.She have another fellow?"" asks Caesar.I don’t know, but a lot of boys like her,"" says Peeta.So, here’s what you do. You win, you go home. She can’t turn you down then, eh?"" says Caesar encouragingly.I don’t think it’s going to work out. Winning...won’t help in my case,"" says Peeta.Why ever not?"" says Caesar, mystified.Peeta blushes beet red and stammers out. ""Because...because...she came here with me.","Suzanne Collins,",general,
"The loneliest moment in someone’s life is when they are watching their whole world fall apart, and all they can do is stare blankly.",F. Scott Fitzgerald,general,
It is so hard to leave—until you leave. And then it is the easiest goddamned thing in the world.,"John Green,",general,
Fantasy is hardly an escape from reality. It's a way of understanding it.,Lloyd Alexander,general,
"And by the way, everything in life is writable about if you have the outgoing guts to do it, and the imagination to improvise. The worst enemy to creativity is self-doubt.","Sylvia Plath,",general,
Be the reason someone smiles. Be the reason someone feels loved and believes in the goodness in people.,"Roy T. Bennett,",general,
"There are few people whom I really love, and still fewer of whom I think well. The more I see of the world, the more am I dissatisfied with it; and every day confirms my belief of the inconsistency of all human characters, and of the little dependence that can be placed on the appearance of merit or sense.","Jane Austen,",general,
"You have enemies? Good. That means you've stood up for something, sometime in your life.",Winston Churchill,general,
I have loved the stars too fondly to be fearful of the night.,Sarah Williams,general,
"You don't love someone for their looks, or their clothes, or for their fancy car, but because they sing a song only you can hear.",oscar wilde,general,
"The boy never cried again, and he never forgot what he'd learned: that to love is to destroy, and that to be loved is to be the one destroyed.","Cassandra Clare,",general,
THE FIRST TEN LIES THEY TELL YOU IN HIGH SCHOOL 1. We are here to help you. 2. You will have time to get to your class before the bell rings. 3. The dress code will be enforced. 4. No smoking is allowed on school grounds. 5. Our football team will win the championship this year. 6. We expect more of you here. 7. Guidance counselors are always available to listen. 8. Your schedule was created with you in mind. 9. Your locker combination is private. 10. These will be the years you look back on fondly. TEN MORE LIES THEY TELL YOU IN HIGH SCHOOL 1. You will use algebra in your adult lives. 2. Driving to school is a privilege that can be taken away. 3. Students must stay on campus during lunch. 4. The new text books will arrive any day now. 5. Colleges care more about you than your SAT scores. 6. We are enforcing the dress code. 7. We will figure out how to turn off the heat soon. 8. Our bus drivers are highly trained professionals. 9. There is nothing wrong with summer school. 10. We want to hear what you have to say.,"Laurie Halse Anderson,",general,
The wound is the place where the Light enters you.,Rumi,general,
"For you, a thousand times over","Khaled Hosseini,",general,
"I spent my life folded between the pages of books.In the absence of human relationships I formed bonds with paper characters. I lived love and loss through stories threaded in history; I experienced adolescence by association. My world is one interwoven web of words, stringing limb to limb, bone to sinew, thoughts and images all together. I am a being comprised of letters, a character created by sentences, a figment of imagination formed through fiction.","Tahereh Mafi,",general,
"If you're going to try, go all the way. Otherwise, don't even start. This could mean losing girlfriends, wives, relatives and maybe even your mind. It could mean not eating for three or four days. It could mean freezing on a park bench. It could mean jail. It could mean derision. It could mean mockery--isolation. Isolation is the gift. All the others are a test of your endurance, of how much you really want to do it. And, you'll do it, despite rejection and the worst odds. And it will be better than anything else you can imagine. If you're going to try, go all the way. There is no other feeling like that. You will be alone with the gods, and the nights will flame with fire. You will ride life straight to perfect laughter. It's the only good fight there is.","Charles Bukowski,",general,
Think before you speak. Read before you think.,"Fran Lebowitz,",general,
"Once you learn to read, you will be forever free.",Frederick Douglass,general,
"Whether you think you can, or you think you can't--you're right.",Henry Ford,general,
Think of all the beauty still left around you and be happy.,Anne Frank,general,
"Whoever fights monsters should see to it that in the process he does not become a monster. And if you gaze long enough into an abyss, the abyss will gaze back into you.",Friedrich Nietzsche,general,
"Why did you do all this for me?' he asked. 'I don't deserve it. I've never done anything for you.' 'You have been my friend,' replied Charlotte. 'That in itself is a tremendous thing.","E.B. White,",general,
"Give a girl the right shoes, and she can conquer the world.",Bette Midler,general,
"Two people in love, alone, isolated from the world, that's beautiful.",Milan Kundera,general,
"Augustus Waters was a self-aggrandizing bastard. But we forgive him. We forgive him not because he had a heart as figuratively good as his literal one sucked, or because he knew more about how to hold a cigarette than any nonsmoker in history, or because he got eighteen years when he should've gotten more.''Seventeen,' Gus corrected.'I'm assuming you've got some time, you interupting bastard.'I'm telling you,' Isaac continued, 'Augustus Waters talked so much that he'd interupt you at his own funeral. And he was pretentious: Sweet Jesus Christ, that kid never took a piss without pondering the abundant metaphorical resonances of human waste production. And he was vain: I do not believe I have ever met a more physically attractive person who was more acutely aware of his own physical attractiveness.'But I will say this: When the scientists of the future show up at my house with robot eyes and they tell me to try them on, I will tell the scientists to screw off, because I do not want to see a world without him.'I was kind of crying by then.","John Green,",general,
Faith is taking the first step even when you can't see the whole staircase.,Martin Luther King Jr.,general,
"Here's all you have to know about men and women: women are crazy, men are stupid. And the main reason women are crazy is that men are stupid.","George Carlin,",general,
"I did not attend his funeral, but I sent a nice letter saying I approved of it.",Mark Twain,general,
Never let your sense of morals prevent you from doing what is right.,"Isaac Asimov,",general,
"If all else perished, and he remained, I should still continue to be; and if all else remained, and he were annihilated, the universe would turn to a mighty stranger.","Emily Jane Brontë ,",general,
I want to stand as close to the edge as I can without going over. Out on the edge you see all kinds of things you can't see from the center.,"Kurt Vonnegut,",general,
"The best index to a person's character is how he treats people who can't do him any good, and how he treats people who can't fight back.",Abigail Van Buren,general,
"This above all: to thine own self be true, And it must follow, as the night the day, Thou canst not then be false to any man.","William Shakespeare,",general,
"You know, you could live a thousand lifetimes and not deserve him.","Suzanne Collins,",general,
"Courage is the most important of all the virtues because without courage, you can't practice any other virtue consistently.",Maya Angelou,general,
"We're all going to die, all of us, what a circus! That alone should make us love each other but it doesn't. We are terrorized and flattened by trivialities, we are eaten up by nothing.",Charles Bukowski,general,
God created war so that Americans would learn geography.,Mark Twain,general,
She was a girl who knew how to be happy even when she was sad. And that’s important—you know,Marilyn Monroe,general,
Books so special and rare and yours that advertising your affection feels like a betrayal.,"John Green,",general,
Where is human nature so weak as in the bookstore?,Henry Ward Beecherr,general,
Books are mirrors: you only see in them what you already have inside you.,"Carlos Ruiz Zafón,",general,
"If at first you don't succeed, try, try again. Then quit. No use being a damn fool about it.",W.C. Fields,general,
"I have a history of making decisions very quickly about men. I have always fallen in love fast and without measuring risks. I have a tendency not only to see the best in everyone, but to assume that everyone is emotionally capable of reaching his highest potential. I have fallen in love more times than I care to count with the highest potential of a man, rather than with the man himself, and I have hung on to the relationship for a long time (sometimes far too long) waiting for the man to ascend to his own greatness. Many times in romance I have been a victim of my own optimism.","Elizabeth Gilbert,",general,
"A human being is a part of the whole called by us universe, a part limited in time and space. He experiences himself, his thoughts and feeling as something separated from the rest, a kind of optical delusion of his consciousness. This delusion is a kind of prison for us, restricting us to our personal desires and to affection for a few persons nearest to us. Our task must be to free ourselves from this prison by widening our circle of compassion to embrace all living creatures and the whole of nature in its beauty.",Albert Einstein,general,
What is a friend? A single soul dwelling in two bodies.,Aristotle,general,
"If you remember me, then I don't care if everyone else forgets.","Haruki Murakami,",general,
Waiting is painful. Forgetting is painful. But not knowing which to do is the worst kind of suffering.,"Paulo Coelho,",general,
I cannot live without books.,Thomas Jefferson,general,
"Well, I’m not kissing the mundane,"" said Jace. ""I’d rather stay down here and rot.""""Forever?"" said Simon. ""Forever’s an awfully long time.""Jace raised his eyebrows. ""I knew it,"" he said. ""You want to kiss me, don’t you?","Cassandra Clare,",general,
"Take responsibility of your own happiness, never put it in other people’s hands.","Roy T. Bennett,",general,
"Those who find ugly meanings in beautiful things are corrupt without being charming. This is a fault. Those who find beautiful meanings in beautiful things are the cultivated. For these there is hope. They are the elect to whom beautiful things mean only Beauty. There is no such thing as a moral or an immoral book. Books are well written, or badly written. That is all.","Oscar Wilde,",general,
I can't imagine a man really enjoying a book and reading it only once.,C.S. Lewis,general,
"For the two of us, home isn't a place. It is a person. And we are finally home.","Stephanie Perkins,",general,
The most important thing is to enjoy your life—to be happy—it's all that matters.,Audrey Hepburn,general,
The very essence of romance is uncertainty.,"Oscar Wilde,",general,
"Accept yourself, love yourself, and keep moving forward. If you want to fly, you have to give up what weighs you down.","Roy T. Bennett,",general,
The most courageous act is still to think for yourself. Aloud.,Coco Chanel,general,
"People aren't either wicked or noble. They're like chef's salads, with good things and bad things chopped and mixed together in a vinaigrette of confusion and conflict.","Lemony Snicket,",general,
what matters most is how well you walk through the fire,Charles Bukowski,general,
Never be bullied into silence. Never allow yourself to be made a victim. Accept no one’s definition of your life; define yourself.,Robert Frost,general,
"All animals are equal, but some animals are more equal than others.","George Orwell,",general,
The unexamined life is not worth living.,Socrates,general,
"No relationship is perfect, ever. There are always some ways you have to bend, to compromise, to give something up in order to gain something greater...The love we have for each other is bigger than these small differences. And that's the key. It's like a big pie chart, and the love in a relationship has to be the biggest piece. Love can make up for a lot.","Sarah Dessen,",general,
"Read, read, read. Read everything -- trash, classics, good and bad, and see how they do it. Just like a carpenter who works as an apprentice and studies the master. Read! You'll absorb it.Then write. If it's good, you'll find out. If it's not, throw it out of the window.",William Faulkner,general,
Be mindful. Be grateful. Be positive. Be true. Be kind.,"Roy T. Bennett,",general,
Nobody realizes that some people expend tremendous energy merely to be normal.,Albert Camus,general,
"Love is always patient and kind. It is never jealous. Love is never boastful or conceited. It is never rude or selfish. It does not take offense and is not resentful. Love takes no pleasure in other people’s sins, but delights in the truth. It is always ready to excuse, to trust, to hope, and to endure whatever comes.","Anonymous,",general,
"Bran thought about it. 'Can a man still be brave if he's afraid?''That is the only time a man can be brave,' his father told him.","George R.R. Martin,",general,
"Love is so short, forgetting is so long.","Pablo Neruda,",general,
There is always some madness in love. But there is also always some reason in madness.,Friedrich Nietzsche,general,
"I can be changed by what happens to me. But I refuse to be reduced by it.(Popular misquote of ""You may not control all the events that happen to you, but you can decide not to be reduced by them."")","Maya Angelou,",general,
"Respect other people's feelings. It might mean nothing to you, but it could mean everything to them.",Roy T. Bennett,general,
"Have you ever been in love? Horrible isn't it? It makes you so vulnerable. It opens your chest and it opens up your heart and it means that someone can get inside you and mess you up. You build up all these defenses, you build up a whole suit of armor, so that nothing can hurt you, then one stupid person, no different from any other stupid person, wanders into your stupid life...You give them a piece of you. They didn't ask for it. They did something dumb one day, like kiss you or smile at you, and then your life isn't your own anymore. Love takes hostages. It gets inside you. It eats you out and leaves you crying in the darkness, so simple a phrase like 'maybe we should be just friends' turns into a glass splinter working its way into your heart. It hurts. Not just in the imagination. Not just in the mind. It's a soul-hurt, a real gets-inside-you-and-rips-you-apart pain. I hate love.","Neil Gaiman,",general,
"Not everything is about you,"" Clary said furiously.""Possibly,"" Jace said, ""but you do have to admit that the majority of things are.","Cassandra Clare,",general,
Everything in the world is about sex except sex. Sex is about power.,Oscar Wilde,general,
"I am a man"" he told her, ""and men do not consume pink beverages. Get thee gone woman, and bring me something brown.","Cassandra Clare,",general,
"Man is least himself when he talks in his own person. Give him a mask, and he will tell you the truth.",Oscar Wilde,general,
"If you can't fly then run, if you can't run then walk, if you can't walk then crawl, but whatever you do you have to keep moving forward.",Martin Luther King Jr.,general,
"I didn't want to wake up. I was having a much better time asleep. And that's really sad. It was almost like a reverse nightmare, like when you wake up from a nightmare you're so relieved. I woke up into a nightmare.","Ned Vizzini,",general,
I generally avoid temptation unless I can't resist it.,Mae West,general,
"They didn’t agree on much. In fact, they didn’t agree on anything. They fought all the time and challenged each other ever day. But despite their differences, they had one important thing in common. They were crazy about each other.","Nicholas Sparks,",general,
"What the hell is that?"" I laughed.""It's my fox hat.""""Your fox hat?""""Yeah, Pudge. My fox hat.""""Why are you wearing your fox hat?"" I asked.""Because no one can catch the motherfucking fox.","John Green,",general,
Try not to become a man of success. Rather become a man of value.,Albert Einstein,general,
Good books don't give up all their secrets at once.,Stephen King,general,
"We are all different. Don’t judge, understand instead.","Roy T. Bennett,",general,
It is not in the stars to hold our destiny but in ourselves.,William Shakespeare,general,
You never have to change anything you got up in the middle of the night to write.,Saul Bellow,general,
"I think if I've learned anything about friendship, it's to hang in, stay connected, fight for them, and let them fight for you. Don't walk away, don't be distracted, don't be too busy or tired, don't take them for granted. Friends are part of the glue that holds life and faith together. Powerful stuff.",Jon Katz,general,
Accept who you are. Unless you're a serial killer.,"Ellen DeGeneres,",general,
Reader's Bill of Rights1. The right to not read 2. The right to skip pages 3. The right to not finish 4. The right to reread 5. The right to read anything 6. The right to escapism 7. The right to read anywhere 8. The right to browse 9. The right to read out loud 10. The right to not defend your tastes,Daniel Pennac,general,
"I cannot fix on the hour, or the spot, or the look or the words, which laid the foundation. It is too long ago. I was in the middle before I knew that I had begun.","Jane Austen,",general,
War is peace. Freedom is slavery. Ignorance is strength.,"George Orwell,",general,
"Is this the part where you say if I hurt her, you'll kill me?""""No"" Simon said, ""If you hurt Clary she's quite capable of killing you herself. Possibly with a variety of weapons.","Cassandra Clare,",general,
"Should I kill myself, or have a cup of coffee?",Albert Camus,general,
"He never went out without a book under his arm, and he often came back with two.","Victor Hugo,",general,
"All little girls should be told they are pretty, even if they aren't.",Marilyn Monroe,general,
I love to see a young girl go out and grab the world by the lapels. Life's a bitch. You've got to go out and kick ass.,maya angelou,general,
It's not true that I had nothing on. I had the radio on.,Marilyn Monroe,general,
"I was gratified to be able to answer promptly, and I did. I said I didn’t know.",Mark Twain,general,
I'm not saying that everything is survivable. Just that everything except the last thing is.,"John Green,",general,
Never allow someone to be your priority while allowing yourself to be their option.,Mark Twain,general,
"Once on a yellow piece of paper with green lines he wrote a poemAnd he called it ""Chops"" because that was the name of his dogAnd that's what it was all aboutAnd his teacher gave him an A and a gold starAnd his mother hung it on the kitchen door and read it to his auntsThat was the year Father Tracy took all the kids to the zooAnd he let them sing on the busAnd his little sister was born with tiny toenails and no hairAnd his mother and father kissed a lotAnd the girl around the corner sent him aValentine signed with a row of X's and he had to ask his father what the X's meantAnd his father always tucked him in bed at nightAnd was always there to do itOnce on a piece of white paper with blue lines he wrote a poemAnd he called it ""Autumn"" because that was the name of the seasonAnd that's what it was all aboutAnd his teacher gave him an A and asked him to write more clearlyAnd his mother never hung it on the kitchen door because of its new paintAnd the kids told him that Father Tracy smoked cigarsAnd left butts on the pewsAnd sometimes they would burn holesThat was the year his sister got glasses with thick lenses and black framesAnd the girl around the corner laughed when he asked her to go see Santa ClausAnd the kids told him why his mother and father kissed a lotAnd his father never tucked him in bed at nightAnd his father got mad when he cried for him to do it.Once on a paper torn from his notebook he wrote a poemAnd he called it ""Innocence: A Question"" because that was the question about his girlAnd that's what it was all aboutAnd his professor gave him an A and a strange steady lookAnd his mother never hung it on the kitchen door because he never showed herThat was the year that Father Tracy diedAnd he forgot how the end of the Apostle's Creed wentAnd he caught his sister making out on the back porchAnd his mother and father never kissed or even talkedAnd the girl around the corner wore too much makeupThat made him cough when he kissed her but he kissed her anyway because that was the thing to doAnd at three a.m. he tucked himself into bed his father snoring soundlyThat's why on the back of a brown paper bag he tried another poemAnd he called it ""Absolutely Nothing""Because that's what it was really all aboutAnd he gave himself an A and a slash on each damned wristAnd he hung it on the bathroom door because this time he didn't think he could reach the kitchen.","Stephen Chbosky,",general,
"So please, oh please, we beg, we pray,Go throw your TV set away,And in its place you can installA lovely bookshelf on the wall.Then fill the shelves with lots of books.","Roald Dahl,",general,
Either write something worth reading or do something worth writing.,Benjamin Franklin,general,
Turn your wounds into wisdom.,Oprah Winfrey,general,
"You could have had anything else in the world, and you asked for me.""She smiled up at him. Filthy as he was, covered in blood and dirt, he was the most beautiful thing she'd ever seen.""But I don't want anything else in the world.","Cassandra Clare,",general,
"Believe in yourself. You are braver than you think, more talented than you know, and capable of more than you imagine.","Roy T. Bennett,",general,
"My experience of life is that it is not divided up into genres; it’s a horrifying, romantic, tragic, comical, science-fiction cowboy detective novel. You know, with a bit of pornography if you're lucky.",Alan Moore,general,
"Not my daughter, you bitch!","J.K. Rowling,",general,
Two possibilities exist: either we are alone in the Universe or we are not. Both are equally terrifying.,Arthur C. Clarke,general,
Deserves it! I daresay he does. Many that live deserve death. And some that die deserve life. Can you give it to them? Then do not be too eager to deal out death in judgement. For even the very wise cannot see all ends.,"J.R.R. Tolkien,",general,
Nothing that’s worthwhile is ever easy. Remember that.,"Nicholas Sparks,",general,
"Many boys will bring you flowers. But someday you'll meet a boy who will learn your favorite flower, your favorite song, your favorite sweet. And even if he is too poor to give you any of them, it won't matter because he will have taken the time to know you as no one else does. Only that boy earns your heart.","Leigh Bardugo,",general,
Books may well be the only true magic.,Alice Hoffman,general,
"No tears in the writer, no tears in the reader. No surprise in the writer, no surprise in the reader.",Robert Frost,general,
"When you're struggling with something, look at all the people around you and realize that every single person you see is struggling with something, and to them, it's just as hard as what you're going through.","Nicholas Sparks,",general,
"The important thing is not to stop questioning. Curiosity has its own reason for existence. One cannot help but be in awe when he contemplates the mysteries of eternity, of life, of the marvelous structure of reality. It is enough if one tries merely to comprehend a little of this mystery each day.—""Old Man's Advice to Youth: 'Never Lose a Holy Curiosity.'"" LIFE Magazine (2 May 1955) p. 64",Albert Einstein,general,
Happiness is a warm puppy.,Charles M. Schulz,general,
"Life is too short to waste your time on people who don’t respect, appreciate, and value you.","Roy T. Bennett,",general,
"Kiss me, and you will see how important I am.","Sylvia Plath,",general,
"Men occasionally stumble over the truth, but most of them pick themselves up and hurry off as if nothing had happened.",Winston S. Churchill,general,
"When you have eliminated all which is impossible, then whatever remains, however improbable, must be the truth.","Arthur Conan Doyle,",general,
You must have chaos within you to give birth to a dancing star.,Friedrich Nietzsche,general,
"Each day means a new twenty-four hours. Each day means everything's possible again. You live in the moment, you die in the moment, you take it all one day at a time.","Marie Lu,",general,
Stop acting so small. You are the universe in ecstatic motion.,Rumi,general,
"You said you were going for a walk!? What kind of walk takes six hours?""""A long one?","Cassandra Clare,",general,
"Painting is poetry that is seen rather than felt, and poetry is painting that is felt rather than seen.",Leonardo da Vinci,general,
"You gain strength, courage and confidence by every experience in which you really stop to look fear in the face. You are able to say to yourself, 'I have lived through this horror. I can take the next thing that comes along.' You must do the thing you think you cannot do.","Eleanor Roosevelt,",general,
I wonder how many people I've looked at all my life and never seen.,"John Steinbeck,",general,
"Without pain, how could we know joy?' This is an old argument in the field of thinking about suffering and its stupidity and lack of sophistication could be plumbed for centuries but suffice it to say that the existence of broccoli does not, in any way, affect the taste of chocolate.","John Green,",general,
"It is said that your life flashes before your eyes just before you die. That is true, it's called Life.","Terry Pratchett,",general,
"Religion has actually convinced people that there's an invisible man living in the sky who watches everything you do, every minute of every day. And the invisible man has a special list of ten things he does not want you to do. And if you do any of these ten things, he has a special place, full of fire and smoke and burning and torture and anguish, where he will send you to live and suffer and burn and choke and scream and cry forever and ever 'til the end of time! But He loves you. He loves you, and He needs money! He always needs money! He's all-powerful, all-perfect, all-knowing, and all-wise, somehow just can't handle money!",George Carlin,general,
"The simple things are also the most extraordinary things, and only the wise can see them.","Paulo Coelho,",general,
"Fantasy is a necessary ingredient in living, it's a way of looking at life through the wrong end of a telescope.",Dr. Seuss,general,
"Don't ever tell anybody anything. If you do, you start missing everybody.",J. D. Salinger,general,
"Many people, myself among them, feel better at the mere sight of a book.","Jane Smiley,",general,
"You have your way. I have my way. As for the right way, the correct way, and the only way, it does not exist.",Friedrich Wilhelm Nietzsche,general,
"What happens when people open their hearts?""""They get better.","Haruki Murakami,",general,
Live the Life of Your Dreams: Be brave enough to live the life of your dreams according to your vision and purpose instead of the expectations and opinions of others.,"Roy T. Bennett,",general,
You cannot protect yourself from sadness without protecting yourself from happiness.,Jonathan Safran Foer,general,
"Everyone sees what you appear to be, few experience what you really are.","Niccolò Machiavelli,",general,
"Remember when you tried to convince me to feed a poultry pie to the mallards in the park to see if you could breed a race of cannibal ducks?"" ""They ate it too,"" Will reminisced. ""Bloodthirsty little beasts. Never trust a duck.","Cassandra Clare,",general,
"You're still trying to protect me. Real or not real,"" he whispers.""Real,"" I answer. ""Because that's what you and I do, protect each other.","Suzanne Collins,",general,
"I am very interested and fascinated how everyone loves each other, but no one really likes each other.","Stephen Chbosky,",general,
"I don't know the question, but sex is definitely the answer.",Woody Allen,general,
To be nobody but yourself in a world which is doing its best day and night to make you like everybody else means to fight the hardest battle which any human being can fight and never stop fighting.,E.E. Cummings,general,
"Above all, be the heroine of your life, not the victim.",Nora Ephron,general,
"Life is a disease: sexually transmitted, and invariably fatal.",Neil Gaiman,general,
"That is part of the beauty of all literature. You discover that your longings are universal longings, that you're not lonely and isolated from anyone. You belong.",F. Scott Fitzgerald,general,
There comes a time when the world gets quiet and the only thing left is your own heart. So you'd better learn the sound of it. Otherwise you'll never understand what it's saying.,"Sarah Dessen,",general,
"Love doesn't just sit there, like a stone, it has to be made, like bread; remade all the time, made new.","Ursula K. Le Guin,",general,
Stories of imagination tend to upset those without one.,Terry Pratchett,general,
"But luxury has never appealed to me, I like simple things, books, being alone, or with somebody who understands.",Daphne du Maurier,general,
"It may be unfair, but what happens in a few days, sometimes even a single day, can change the course of a whole lifetime...","Khaled Hosseini,",general,
Whatever it is you're seeking won't come in the form you're expecting.,Haruki Marukami,general,
What matters in life is not what happens to you but what you remember and how you remember it.,Gabriel Garcia Marquez,general,
That's the thing about books. They let you travel without moving your feet.,"Jhumpa Lahiri,",general,
Why fit in when you were born to stand out?,Dr. Seuss,general,
"If you have a garden and a library, you have everything you need.",Cicero,general,
You have to die a few times before you can reallylive.,"Charles Bukowski,",general,
You must stay drunk on writing so reality cannot destroy you.,"Ray Bradbury,",general,
There are worse crimes than burning books. One of them is not reading them.,Joseph Brodsky,general,
I have great faith in fools - self-confidence my friends will call it.,"Edgar Allan Poe,",general,
"Imagine yourself as a living house. God comes in to rebuild that house. At first, perhaps, you can understand what He is doing. He is getting the drains right and stopping the leaks in the roof and so on; you knew that those jobs needed doing and so you are not surprised. But presently He starts knocking the house about in a way that hurts abominably and does not seem to make any sense. What on earth is He up to? The explanation is that He is building quite a different house from the one you thought of - throwing out a new wing here, putting on an extra floor there, running up towers, making courtyards. You thought you were being made into a decent little cottage: but He is building a palace. He intends to come and live in it Himself.","C.S. Lewis,",general,
"The problem with the world is that the intelligent people are full of doubts, while the stupid ones are full of confidence.",Charles Bukowski,general,
"Everyone should be able to do one card trick, tell two jokes, and recite three poems, in case they are ever trapped in an elevator.","Lemony Snicket,",general,
"People are afraid of themselves, of their own reality; their feelings most of all. People talk about how great love is, but that’s bullshit. Love hurts. Feelings are disturbing. People are taught that pain is evil and dangerous. How can they deal with love if they’re afraid to feel? Pain is meant to wake us up. People try to hide their pain. But they’re wrong. Pain is something to carry, like a radio. You feel your strength in the experience of pain. It’s all in how you carry it. That’s what matters. Pain is a feeling. Your feelings are a part of you. Your own reality. If you feel ashamed of them, and hide them, you’re letting society destroy your reality. You should stand up for your right to feel your pain.",Jim Morrison,general,
Stupid people are dangerous.,"Suzanne Collins,",general,
Remember: the time you feel lonely is the time you most need to be by yourself. Life's cruelest irony.,"Douglas Coupland,",general,
Prayer is not asking. It is a longing of the soul. It is daily admission of one's weakness. It is better in prayer to have a heart without words than words without a heart.,Mahatma Gandhi,general,
"To douchebags!"" he said, gesturing to Brad. ""And to girls that break your heart,"" he bowed his head to me. His eyes lost focus. ""And to the absolute fucking horror of losing your best friend because you were stupid enough to fall in love with her.","Jamie McGuire,",general,
"One day, in retrospect, the years of struggle will strike you as the most beautiful.",Sigmund Freud,general,
I lie to myself all the time. But I never believe me.,"S.E. Hinton,",general,
"Don’t waste your time in anger, regrets, worries, and grudges. Life is too short to be unhappy.",Roy T. Bennett,general,
"I think God, in creating man, somewhat overestimated his ability.",Oscar Wilde,general,
My ambition is handicapped by laziness,"Charles Bukowski,",general,
If you're looking for sympathy you'll find it between shit and syphilis in the dictionary.,"David Sedaris,",general,
Deadlines just aren't real to me until I'm staring one in the face.,"Rick Riordan,",general,
"Man may have discovered fire, but women discovered how to play with it.","Candace Bushnell,",general,
"A WOMAN SHOULD HAVE .... enough money within her control to move out and rent a place of her own even if she never wants to or needs to... A WOMAN SHOULD HAVE .... something perfect to wear if the employer or date of her dreams wants to see her in an hour... A WOMAN SHOULD HAVE ... a youth she's content to leave behind.... A WOMAN SHOULD HAVE .... a past juicy enough that she's looking forward to retelling it in her old age.... A WOMAN SHOULD HAVE ..... a set of screwdrivers, a cordless drill, and a black lace bra... A WOMAN SHOULD HAVE .... one friend who always makes her laugh... and one who lets her cry... A WOMAN SHOULD HAVE .... a good piece of furniture not previously owned by anyone else in her family... A WOMAN SHOULD HAVE .... eight matching plates, wine glasses with stems, and a recipe for a meal that will make her guests feel honored... A WOMAN SHOULD HAVE .... a feeling of control over her destiny... EVERY WOMAN SHOULD KNOW... how to fall in love without losing herself.. EVERY WOMAN SHOULD KNOW... HOW TO QUIT A JOB, BREAK UP WITH A LOVER, AND CONFRONT A FRIEND WITHOUT RUINING THE FRIENDSHIP... EVERY WOMAN SHOULD KNOW... when to try harder... and WHEN TO WALK AWAY... EVERY WOMAN SHOULD KNOW... that she can't change the length of her calves, the width of her hips, or the nature of her parents.. EVERY WOMAN SHOULD KNOW... that her childhood may not have been perfect...but it's over... EVERY WOMAN SHOULD KNOW... what she would and wouldn't do for love or more... EVERY WOMAN SHOULD KNOW... how to live alone... even if she doesn't like it... EVERY WOMAN SHOULD KNOW... whom she can trust, whom she can't, and why she shouldn't take it personally... EVERY WOMAN SHOULD KNOW... where to go... be it to her best friend's kitchen table... or a charming inn in the woods... when her soul needs soothing... EVERY WOMAN SHOULD KNOW... what she can and can't accomplish in a day... a month...and a year...",Pamela Redmond Satran,general,
"What I need is the dandelion in the spring. The bright yellow that means rebirth instead of destruction. The promise that life can go on, no matter how bad our losses. That it can be good again.","Suzanne Collins,",general,
"If you love somebody, let them go, for if they return, they were always yours. If they don't, they never were.",Kahlil Gibran,general,
"But I don’t want to go among mad people,"" Alice remarked.""Oh, you can’t help that,"" said the Cat: ""we’re all mad here. I’m mad. You’re mad.""""How do you know I’m mad?"" said Alice.""You must be,"" said the Cat, ""or you wouldn’t have come here.","Lewis Carroll,",general,
"Some tourists think Amsterdam is a city of sin, but in truth it is a city of freedom. And in freedom, most people find sin.","John Green,",general,
Education is the most powerful weapon which you can use to change the world.,Nelson Mandela,general,
"If you are going through hell, keep going.",Winston S. Churchill,general,
Laughter is timeless. Imagination has no age. And dreams are forever.,Walt Disney,general,
"Books are my friends, my companions. They make me laugh and cry and find meaning in life.","Christopher Paolini,",general,
"I have found the paradox, that if you love until it hurts, there can be no more hurt, only more love.","Daphne Rae,",general,
"Don't JustDon't just learn, experience.Don't just read, absorb.Don't just change, transform.Don't just relate, advocate.Don't just promise, prove.Don't just criticize, encourage.Don't just think, ponder.Don't just take, give.Don't just see, feel.Don’t just dream, do. Don't just hear, listen.Don't just talk, act.Don't just tell, show.Don't just exist, live.","Roy T. Bennett,",general,
"I have never listened to anyone who criticized my taste in space travel, sideshows or gorillas. When this occurs, I pack up my dinosaurs and leave the room.","Ray Bradbury,",general,
It isn't what you have or who you are or where you are or what you are doing that makes you happy or unhappy. It is what you think about it.,"Dale Carnegie,",general,
"As usual, there is a great woman behind every idiot.",John Lennon,general,
"There are three things all wise men fear: the sea in storm, a night with no moon, and the anger of a gentle man.","Patrick Rothfuss,",general,
They love their hair because they're not smart enough to love something more interesting.,"John Green,",general,
Nothing of me is original. I am the combined effort of everyone I've ever known.,"Chuck Palahniuk,",general,
"Why do you go away? So that you can come back. So that you can see the place you came from with new eyes and extra colors. And the people there see you differently, too. Coming back to where you started is not the same as never leaving.","Terry Pratchett,",general,
"I do not fear death. I had been dead for billions and billions of years before I was born, and had not suffered the slightest inconvenience from it.",Mark Twain,general,
"That does it,"" said Jace. ""I'm going to get you a dictionary for Christmas this year.""""Why?"" Isabelle said.""So you can look up 'fun.' I'm not sure you know what it means.","Cassandra Clare,",general,
You cannot swim for new horizons until you have courage to lose sight of the shore.,William Faulkner,general,
Beneath the makeup and behind the smile I am just a girl who wishes for the world.,Marilyn Monroe,general,
"But who prays for Satan? Who, in eighteen centuries, has had the common humanity to pray for the one sinner that needed it most?",Mark Twain,general,
I never travel without my diary. One should always have something sensational to read in the train.,"Oscar Wilde,",general,
"It's a dangerous business, Frodo, going out your door. You step onto the road, and if you don't keep your feet, there's no knowing where you might be swept off to.","J.R.R. Tolkien,",general,
"Life is pain, highness. Anyone who says differently is selling something.","William Goldman,",general,
"Never be afraid to raise your voice for honesty and truth and compassion against injustice and lying and greed. If people all over the world...would do this, it would change the earth.",William Faulkner,general,
"I don't trust people who don't love themselves and tell me, 'I love you.' ... There is an African saying which is: Be careful when a naked person offers you a shirt.",Maya Angelou,general,
"I like your Christ, I do not like your Christians. Your Christians are so unlike your Christ.",Mahatma Gandhi,general,
The difference between the almost right word and the right word is really a large matter. ’tis the difference between the lightning bug and the lightning.,"Mark Twain,",general,
Time flies like an arrow; fruit flies like a banana.,Anthony G. Oettinger,general,
"Kaz leaned back. ""What's the easiest way to steal a man's wallet?""""Knife to the throat?"" asked Inej.""Gun to the back?"" said Jesper.""Poison in his cup?"" suggested Nina.""You're all horrible,"" said Matthias.","Leigh Bardugo,",general,
Being crazy isn't enough.,Dr. Seuss,general,
To go wrong in one's own way is better than to go right in someone else's.,"Fyodor Dostoevsky,",general,
I don't go looking for trouble. Trouble usually finds me.,"Katie McGarry,",general,
"What I want is to be needed. What I need is to be indispensable to somebody. Who I need is somebody that will eat up all my free time, my ego, my attention. Somebody addicted to me. A mutual addiction.","Chuck Palahniuk,",general,
"Love does not consist of gazing at each other, but in looking outward together in the same direction.","Antoine de Saint-Exupéry,",general,
"Don't let the expectations and opinions of other people affect your decisions. It's your life, not theirs. Do what matters most to you; do what makes you feel alive and happy. Don't let the expectations and ideas of others limit who you are. If you let others tell you who you are, you are living their reality — not yours. There is more to life than pleasing people. There is much more to life than following others' prescribed path. There is so much more to life than what you experience right now. You need to decide who you are for yourself. Become a whole being. Adventure.",Roy T. Bennett,general,
"When a man gives his opinion, he's a man. When a woman gives her opinion, she's a bitch.",Bette Davis,general,
Angry people are not always wise.,"Jane Austen,",general,
"It’s only after you’ve stepped outside your comfort zone that you begin to change, grow, and transform.",Roy T. Bennett,general,
"Reading was my escape and my comfort, my consolation, my stimulant of choice: reading for the pure pleasure of it, for the beautiful stillness that surrounds you when you hear an author's words reverberating in your head.","Paul Auster,",general,
"Resist much, obey little.","Walt Whitman,",general,
No book is really worth reading at the age of ten which is not equally – and often far more – worth reading at the age of fifty and beyond.,C.S. Lewis,general,
"Yesterday I was clever, so I wanted to change the world. Today I am wise, so I am changing myself.",Rumi,general,
Every child is an artist. The problem is how to remain an artist once he grows up.,Pablo Picasso,general,
"It was love at first sight, at last sight, at ever and ever sight.","Vladimir Nabokov,",general,
A girl should be two things: classy and fabulous.,Coco Chanel,general,
"By three methods we may learn wisdom: First, by reflection, which is noblest; Second, by imitation, which is easiest; and third by experience, which is the bitterest.",Confucious,general,
"Books are like mirrors: if a fool looks in, you cannot expect a genius to look out.",J.K. Rowling,general,
Percy wouldn't notice a joke if it danced naked in front of him wearing one of Dobby's hats.,"J.K. Rowling,",general,
"It hurts to let go. Sometimes it seems the harder you try to hold on to something or someone the more it wants to get away. You feel like some kind of criminal for having felt, for having wanted. For having wanted to be wanted. It confuses you, because you think that your feelings were wrong and it makes you feel so small because it's so hard to keep it inside when you let it out and it doesn't coma back. You're left so alone that you can't explain. Damn, there's nothing like that, is there? I've been there and you have too. You're nodding your head.","Henry Rollins,",general,
"My daddy said, that the first time you fall in love, it changes you forever and no matter how hard you try, that feeling just never goes away.","Nicholas Sparks,",general,
The future belongs to those who believe in the beauty of their dreams.,Eleanor Roosevelt,general,
"Even if you cannot change all the people around you, you can change the people you choose to be around. Life is too short to waste your time on people who don’t respect, appreciate, and value you. Spend your life with people who make you smile, laugh, and feel loved.","Roy T. Bennett,",general,
I don't want to die without any scars.,"Chuck Palahniuk,",general,
Some people feel the rain. Others just get wet.,Bob Marley,general,
"I like living. I have sometimes been wildly, despairingly, acutely miserable, racked with sorrow; but through it all I still know quite certainly that just to be alive is a grand thing.",Agatha Christie,general,
"I love people who make me laugh. I honestly think it's the thing I like most, to laugh. It cures a multitude of ills. It's probably the most important thing in a person.",Audrey Hepburn,general,
To be a Christian means to forgive the inexcusable because God has forgiven the inexcusable in you.,C.S. Lewis,general,
"And, in the endThe love you takeis equal to the love you make.","Paul McCartney,",general,
I have a theory that selflessness and bravery aren't all that different.,"Veronica Roth,",general,
"If he’s not calling you, it’s because you are not on his mind. If he creates expectations for you, and then doesn’t follow through on little things, he will do same for big things. Be aware of this and realize that he’s okay with disappointing you. Don’t be with someone who doesn’t do what they say they’re going to do. If he’s choosing not to make a simple effort that would put you at ease and bring harmony to a recurring fight, then he doesn’t respect your feelings and needs. “Busy",Greg Behrendt,general,
"Everybody has a secret world inside of them. I mean everybody. All of the people in the whole world, I mean everybody — no matter how dull and boring they are on the outside. Inside them they've all got unimaginable, magnificent, wonderful, stupid, amazing worlds... Not just one world. Hundreds of them. Thousands, maybe.","Neil Gaiman,",general,
"You cannot control the behavior of others, but you can always choose how you respond to it.","Roy T. Bennett,",general,
"When he shall die,Take him and cut him out in little stars,And he will make the face of heaven so fineThat all the world will be in love with nightAnd pay no worship to the garish sun.","William Shakespeare,",general,
"Truth is stranger than fiction, but it is because Fiction is obliged to stick to possibilities; Truth isn't.","Mark Twain,",general,
"Loyalty to country ALWAYS. Loyalty to government, when it deserves it.",Mark Twain,general,
"Wow,"" Thalia muttered. ""Apollo is hot."" ""He's the sun god,"" I said.""That's not what I meant.","Rick Riordan,",general,
My tastes are simple: I am easily satisfied with the best.,Winston S. Churchill,general,
"If music be the food of love, play on;Give me excess of it, that, surfeiting,The appetite may sicken, and so die.That strain again! it had a dying fall:O, it came o'er my ear like the sweet sound,That breathes upon a bank of violets,Stealing and giving odour! Enough; no more:'Tis not so sweet now as it was before.O spirit of love! how quick and fresh art thou,That, notwithstanding thy capacityReceiveth as the sea, nought enters there,Of what validity and pitch soe'er,But falls into abatement and low price,Even in a minute: so full of shapes is fancyThat it alone is high fantastical.","William Shakespeare,",general,
I don't want to lose the boy with the bread.,"Suzanne Collins,",general,
"With freedom, flowers, books, and the moon, who could not be perfectly happy?","Oscar Wilde,",general,
Everything was beautiful and nothing hurt.,"Kurt Vonnegut,",general,
"I don't mind living in a man's world, as long as I can be a woman in it.","Marilyn Monroe,",general,
Don't tell me the moon is shining; show me the glint of light on broken glass.,Anton Chekhov,general,
"There are too many books I haven’t read, too many places I haven’t seen, too many memories I haven’t kept long enough.",Irwin Shaw,general,
Fiction is the truth inside the lie.,Stephen King,general,
"More smiling, less worrying. More compassion, less judgment. More blessed, less stressed. More love, less hate.","Roy T. Bennett,",general,
"Like most misery, it started with apparent happiness.","Markus Zusak,",general,
"She is too fond of books, and it has turned her brain.","Louisa May Alcott,",general,
You do not write your life with words...You write it with actions. What you think is not important. It is only important what you do.,"Patrick Ness,",general,
"Show me a hero, and I'll write you a tragedy.",F. Scott Fitzgerald,general,
"And now these three remain: faith, hope and love. But the greatest of these is love.","Anonymous,",general,
"The so-called ‘psychotically depressed’ person who tries to kill herself doesn’t do so out of quote ‘hopelessness’ or any abstract conviction that life’s assets and debits do not square. And surely not because death seems suddenly appealing. The person in whom Its invisible agony reaches a certain unendurable level will kill herself the same way a trapped person will eventually jump from the window of a burning high-rise. Make no mistake about people who leap from burning windows. Their terror of falling from a great height is still just as great as it would be for you or me standing speculatively at the same window just checking out the view; i.e. the fear of falling remains a constant. The variable here is the other terror, the fire’s flames: when the flames get close enough, falling to death becomes the slightly less terrible of two terrors. It’s not desiring the fall; it’s terror of the flames. And yet nobody down on the sidewalk, looking up and yelling ‘Don’t!’ and ‘Hang on!’, can understand the jump. Not really. You’d have to have personally been trapped and felt flames to really understand a terror way beyond falling.",David Foster Wallace,general,
"In the case of good books, the point is not to see how many of them you can get through, but rather how many can get through to you.",Mortimer J. Adler,general,
"She generally gave herself very good advice, (though she very seldom followed it).","Lewis Carroll,",general,
"Why do people have to be this lonely? What's the point of it all? Millions of people in this world, all of them yearning, looking to others to satisfy them, yet isolating themselves. Why? Was the earth put here just to nourish human loneliness?","Haruki Murakami,",general,
"It's just that I don't want to be somebody's crush. If somebody likes me, I want them to like the real me, not what they think I am. And I don't want them to carry it around inside. I want them to show me, so I can feel it too.","Stephen Chbosky,",general,
"The fact that we live at the bottom of a deep gravity well, on the surface of a gas covered planet going around a nuclear fireball 90 million miles away and think this to be normal is obviously some indication of how skewed our perspective tends to be.","Douglas Adams,",general,
"It's strange because sometimes, I read a book, and I think I am the people in the book.","Stephen Chbosky,",general,
"It's a metaphor, see: You put the killing thing right between your teeth, but you don't give it the power to do its killing.","John Green,",general,
"The nicest thing for me is sleep, then at least I can dream.",Marilyn Monroe,general,
"Simplicity, patience, compassion.These three are your greatest treasures.Simple in actions and thoughts, you return to the source of being.Patient with both friends and enemies,you accord with the way things are.Compassionate toward yourself,you reconcile all beings in the world.","Lao Tzu,",general,
All grown-ups were once children... but only few of them remember it.,"Antoine de Saint-Exupéry,",general,
"I cannot remember the books I've read any more than the meals I have eaten; even so, they have made me.",Ralph Waldo Emerson,general,
My nightmares are usually about losing you. I'm okay once I realize you're here.,"Suzanne Collins,",general,
"I am not sure exactly what heaven will be like, but I know that when we die and it comes time for God to judge us, He will not ask, 'How many good things have you done in your life?' rather He will ask, 'How much love did you put into what you did?",Mother Teresa,general,
"And perhaps it is the greater grief, after all, to be left on earth when another is gone.","Madeline Miller,",general,
"Love conquers all,"" Aphrodite promised. ""Look at Helen and Paris. Did they let anything come between them?""""Didn't they start the Trojan War and get thousands of people killed?""""Pfft. That's not the point. Follow your heart.","Rick Riordan,",general,
"The most important things are the hardest to say. They are the things you get ashamed of, because words diminish them -- words shrink things that seemed limitless when they were in your head to no more than living size when they're brought out. But it's more than that, isn't it? The most important things lie too close to wherever your secret heart is buried, like landmarks to a treasure your enemies would love to steal away. And you may make revelations that cost you dearly only to have people look at you in a funny way, not understanding what you've said at all, or why you thought it was so important that you almost cried while you were saying it. That's the worst, I think. When the secret stays locked within not for want of a teller but for want of an understanding ear.",Stephen King,general,
No medicine cures what happiness cannot.,Gabriel García Márquez,general,
"What is an ""instant"" death anyway? How long is an instant? Is it one second? Ten? The pain of those seconds must have been awful as her heart burst and her lungs collapsed and there was no air and no blood to her brain and only raw panic. What the hell is instant? Nothing is instant. Instant rice takes five minutes, instant pudding an hour. I doubt that an instant of blinding pain feels particularly instantaneous.","John Green,",general,
"We’re all seeking that special person who is right for us. But if you’ve been through enough relationships, you begin to suspect there’s no right person, just different flavors of wrong. Why is this? Because you yourself are wrong in some way, and you seek out partners who are wrong in some complementary way. But it takes a lot of living to grow fully into your own wrongness. And it isn’t until you finally run up against your deepest demons, your unsolvable problems—the ones that make you truly who you are—that we’re ready to find a lifelong mate. Only then do you finally know what you’re looking for. You’re looking for the wrong person. But not just any wrong person: it's got to be the right wrong person—someone you lovingly gaze upon and think, “This is the problem I want to have.","Andrew Boyd,",general,
What you seek is seeking you.,Mawlana Jalal-al-Din Rumi,general,
"Fire is catching! And if we burn, you burn with us!","Suzanne Collins,",general,
I will not say: do not weep; for not all tears are an evil.,"J.R.R. Tolkien,",general,
"Let there be spaces in your togetherness, And let the winds of the heavens dance between you. Love one another but make not a bond of love: Let it rather be a moving sea between the shores of your souls. Fill each other's cup but drink not from one cup. Give one another of your bread but eat not from the same loaf. Sing and dance together and be joyous, but let each one of you be alone, Even as the strings of a lute are alone though they quiver with the same music. Give your hearts, but not into each other's keeping. For only the hand of Life can contain your hearts. And stand together, yet not too near together: For the pillars of the temple stand apart, And the oak tree and the cypress grow not in each other's shadow.","Khalil Gibran,",general,
To define is to limit.,"Oscar Wilde,",general,
I was never really insane except upon occasions when my heart was touched.,Edgar Allan Poe,general,
"People generally see what they look for, and hear what they listen for.","Harper Lee,",general,
The road to hell is paved with adverbs.,"Stephen King,",general,
"Death must be so beautiful. To lie in the soft brown earth, with the grasses waving above one's head, and listen to silence. To have no yesterday, and no tomorrow. To forget time, to forgive life, to be at peace.","Oscar Wilde,",general,
"Will looked horrified. ""What kind of monster could possibly hate chocolate?","Cassandra Clare,",general,
"Life should not be a journey to the grave with the intention of arriving safely in a pretty and well preserved body, but rather to skid in broadside in a cloud of smoke, thoroughly used up, totally worn out, and loudly proclaiming ""Wow! What a Ride!","Hunter S. Thompson,",general,
"The town was paper, but the memories were not.","John Green,",general,
"Love is a fire. But whether it is going to warm your hearth or burn down your house, you can never tell.",Joan Crawford,general,
"Be patient toward all that is unsolved in your heart and try to love the questions themselves, like locked rooms and like books that are now written in a very foreign tongue. Do not now seek the answers, which cannot be given you because you would not be able to live them. And the point is, to live everything. Live the questions now. Perhaps you will then gradually, without noticing it, live along some distant day into the answer.",Rainer Maria Rilke,general,
Sometimes people don't want to hear the truth because they don't want their illusions destroyed.,Friedrich Nietzsche,general,
Fear doesn't shut you down; it wakes you up,"Veronica Roth,",general,
Freedom is not worth having if it does not include the freedom to make mistakes.,Mahatma Gandhi,general,
"because nerds like us are allowed to be unironically enthusiastic about stuff. Nerds are allowed to love stuff, like jump-up-and-down-in-the-chair-can’t-control-yourself love it. Hank, when people call people nerds, mostly what they’re saying is ‘you like stuff.’ Which is just not a good insult at all. Like, ‘you are too enthusiastic about the miracle of human consciousness’.",John Green,general,
The worst part of holding the memories is not the pain. It's the loneliness of it. Memories need to be shared.,"Lois Lowry,",general,
"If you look for perfection, you'll never be content.","Leo Tolstoy,",general,
"You haven't got a letter on yours,"" George observed. ""I suppose she thinks you don't forget your name. But we're not stupid-we know we're called Gred and Forge.","J.K. Rowling,",general,
Maybe 'okay' will be our 'always,"John Green,",general,
"I did then what I knew how to do. Now that I know better, I do better.",Maya Angelou,general,
"But I know, somehow, that only when it is dark enough can you see the stars.","Martin Luther King, Jr.",general,
"Live, travel, adventure, bless, and don't be sorry.",Jack Kerouac,general,
"I am a badass, and I recognize that you, too, are a badass.",Cassandra Clare,general,
Life's under no obligation to give us what we expect.,Margaret Mitchell,general,
Books are the mirrors of the soul.,"Virginia Woolf,",general,
"It kills me sometimes, how people die.","Markus Zusak,",general,
"You have power over your mind - not outside events. Realize this, and you will find strength.","Marcus Aurelius,",general,
Don't judge each day by the harvest you reap but by the seeds that you plant.,Robert Louis Stevenson,general,
I hate to hear you talk about all women as if they were fine ladies instead of rational creatures. None of us want to be in calm waters all our lives.,"Jane Austen,",general,
Nobody can hurt me without my permission.,Mahatma Gandhi,general,
Unbeing dead isn't being alive.,E. E. Cummings,general,
"Everyone seems to have a clear idea of how other people should lead their lives, but none about his or her own.","Paulo Coelho,",general,
"Nobody likes being alone that much. I don't go out of my way to make friends, that's all. It just leads to disappointment.","Haruki Murakami,",general,
"It is good to love many things, for therein lies the true strength, and whosoever loves much performs much, and can accomplish much, and what is done in love is well done.",Vincent Van Gogh,general,
"The past is a place of reference, not a place of residence; the past is a place of learning, not a place of living.","Roy T. Bennett,",general,
"Happiness is having a large, loving, caring, close-knit family in another city.",George Burns,general,
"You are the answer to every prayer I've offered. You are a song, a dream, a whisper, and I don't know how I could have lived without you for as long as I have.","Nicholas Sparks,",general,
"My dear,Find what you love and let it kill you.Let it drain you of your all. Let it cling onto your back and weigh you down into eventual nothingness.Let it kill you and let it devour your remains.For all things will kill you, both slowly and fastly, but it’s much better to be killed by a lover.~ Falsely yours",Kinky Friedman,general,
"Peter would probably throw a party if I stopped breathing.''Well,' he says, 'I would only go if there was cake.","Veronica Roth,",general,
I read so I can live more than one life in more than one place.,Anne Tyler,general,
There is nothing in the world so irresistibly contagious as laughter and good humor.,"Charles Dickens,",general,
Be careful of love. It'll twist your brain around and leave you thinking up is down and right is wrong.,"Rick Riordan,",general,
"If pain must come, may it come quickly. Because I have a life to live, and I need to live it in the best way possible. If he has to make a choice, may he make it now. Then I will either wait for him or forget him.","Paulo Coelho,",general,
"I think... if it is true that there are as many minds as there are heads, then there are as many kinds of love as there are hearts.","Leo Tolstoy,",general,
"I don’t know if you’ve ever felt like that. That you wanted to sleep for a thousand years. Or just not exist. Or just not be aware that you do exist. Or something like that. I think wanting that is very morbid, but I want it when I get like this. That’s why I’m trying not to think. I just want it all to stop spinning.","Stephen Chbosky,",general,
The best and most beautiful things in the world cannot be seen or even touched. They must be felt with the heart,Helen Keller,general,
None of us really changes over time. We only become more fully what we are.,"Anne Rice,",general,
The truth does not change according to our ability to stomach it.,Flannery O'Connor,general,
"Words are, of course, the most powerful drug used by mankind.",Rudyard Kipling,general,
People haven't always been there for me but music always has.,Taylor Swift,general,
He who has a why to live for can bear almost any how.,Friedrich Nietzsche,general,
"Fantasy is escapist, and that is its glory. If a soldier is imprisioned by the enemy, don't we consider it his duty to escape?. . .If we value the freedom of mind and soul, if we're partisans of liberty, then it's our plain duty to escape, and to take as many people with us as we can!",J.R.R. Tolkien,general,
Wrinkles should merely indicate where the smiles have been.,Mark Twain,general,
I am haunted by humans.,"Markus Zusak,",general,
"What I say is, a town isn’t a town without a bookstore. It may call itself a town, but unless it’s got a bookstore, it knows it’s not foolin’ a soul.","Neil Gaiman,",general,
"Don't order any of the faerie food,"" said Jace, looking at her over the top of his menu. ""It tends to make humans a little crazy. One minute you're munching a faerie plum, the next minute you're running naked down Madison Avenue with antlers on your head. Not,"" he added hastily, ""that this has ever happened to me.","Cassandra Clare,",general,
"I can feel Peeta press his forehead into my temple and he asks, 'So now that you've got me, what are you going to do with me?' I turn into him. 'Put you somewhere you can't get hurt.","Suzanne Collins,",general,
You probably wouldn’t worry about what people think of you if you could know how seldom they do.,Olin Miller,general,
Life becomes easier and more beautiful when we can see the good in other people.,Roy T. Bennett,general,
The world as we have created it is a process of our thinking. It cannot be changed without changing our thinking.,Albert Einstein,general,
Fear cuts deeper than swords.,"George R.R. Martin,",general,
It is amazing how complete is the delusion that beauty is goodness.,"Leo Tolstoy,",general,
"Vanity and pride are different things, though the words are often used synonymously. A person may be proud without being vain. Pride relates more to our opinion of ourselves, vanity to what we would have others think of us.","Jane Austen,",general,
It's not denial. I'm just selective about the reality I accept.,Bill Watterson,general,
"Sometimes crying or laughing are the only options left, and laughing feels better right now.","Veronica Roth,",general,
Let us be grateful to the people who make us happy; they are the charming gardeners who make our souls blossom.,Marcel Proust,general,
"Beauty is terror. Whatever we call beautiful, we quiver before it.","Donna Tartt,",general,
Music was my refuge. I could crawl into the space between the notes and curl my back to loneliness.,Maya Angelou,general,
"I have something I need to tell you,"" he says. I run my fingers along the tendons in his hands and look back at him. ""I might be in love with you."" He smiles a little. ""I'm waiting until I'm sure to tell you, though.""""That's sensible of you,"" I say, smiling too. ""We should find some paper so you can make a list or a chart or something.""I feel his laughter against my side, his nose sliding along my jaw, his lips pressing my ear.""Maybe I'm already sure,"" he says, ""and I just don't want to frighten you.""I laugh a little. ""Then you should know better.""""Fine,"" he says. ""Then I love you.","Veronica Roth,",general,
"Angry, and half in love with her, and tremendously sorry, I turned away.","F. Scott Fitzgerald,",general,
Let no man pull you so low as to hate him.,"Martin Luther King Jr.,",general,
"Without deviation from the norm, progress is not possible.",Frank Zappa,general,
War is what happens when language fails.,Margaret Atwood,general,
"Friendship is the hardest thing in the world to explain. It's not something you learn in school. But if you haven't learned the meaning of friendship, you really haven't learned anything.",Muhammad Ali,general,
Never say goodbye because goodbye means going away and going away means forgetting.,"J.M. Barrie,",general,
"The truth is, unless you let go, unless you forgive yourself, unless you forgive the situation, unless you realize that the situation is over, you cannot move forward.","Steve Maraboli,",general,
Everything is possible. The impossible just takes longer.,"Dan Brown,",general,
"The most painful thing is losing yourself in the process of loving someone too much, and forgetting that you are special too.","Ernest Hemingway,",general,
"Blessed is he who expects nothing, for he shall never be disappointed.",Alexander Pope,general,
None but ourselves can free our minds.,Bob Marley,general,
"Do you think I am an automaton? — a machine without feelings? and can bear to have my morsel of bread snatched from my lips, and my drop of living water dashed from my cup? Do you think, because I am poor, obscure, plain, and little, I am soulless and heartless? You think wrong! — I have as much soul as you — and full as much heart! And if God had gifted me with some beauty and much wealth, I should have made it as hard for you to leave me, as it is now for me to leave you. I am not talking to you now through the medium of custom, conventionalities, nor even of mortal flesh: it is my spirit that addresses your spirit; just as if both had passed through the grave, and we stood at God's feet, equal — as we are!","Charlotte Brontë,",general,
"Why, sometimes I've believed as many as six impossible things before breakfast.","Lewis Carroll,",general,
"You pierce my soul. I am half agony, half hope...I have loved none but you.","Jane Austen,",general,
Woke up this morning with a terrific urge to lie in bed all day and read.,Raymond Carver,general,
Sometimes you make choices in life and sometimes choices make you.,"Gayle Forman,",general,
"Love does not begin and end the way we seem to think it does. Love is a battle, love is a war; love is a growing up.",James A. Baldwin,general,
"Each friend represents a world in us, a world possibly not born until they arrive, and it is only by this meeting that a new world is born.","Anais Nin,",general,
"Ever had a flying burrito hit you? Well, it's a deadly projectile, right up there with cannonballs and grenades.","Rick Riordan,",general,
"Do what is right, not what is easy nor what is popular.","Roy T. Bennett,",general,
"You can spend minutes, hours, days, weeks, or even months over-analyzing a situation; trying to put the pieces together, justifying what could've, would've happened... or you can just leave the pieces on the floor and move the fuck on.",Tupac Shakur,general,
Trust yourself. You know more than you think you do.,Benjamin Spock,general,
"If you want to be happy, do not dwell in the past, do not worry about the future, focus on living fully in the present.","Roy T. Bennett,",general,
"Men always say that as the defining compliment, don’t they? She’s a cool girl. Being the Cool Girl means I am a hot, brilliant, funny woman who adores football, poker, dirty jokes, and burping, who plays video games, drinks cheap beer, loves threesomes and anal sex, and jams hot dogs and hamburgers into her mouth like she’s hosting the world’s biggest culinary gang bang while somehow maintaining a size 2, because Cool Girls are above all hot. Hot and understanding. Cool Girls never get angry; they only smile in a chagrined, loving manner and let their men do whatever they want. Go ahead, shit on me, I don’t mind, I’m the Cool Girl.Men actually think this girl exists. Maybe they’re fooled because so many women are willing to pretend to be this girl. For a long time Cool Girl offended me. I used to see men – friends, coworkers, strangers – giddy over these awful pretender women, and I’d want to sit these men down and calmly say: You are not dating a woman, you are dating a woman who has watched too many movies written by socially awkward men who’d like to believe that this kind of woman exists and might kiss them. I’d want to grab the poor guy by his lapels or messenger bag and say: The bitch doesn’t really love chili dogs that much – no one loves chili dogs that much! And the Cool Girls are even more pathetic: They’re not even pretending to be the woman they want to be, they’re pretending to be the woman a man wants them to be. Oh, and if you’re not a Cool Girl, I beg you not to believe that your man doesn’t want the Cool Girl. It may be a slightly different version – maybe he’s a vegetarian, so Cool Girl loves seitan and is great with dogs; or maybe he’s a hipster artist, so Cool Girl is a tattooed, bespectacled nerd who loves comics. There are variations to the window dressing, but believe me, he wants Cool Girl, who is basically the girl who likes every fucking thing he likes and doesn’t ever complain. (How do you know you’re not Cool Girl? Because he says things like: “I like strong women.","Gillian Flynn,",general,
Words can be like X-rays if you use them properly – they’ll go through anything. You read and you’re pierced.,"Aldous Huxley,",general,
"I've got a stele we can use. Who wants to do me?""""A regrettable choice of words,"" muttered Magnus.","Cassandra Clare,",general,
"Success is not how high you have climbed, but how you make a positive difference to the world.","Roy T. Bennett,",general,
"I may die young, but at least I'll die smart.","John Green,",general,
It's like everyone tells a story about themselves inside their own head. Always. All the time. That story makes you what you are. We build ourselves out of that story.,"Patrick Rothfuss,",general,
When love is not madness it is not love.,Pedro Calderon de la Barca,general,
"It's all right to love someone who doesn't love you back, as long as they're worth you loving them. As long as they deserve it.","Cassandra Clare,",general,
What is hell? I maintain that it is the suffering of being unable to love.,"Fyodor Dostoevsky,",general,
"People say nothing is impossible, but I do nothing every day.","A.A. Milne,",general,
"He must have known I'd want to leave you.""""No, he must have known you would always want to come back.","J.K. Rowling,",general,
"Clouds come floating into my life, no longer to carry rain or usher storm, but to add color to my sunset sky.","Rabindranath Tagore,",general,
God has no religion.,Mahatma Gandhi,general,
"Do not fear to be eccentric in opinion, for every opinion now accepted was once eccentric.",Bertrand Russell,general,
I don't want to repeat my innocence. I want the pleasure of losing it again.,"F. Scott Fitzgerald,",general,
Life has no meaning. Each of us has meaning and we bring it to life. It is a waste to be asking the question when you are the answer.,Joseph Campbell,general,
"You know, Minister, I disagree with Dumbledore on many counts...but you cannot deny he's got style...","J.K. Rowling,",general,
"Rather than love, than money, than fame, give me truth.","Henry David Thoreau,",general,
It is better to fail in originality than to succeed in imitation.,Herman Melville,general,
"That's the problem with drinking, I thought, as I poured myself a drink. If something bad happens you drink in an attempt to forget; if something good happens you drink in order to celebrate; and if nothing happens you drink to make something happen.","Charles Bukowski,",general,
"I felt my lungs inflate with the onrush of scenery—air, mountains, trees, people. I thought, ""This is what it is to be happy.","Sylvia Plath,",general,
This moment will just be another story someday.,"Stephen Chbosky,",general,
Who said nights were for sleep?,Marilyn Monroe,general,
"Books are the plane, and the train, and the road. They are the destination, and the journey. They are home.","Anna Quindlen,",general,
The journey of a thousand miles begins with a single step.,Lao Tzu,general,
"Don't talk to me.""""Why not?""""Because I want to fix that in my memory for ever. Draco Malfoy, the amazing bouncing ferret...","J.K. Rowling,",general,
There are wounds that never show on the body that are deeper and more hurtful than anything that bleeds.,"Laurell K. Hamilton,",general,
"I’m here. I love you. I don’t care if you need to stay up crying all night long, I will stay with you. If you need the medication again, go ahead and take it—I will love you through that, as well. If you don’t need the medication, I will love you, too. There’s nothing you can ever do to lose my love. I will protect you until you die, and after your death I will still protect you. I am stronger than Depression and I am braver than Loneliness and nothing will ever exhaust me.","Elizabeth Gilbert,",general,
"Sometimes fate is like a small sandstorm that keeps changing directions. You change direction but the sandstorm chases you. You turn again, but the storm adjusts. Over and over you play this out, like some ominous dance with death just before dawn. Why? Because this storm isn't something that blew in from far away, something that has nothing to do with you. This storm is you. Something inside of you. So all you can do is give in to it, step right inside the storm, closing your eyes and plugging up your ears so the sand doesn't get in, and walk through it, step by step. There's no sun there, no moon, no direction, no sense of time. Just fine white sand swirling up into the sky like pulverized bones. That's the kind of sandstorm you need to imagine.And you really will have to make it through that violent, metaphysical, symbolic storm. No matter how metaphysical or symbolic it might be, make no mistake about it: it will cut through flesh like a thousand razor blades. People will bleed there, and you will bleed too. Hot, red blood. You'll catch that blood in your hands, your own blood and the blood of others.And once the storm is over you won't remember how you made it through, how you managed to survive. You won't even be sure, in fact, whether the storm is really over. But one thing is certain. When you come out of the storm you won't be the same person who walked in. That's what this storm's all about.","Haruki Murakami,",general,
"Let us step into the night and pursue that flighty temptress, adventure.","J.K. Rowling,",general,
"No mourners. No funerals. Among them, it passed for 'good luck.","Leigh Bardugo,",general,
"Sometimes our light goes out, but is blown again into instant flame by an encounter with another human being.",Albert Schweitzer,general,
there is a loneliness in this world so greatthat you can see it in the slow movement ofthe hands of a clock.people so tiredmutilatedeither by love or no love.people just are not good to each otherone on one.the rich are not good to the richthe poor are not good to the poor.we are afraid.our educational system tells usthat we can all bebig-ass winners.it hasn't told usabout the guttersor the suicides.or the terror of one personaching in one placealoneuntouchedunspoken towatering a plant.,"Charles Bukowski,",general,
The most beautiful experience we can have is the mysterious. It is the fundamental emotion that stands at the cradle of true art and true science.,"Albert Einstein,",general,
Fear of a name increases fear of the thing itself.,"J.K. rowling,",general,
We are not necessarily doubting that God will do the best for us; we are wondering how painful the best will turn out to be.,C.S. Lewis,general,
Let everything happen to youBeauty and terrorJust keep goingNo feeling is final,Rainer Maria Rilke,general,
"If you go home with somebody, and they don't have books, don't fuck 'em!",John Waters,general,
How many slams in an old screen door? Depends how loud you shut it. How many slices in a bread? Depends how thin you cut it. How much good inside a day? Depends how good you live 'em. How much love inside a friend? Depends how much you give 'em.,Shel Silverstein,general,
"I loved her against reason, against promise, against peace, against hope, against happiness, against all discouragement that could be.","Charles Dickens,",general,
"The most beautiful people we have known are those who have known defeat, known suffering, known struggle, known loss, and have found their way out of the depths. These persons have an appreciation, a sensitivity, and an understanding of life that fills them with compassion, gentleness, and a deep loving concern. Beautiful people do not just happen.",Elisabeth Kübler-Ross,general,
"Once you can accept the universe as matter expanding into nothing that is something, wearing stripes with plaid comes easy.",Albert Einstein,general,
"Pursue what catches your heart, not what catches your eyes.","Roy T. Bennett,",general,
"When life gives you lemons, squirt someone in the eye.",Cathy Guiswite,general,
"It is more fun to talk with someone who doesn't use long, difficult words but rather short, easy words like ""What about lunch?","A. A. Milne,",general,
"In heaven, all the interesting people are missing.",Friedrich Nietzsche,general,
"One of the Silent Brothers is here to see you. Hodge sent me to wake you up. Actually he offered to wake you himself, but since it's 5 a.m., I figured you'd be less cranky if you had something nice to look at.""""Meaning you?""""What else?","Cassandra Clare,",general,
"Dare to BeWhen a new day begins, dare to smile gratefully.When there is darkness, dare to be the first to shine a light.When there is injustice, dare to be the first to condemn it.When something seems difficult, dare to do it anyway.When life seems to beat you down, dare to fight back.When there seems to be no hope, dare to find some.When you’re feeling tired, dare to keep going.When times are tough, dare to be tougher.When love hurts you, dare to love again.When someone is hurting, dare to help them heal.When another is lost, dare to help them find the way.When a friend falls, dare to be the first to extend a hand.When you cross paths with another, dare to make them smile.When you feel great, dare to help someone else feel great too.When the day has ended, dare to feel as you’ve done your best.Dare to be the best you can –At all times, Dare to be!","Steve Maraboli,",general,
Nothing is so painful to the human mind as a great and sudden change.,"Mary Wollstonecraft Shelley,",general,
Don’t grieve. Anything you lose comes round in another form.,Rumi,general,
"You guessed? You must have been pretty sure, considering you could have killed me.""""I was ninety percent sure.""""I see,"" Clary said. There must have been something in her voice, because he turned to look at her. Her hand cracked across his face, a slap that rocked him back on his heels. He put his hands on his cheek, more in surprise than pain.""What the hell was that for?""""The other ten percent.","Cassandra Clare,",general,
"Perhaps when we find ourselves wanting everything, it is because we are dangerously close to wanting nothing.",sylvia plath,general,
"People think dreams aren't real just because they aren't made of matter, of particles. Dreams are real. But they are made of viewpoints, of images, of memories and puns and lost hopes.",Neil Gaiman,general,
"God will not look you over for medals, degrees or diplomas but for scars.",Elbert Hubbard,general,
"Begin at the beginning,"" the King said, very gravely, ""and go on till you come to the end: then stop.","Lewis Carroll,",general,
What you must understand about me is that I’m a deeply unhappy person.,"John Green,",general,
There is nothing noble in being superior to your fellow man; true nobility is being superior to your former self.,Ernest Hemingway,general,
We do not need magic to transform our world. We carry all the power we need inside ourselves already.,J.K. Rowling,general,
No. I can survive well enough on my own— if given the proper reading material.,"Sarah J. Maas,",general,
"The things you do for yourself are gone when you are gone, but the things you do for others remain as your legacy.",Kalu Ndukwe Kalu,general,
Keep GoingYour hardest times often lead to the greatest moments of your life. Keep going. Tough situations build strong people in the end.,"Roy T. Bennett,",general,
"I will have you without armor, Kaz Brekker. Or I will not have you at all.","Leigh Bardugo,",general,
It always shocked me when I realized that I wasn’t the only person in the world who thought and felt such strange and awful things.,"John Green,",general,
"You do not have to be good.You do not have to walk on your kneesfor a hundred miles through the desert, repenting.You only have to let the soft animal of your body love what it loves.Tell me about despair, yours, and I will tell you mine.Meanwhile the world goes on.Meanwhile the sun and the clear pebbles of the rainare moving across the landscapes,over the prairies and the deep trees,the mountains and the rivers.Meanwhile the wild geese, high in the clean blue air,are heading home again.Whoever you are, no matter how lonely,the world offers itself to your imagination,calls to you like the wild geese, harsh and exciting –over and over announcing your placein the family of things.",Mary Oliver,general,
"He is half of my soul, as the poets say.","Madeline Miller,",general,
Nowadays people know the price of everything and the value of nothing.,"Oscar Wilde,",general,
"If cats looked like frogs we'd realize what nasty, cruel little bastards they are. Style. That's what people remember.","Terry Pratchett,",general,
"Tell the truth, or someone will tell it for you.","Stephanie Klein,",general,
"There may be times when we are powerless to prevent injustice, but there must never be a time when we fail to protest.",Elie Wiesel,general,
Life is for the living.Death is for the dead.Let life be like music. And death a note unsaid.,"Langston Hughes,",general,
The best way to find out if you can trust somebody is to trust them.,Ernest Hemingway,general,
Women who seek to be equal with men lack ambition.,Timothy Leary,general,
All I ever wanted was to reach out and touch another human being not just with my hands but with my heart.,"Tahereh Mafi,",general,
Some cause happiness wherever they go; others whenever they go.,Oscar Wilde (attributed to),general,
"Dwell on the beauty of life. Watch the stars, and see yourself running with them.","Marcus Aurelius,",general,
"Some old wounds never truly heal, and bleed again at the slightest word.","George R.R. Martin,",general,
Some people have lives; some people have music.,"John Green,",general,
The scariest moment is always just before you start.,"Stephen King,",general,
"Think left and think right and think low and think high. Oh, the thinks you can think up if only you try!",Dr. Seuss,general,
I wanted the whole world or nothing.,"Charles Bukowski,",general,
Art is the lie that enables us to realize the truth.,Pablo Picasso,general,
"No person is your friend who demands your silence, or denies your right to grow.",Alice Walker,general,
A brave man acknowledges the strength of others.,"Veronica Roth,",general,
"I know not with what weapons World War III will be fought, but World War IV will be fought with sticks and stones.",Albert Einstein,general,
"Well, it seems to me that the best relationships - the ones that last - are frequently the ones that are rooted in friendship. You know, one day you look at the person and you see something more than you did the night before. Like a switch has been flicked somewhere. And the person who was just a friend is... suddenly the only person you can ever imagine yourself with.",Gillian Anderson,general,
It is the time you have wasted for your rose that makes your rose so important.,"Antoine de Saint-Exupéry,",general,
"The minute I heard my first love story,I started looking for you, not knowinghow blind that was.Lovers don't finally meet somewhere.They're in each other all along.","Mawlana Jalal-al-Din Rumi,",general,
I suppose I'll have to add the force of gravity to my list of enemies.,"Lemony Snicket,",general,
Enjoy it. Because it's happening.,"Stephen Chbosky,",general,
"If you like her, if she makes you happy, and if you feel like you know her---then don't let her go.","Nicholas Sparks,",general,
"I went to the woods because I wished to live deliberately, to front only the essential facts of life, and see if I could not learn what it had to teach, and not, when I came to die, discover that I had not lived. I did not wish to live what was not life, living is so dear; nor did I wish to practise resignation, unless it was quite necessary. I wanted to live deep and suck out all the marrow of life, to live so sturdily and Spartan-like as to put to rout all that was not life, to cut a broad swath and shave close, to drive life into a corner, and reduce it to its lowest terms...",Henry David Thoreau,general,
"Why are they all staring?"" demanded Albus as he and Rose craned around to look at the other students.""Don’t let it worry you,"" said Ron. ""It’s me. I’m extremely famous.","J.K. Rowling,",general,
"Finnick?"" I say, ""Maybe some pants?""He looks down at his legs as if noticing his outfit for the first time. Then he whips off his hospital gown leaving him in just his underwear. ""Why? Do you find this"" -- he strikes a ridiculously provocative pose -- ""distracting?""I laugh. Boggs looks embarrassed and Finnick looks more like the guy I met at the Quarter Quell","Suzanne Collins,",general,
"We know what we are, but not what we may be.",William Shakespeare,general,
"You may not control all the events that happen to you, but you can decide not to be reduced by them.","Maya Angelou,",general,
The only way to find true happiness is to risk being completely cut open.,"Chuck Palahniuk,",general,
Knowing others is intelligence;knowing yourself is true wisdom.Mastering others is strength; mastering yourself is true power.,"Lao Tzu,",general,
The silence depressed me. It wasn't the silence of silence. It was my own silence.,"Sylvia Plath,",general,
We live for books.,Umberto Eco,general,
"Can I help you with something?""Clary turned instant traitor against her gender. ""Those girls on the other side of the car are staring at you.""Jace assumed an air of mellow gratification. ""Of course they are,"" he said, ""I am stunningly attractive.","Cassandra Clare,",general,
"A painter should begin every canvas with a wash of black, because all things in nature are dark except where exposed by the light.",Leonardo da Vinci,general,
Everybody is identical in their secret unspoken belief that way deep down they are different from everyone else.,"David Foster Wallace,",general,
"It has been said, 'time heals all wounds.' I do not agree. The wounds remain. In time, the mind, protecting its sanity, covers them with scar tissue and the pain lessens. But it is never gone.",Rose Fitzgerald Kennedy,general,
"The true soldier fights not because he hates what is in front of him, but because he loves what is behind him.",G.K. Chesterton,general,
"If I were not a physicist, I would probably be a musician. I often think in music. I live my daydreams in music. I see my life in terms of music.",Albert Einstein,general,
Only a true best friend can protect you from your immortal enemies.,"Richelle Mead,",general,
"In the darkness, two shadows, reaching through the hopeless, heavy dusk. Their hands meet, and light spills in a flood like a hundred golden urns pouring out of the sun.","Madeline Miller,",general,
Follow your inner moonlight; don't hide the madness.,Allen Ginsberg,general,
There is no surer foundation for a beautiful friendship than a mutual taste in literature.,P.G. Wodehouse,general,
"I am coming to terms with the fact that loving someone requires a leap of faith, and that a soft landing is never guaranteed.","Sarah Dessen,",general,
"A poem begins as a lump in the throat, a sense of wrong, a homesickness, a lovesickness.",Robert Frost,general,
"There are no facts, only interpretations.",Friedrich Nietzsche,general,
"Mom says it's because she has PMS.Do you even know what that means?""I'm not a little kid anymore. It means pissed-at- men syndrome","Nicholas Sparks,",general,
"She'd laughed, and if he could have bottled the sound and gotten drunk on it every night, he would have. It terrified him.","Leigh Bardugo,",general,
I have the choice of being constantly active and happy or introspectively passive and sad. Or I can go mad by ricocheting in between.,"Sylvia Plath,",general,
"The Guide says there is an art to flying"", said Ford, ""or rather a knack. The knack lies in learning how to throw yourself at the ground and miss.","Douglas Adams,",general,
"Some things don't last forever, but some things do. Like a good song, or a good book, or a good memory you can take out and unfold in your darkest times, pressing down on the corners and peering in close, hoping you still recognize the person you see there.","Sarah Dessen,",general,
Break my heart. Break it a thousand times if you like. It was only ever yours to break anyway.,"Kiera Cass,",general,
"True love is rare, and it's the only thing that gives life real meaning.","Nicholas Sparks,",general,
"Would you tell me, please, which way I ought to go from here?""""That depends a good deal on where you want to get to.""""I don't much care where –""""Then it doesn't matter which way you go.","Lewis Carroll,",general,
"I don't want to be at the mercy of my emotions. I want to use them, to enjoy them, and to dominate them.","Oscar Wilde,",general,
"Among other things, you'll find that you're not the first person who was ever confused and frightened and even sickened by human behavior. You're by no means alone on that score, you'll be excited and stimulated to know. Many, many men have been just as troubled morally and spiritually as you are right now. Happily, some of them kept records of their troubles. You'll learn from them—if you want to. Just as someday, if you have something to offer, someone will learn something from you. It's a beautiful reciprocal arrangement. And it isn't education. It's history. It's poetry.","J.D. Salinger,",general,
"I’d said it before and meant it: Alive or undead, the love of my life was a badass.","Richelle Mead,",general,
"I suspect the truth is that we are waiting, all of us, against insurmountable odds, for something extraordinary to happen to us.","Khaled Hosseini,",general,
"If you don't imagine, nothing ever happens at all.","John Green,",general,
"Weeds are flowers, too, once you get to know them.",A.A. Milne,general,
Even the darkest night will end and the sun will rise.,"Victor Hugo,",general,
Poets have been mysteriously silent on the subject of cheese.,"G.K. Chesterton,",general,
"Why is it,"" he said, one time, at the subway entrance, ""I feel I've known you so many years?""""Because I like you,"" she said, ""and I don't want anything from you.","Ray Bradbury,",general,
Declarations of love amuse me. Especially when unrequited.,"Cassandra Clare,",general,
"but for my own part, if a book is well written, I always find it too short.",Jane Austen,general,
"People aren't born good or bad. Maybe they're born with tendencies either way, but its the way you live your life that matters.","Cassandra Clare,",general,
I love you more than there are stars in the sky and fish in the sea.,Nicholas Sparks,general,
"For me, trees have always been the most penetrating preachers. I revere them when they live in tribes and families, in forests and groves. And even more I revere them when they stand alone. They are like lonely persons. Not like hermits who have stolen away out of some weakness, but like great, solitary men, like Beethoven and Nietzsche. In their highest boughs the world rustles, their roots rest in infinity; but they do not lose themselves there, they struggle with all the force of their lives for one thing only: to fulfil themselves according to their own laws, to build up their own form, to represent themselves. Nothing is holier, nothing is more exemplary than a beautiful, strong tree. When a tree is cut down and reveals its naked death-wound to the sun, one can read its whole history in the luminous, inscribed disk of its trunk: in the rings of its years, its scars, all the struggle, all the suffering, all the sickness, all the happiness and prosperity stand truly written, the narrow years and the luxurious years, the attacks withstood, the storms endured. And every young farmboy knows that the hardest and noblest wood has the narrowest rings, that high on the mountains and in continuing danger the most indestructible, the strongest, the ideal trees grow. Trees are sanctuaries. Whoever knows how to speak to them, whoever knows how to listen to them, can learn the truth. They do not preach learning and precepts, they preach, undeterred by particulars, the ancient law of life. A tree says: A kernel is hidden in me, a spark, a thought, I am life from eternal life. The attempt and the risk that the eternal mother took with me is unique, unique the form and veins of my skin, unique the smallest play of leaves in my branches and the smallest scar on my bark. I was made to form and reveal the eternal in my smallest special detail. A tree says: My strength is trust. I know nothing about my fathers, I know nothing about the thousand children that every year spring out of me. I live out the secret of my seed to the very end, and I care for nothing else. I trust that God is in me. I trust that my labor is holy. Out of this trust I live. When we are stricken and cannot bear our lives any longer, then a tree has something to say to us: Be still! Be still! Look at me! Life is not easy, life is not difficult. Those are childish thoughts. Let God speak within you, and your thoughts will grow silent. You are anxious because your path leads away from mother and home. But every step and every day lead you back again to the mother. Home is neither here nor there. Home is within you, or home is nowhere at all. A longing to wander tears my heart when I hear trees rustling in the wind at evening. If one listens to them silently for a long time, this longing reveals its kernel, its meaning. It is not so much a matter of escaping from one's suffering, though it may seem to be so. It is a longing for home, for a memory of the mother, for new metaphors for life. It leads home. Every path leads homeward, every step is birth, every step is death, every grave is mother. So the tree rustles in the evening, when we stand uneasy before our own childish thoughts: Trees have long thoughts, long-breathing and restful, just as they have longer lives than ours. They are wiser than we are, as long as we do not listen to them. But when we have learned how to listen to trees, then the brevity and the quickness and the childlike hastiness of our thoughts achieve an incomparable joy. Whoever has learned how to listen to trees no longer wants to be a tree. He wants to be nothing except what he is. That is home. That is happiness.","Herman Hesse,",general,
What are men to rocks and mountains?,"Jane Austen,",general,
A woman's heart should be so hidden in God that a man has to seek Him just to find her.,Max Lucado,general,
"Beware; for I am fearless, and therefore powerful.","Mary Shelley,",general,
"Look again at that dot. That's here. That's home. That's us. On it everyone you love, everyone you know, everyone you ever heard of, every human being who ever was, lived out their lives. The aggregate of our joy and suffering, thousands of confident religions, ideologies, and economic doctrines, every hunter and forager, every hero and coward, every creator and destroyer of civilization, every king and peasant, every young couple in love, every mother and father, hopeful child, inventor and explorer, every teacher of morals, every corrupt politician, every ""superstar,"" every ""supreme leader,"" every saint and sinner in the history of our species lived there-on a mote of dust suspended in a sunbeam.The Earth is a very small stage in a vast cosmic arena. Think of the endless cruelties visited by the inhabitants of one corner of this pixel on the scarcely distinguishable inhabitants of some other corner, how frequent their misunderstandings, how eager they are to kill one another, how fervent their hatreds. Think of the rivers of blood spilled by all those generals and emperors so that, in glory and triumph, they could become the momentary masters of a fraction of a dot.Our posturings, our imagined self-importance, the delusion that we have some privileged position in the Universe, are challenged by this point of pale light. Our planet is a lonely speck in the great enveloping cosmic dark. In our obscurity, in all this vastness, there is no hint that help will come from elsewhere to save us from ourselves.The Earth is the only world known so far to harbor life. There is nowhere else, at least in the near future, to which our species could migrate. Visit, yes. Settle, not yet. Like it or not, for the moment the Earth is where we make our stand.It has been said that astronomy is a humbling and character-building experience. There is perhaps no better demonstration of the folly of human conceits than this distant image of our tiny world. To me, it underscores our responsibility to deal more kindly with one another, and to preserve and cherish the pale blue dot, the only home we've ever known.","Carl Sagan,",general,
Live to the point of tears.,Albert Camus,general,
Pain is temporary. Quitting lasts forever.,"Lance Armstrong Sally Jenkins,",general,
Dumbledore says people find it far easier to forgive others for being wrong than being right.,"J.K. Rowling,",general,
There is a stubbornness about me that never can bear to be frightened at the will of others. My courage always rises at every attempt to intimidate me.,"Jane Austen,",general,
Don't be afraid of your fears. They're not there to scare you. They're there to let you know that something is worth it.,C. JoyBell C.,general,
"A woman has to live her life, or live to repent not having lived it.","D.H. Lawrence,",general,
"Music is a total constant. That's why we have such a strong visceral connection to it, you know? Because a song can take you back instantly to a moment, or a place, or even a person. No matter what else has changed in your or the world, that one song says the same, just like that moment.","Sarah Dessen,",general,
Do I not destroy my enemies when I make them my friends?,Abraham Lincoln,general,
"There are no happy endings.Endings are the saddest part, So just give me a happy middleAnd a very happy start.","Shel Silverstein,",general,
"When I was a little girl I used to read fairy tales. In fairy tales you meet Prince Charming and he's everything you ever wanted. In fairy tales the bad guy is very easy to spot. The bad guy is always wearing a black cape so you always know who he is. Then you grow up and you realize that Prince Charming is not as easy to find as you thought. You realize the bad guy is not wearing a black cape and he's not easy to spot; he's really funny, and he makes you laugh, and he has perfect hair.",Taylor Swift,general,
"Worry does not empty tomorrow of its sorrow, it empties today of its strength.","Corrie Ten Boom,",general,
It's kind of fun to do the impossible.,Walt Disney,general,
"The most important kind of freedom is to be what you really are. You trade in your reality for a role. You trade in your sense for an act. You give up your ability to feel, and in exchange, put on a mask. There can't be any large-scale revolution until there's a personal revolution, on an individual level. It's got to happen inside first.",Jim MORRISON,general,
And the rest is rust and stardust.,"Vladimir Nabokov,",general,
Three things in human life are important: the first is to be kind; the second is to be kind; and the third is to be kind.,Henry James,general,
It's enough for me to be sure that you and I exist at this moment.,"Gabriel García Márquez,",general,
You never fail until you stop trying.,Albert Einstein,general,
"Investigation?"" Isabelle laughed. ""Now we're detectives? Maybe we should all have code names.""""Good idea,"" said Jace. ""I shall be Baron Hotschaft Von Hugenstein.","Cassandra Clare,",general,
The man of knowledge must be able not only to love his enemies but also to hate his friends.,Friedrich Nietzsche,general,
"Make improvements, not excuses. Seek respect, not attention.","Roy T. Bennett,",general,
Find what you love and let it kill you.,Charles Bukowski,general,
"Do you think I'm pretty?I think you're beautifulBeautiful?You are so beautiful, it hurts sometimes.","Richelle Mead,",general,
"Name one hero who was happy.""I considered. Heracles went mad and killed his family; Theseus lost his bride and father; Jason's children and new wife were murdered by his old; Bellerophon killed the Chimera but was crippled by the fall from Pegasus' back.""You can't."" He was sitting up now, leaning forward.""I can't.""""I know. They never let you be famous AND happy."" He lifted an eyebrow. ""I'll tell you a secret.""""Tell me."" I loved it when he was like this.""I'm going to be the first."" He took my palm and held it to his. ""Swear it.""""Why me?""""Because you're the reason. Swear it.""""I swear it,"" I said, lost in the high color of his cheeks, the flame in his eyes.""I swear it,"" he echoed.We sat like that a moment, hands touching. He grinned.""I feel like I could eat the world raw.","Madeline Miller,",general,
The most wasted of all days is one without laughter.,Nicolas Chamfort,general,
"It's not the load that breaks you down, it's the way you carry it.",Lou Holtz,general,
"There comes a time when one must take a position that is neither safe, nor politic, nor popular, but he must take it because conscience tells him it is right.","Martin Luther King Jr.,",general,
"I care for myself. The more solitary, the more friendless, the more unsustained I am, the more I will respect myself.","Charlotte Brontë,",general,
"I think we dream so we don’t have to be apart for so long. If we’re in each other’s dreams, we can be together all the time.","A.A. Milne,",general,
"If writers wrote as carelessly as some people talk, then adhasdh asdglaseuyt[bn[ pasdlgkhasdfasdf.","Lemony Snicket,",general,
Learn to light a candle in the darkest moments of someone’s life. Be the light that helps others see; it is what gives life its deepest significance.,"Roy T. Bennett,",general,
"You know,"" Gabriel said, ""there was a time I thought we could be friends, Will.""""There was a time I thought I was a ferret,"" Will said, ""but that turned out to be the opium haze. Did you know it had that effect? Because I didn't.","Cassandra Clare,",general,
"What's this?"" he demanded, looking from Clary to his companions, as if they might know what she was doing there.""It's a girl,"" Jace said,recovering his composure. ""Surely you've seen girls before, Alec. Your sister Isabelle is one.","Cassandra Clare,",general,
All the darkness in the world cannot extinguish the light of a single candle.,"St. Francis Of Assisi,",general,
"Some say the world will end in fire,Some say in ice.From what I've tasted of desire,I hold with those who favor fire. But if it had to perish twiceI think I know enough of hateTo say that for destruction iceIs also greatAnd would suffice.",Robert Frost,general,
"I was smiling yesterday,I am smiling today and I will smile tomorrow.Simply because life is too short to cry for anything.","Santosh Kalwar,",general,
Books are for people who wish they were somewhere else.,Mark Twain,general,
Walk as if you are kissing the Earth with your feet.,"Thich Nhat Hanh,",general,
"There's plenty of sense in nonsense sometimes, if you wish to look for it.","Cassandra Clare,",general,
I lived in books more than I lived anywhere else.,"Neil Gaiman,",general,
"How did you die?""""We er....drowned in a bathtub.""""All three of you?""""It was a big bathtub.","Rick Riordan,",general,
"You smell good, too,","Becca Fitzpatrick,",general,
There is no real ending. It’s just the place where you stop the story.,Frank Herbert,general,
"I am not sure that I exist, actually. I am all the writers that I have read, all the people that I have met, all the women that I have loved; all the cities I have visited.",Jorge Luis Borges,general,
"You'll stay with me?'Until the very end,' said James.","J. K. Rowling,",general,
"I mean, if the relationship can't survive the long term, why on earth would it be worth my time and energy for the short term?","Nicholas Sparks,",general,
"My life amounts to no more than one drop in a limitless ocean. Yet what is any ocean, but a multitude of drops?","David Mitchell,",general,
"I was within and without, simultaneously enchanted and repelled by the inexhaustible variety of life.","Fitzgerald F. Scott,",general,
"If I can stop one heart from breaking, I shall not live in vain.",Emily Dickinson,general,
"Everything tells me that I am about to make a wrong decision, but making mistakes is just part of life. What does the world want of me? Does it want me to take no risks, to go back to where I came from because I didn't have the courage to say ""yes"" to life?","Paulo Coelho,",general,
Start each day with a positive thought and a grateful heart.,"Roy T. Bennett,",general,
"She wasn't bitter. She was sad, though. But it was a hopeful kind of sad. The kind of sad that just takes time.","Stephen Chbosky,",general,
"Success is liking yourself, liking what you do, and liking how you do it.",Maya Angelou,general,
I read a book one day and my whole life was changed.,"Orhan Pamuk,",general,
"The paradox of our time in history is that we have taller buildings but shorter tempers, wider Freeways, but narrower viewpoints. We spend more, but have less, we buy more, but enjoy less. We have bigger houses and smaller families, more conveniences, but less time. We have more degrees but less sense, more knowledge, but less judgment, more experts, yet more problems, more medicine, but less wellness.We drink too much, smoke too much, spend too recklessly, laugh too little, drive too fast, get too angry, stay up too late, get up too tired, read too little, watch TV too much, and pray too seldom. We have multiplied our possessions, but reduced our values. We talk too much, love too seldom, and hate too often.We've learned how to make a living, but not a life. We've added years to life not life to years. We've been all the way to the moon and back, but have trouble crossing the street to meet a new neighbor. We conquered outer space but not inner space. We've done larger things, but not better things.We've cleaned up the air, but polluted the soul. We've conquered the atom, but not our prejudice. We write more, but learn less. We plan more, but accomplish less. We've learned to rush, but not to wait. We build more computers to hold more information, to produce more copies than ever, but we communicate less and less.These are the times of fast foods and slow digestion, big men and small character, steep profits and shallow relationships.These are the days of two incomes but more divorce, fancier houses, but broken homes. These are days of quick trips, disposable diapers, throwaway morality, one night stands, overweight bodies, and pills that do everything from cheer, to quiet, to kill. It is a time when there is much in the showroom window and nothing in the stockroom. A time when technology can bring this letter to you, and a time when you can choose either to share this insight, or to just hit delete...Remember, to spend some time with your loved ones, because they are not going to be around forever. Remember, say a kind word to someone who looks up to you in awe, because that little person soon will grow up and leave your side.Remember, to give a warm hug to the one next to you, because that is the only treasure you can give with your heart and it doesn't cost a cent.Remember, to say, ""I love you"" to your partner and your loved ones, but most of all mean it. A kiss and an embrace will mend hurt when it comes from deep inside of you.Remember to hold hands and cherish the moment for someday that person might not be there again. Give time to love, give time to speak! And give time to share the precious thoughts in your mind.","Bob Moorehead,",general,
"That’s part of what I like about the book in some ways. It portrays death truthfully. You die in the middle of your life, in the middle of a sentence","John Green,",general,
I love you. Remember. They cannot take it,"Lauren Oliver,",general,
Love is an irresistible desire to be irresistibly desired.,Robert Frost,general,
And that's the thing about people who mean everything they say. They think everyone else does too.,"Khaled Hosseini,",general,
I have heard there are troubles of more than one kind. Some come from ahead and some come from behind. But I've bought a big bat. I'm all ready you see. Now my troubles are going to have troubles with me!,Dr. Seuss,general,
A classic is a book that has never finished saying what it has to say.,"Italo Calvino,",general,
Reading one book is like eating one potato chip.,"Diane Duane,",general,
"Remember that wherever your heart is, there you will find your treasure.","Paulo Coelho,",general,
"If you want to forget something or someone, never hate it, or never hate him/her. Everything and everyone that you hate is engraved upon your heart; if you want to let go of something, if you want to forget, you cannot hate.",C. JoyBell C.,general,
"To see a World in a Grain of Sand And a Heaven in a Wild Flower, Hold Infinity in the palm of your hand And Eternity in an hour.","William Blake,",general,
"HopeSmiles from the threshold of the year to come, Whispering 'it will be happier'...",Alfred Lord Tennyson,general,
"I fell in love with her courage, her sincerity, and her flaming self respect. And it's these things I'd believe in, even if the whole world indulged in wild suspicions that she wasn't all she should be. I love her and it is the beginning of everything.",F. Scott Fitzgerald,general,
Don't Panic.,"Douglas Adams,",general,
Right now I’m having amnesia and déjà vu at the same time. I think I’ve forgotten this before.,Steven Wright,general,
Writing is a socially acceptable form of schizophrenia.,E.L. Doctorow,general,
"Start writing, no matter what. The water does not flow until the faucet is turned on.",Louis L'Amour,general,
"Of all forms of caution, caution in love is perhaps the most fatal to true happiness.","Bertrand Russell,",general,
"What would men be without women? Scarce, sir...mighty scarce.",Mark Twain,general,
"Treat everyone with politeness and kindness, not because they are nice, but because you are.","Roy T. Bennett,",general,
"No thief, however skillful, can rob one of knowledge, and that is why knowledge is the best and safest treasure to acquire.","L. Frank Baum,",general,
All endings are also beginnings. We just don't know it at the time.,"Mitch Albom,",general,
"There are far, far better things ahead than any we leave behind.",C.S. Lewis,general,
An intellectual says a simple thing in a hard way. An artist says a hard thing in a simple way.,Charles Bukowski,general,
"Don't bend; don't water it down; don't try to make it logical; don't edit your own soul according to the fashion. Rather, follow your most intense obsessions mercilessly.",Franz Kafka,general,
"It is a curious thought, but it is only when you see people looking ridiculous that you realize just how much you love them.","Agatha Christie,",general,
"The more I see, the less I know for sure.",John Lennon,general,
"Be grateful for what you already have while you pursue your goals. If you aren’t grateful for what you already have, what makes you think you would be happy with more.","Roy T. Bennett,",general,
Cinderella? Snow White? What's that? An illness?,"J.K. Rowling,",general,
"I believe the universe wants to be noticed. I think the universe is inprobably biased toward the consciousness, that it rewards intelligence in part because the universe enjoys its elegance being observed. And who am I, living in the middle of history, to tell the universe that it-or my observation of it-is temporary?","John Green,",general,
Books. Cats. Life is Good.,Edward Gorey,general,
And I like large parties. They’re so intimate. At small parties there isn’t any privacy.,"F. Scott Fitzgerald,",general,
"You know, one of the tragedies of real life is that there is no background music.",Annie Proulx,general,
Everyone has talent. What's rare is the courage to follow it to the dark places where it leads.,Erica Jong,general,
"We all have our time machines, don't we. Those that take us back are memories...And those that carry us forward, are dreams.",H.G. Wells,general,
"It was books that made me feel that perhaps I was not completely alone. They could be honest with me, and I with them.","Cassandra Clare,",general,
"Francois Rabelais. He was a poet. And his last words were ""I go to seek a Great Perhaps."" That's why I'm going. So I don't have to wait until I die to start seeking a Great Perhaps.","John Green,",general,
"There was nowhere to go but everywhere, so just keep on rolling under the stars.","Jack Kerouac,",general,
"Book collecting is an obsession, an occupation, a disease, an addiction, a fascination, an absurdity, a fate. It is not a hobby. Those who do it must do it.",Jeanette Winterson,general,
"My mission in life is not merely to survive, but to thrive; and to do so with some passion, some compassion, some humor, and some style.",Maya Angelou,general,
"Laters, baby.","E.L. James,",general,
You’ve got about as much charm as a dead slug.,"Suzanne Collins,",general,
"Some birds are not meant to be caged, that's all. Their feathers are too bright, their songs too sweet and wild. So you let them go, or when you open the cage to feed them they somehow fly out past you. And the part of you that knows it was wrong to imprison them in the first place rejoices, but still, the place where you live is that much more drab and empty for their departure.","Stephen King,",general,
And so it goes...,"Kurt Vonnegut,",general,
You believe lies so you eventually learn to trust no one but yourself.,Marilyn Monroe,general,
"When you stop expecting people to be perfect, you can like them for who they are.","Donald Miller,",general,
"A good library will never be too neat, or too dusty, because somebody will always be in it, taking books off the shelves and staying up late reading them.","Lemony Snicket,",general,
"When the power of love overcomes the love of power, the world will know peace.",Jimi Hendrix,general,
We are all atheists about most of the gods that humanity has ever believed in. Some of us just go one god further.,"Richard Dawkins,",general,
He thinks he'll be remembered as the villain in the story. But I forgot to tell him that the villain is usually the person who locks up the maiden and throws away the key. He was the one who let me out.,"Sarah J. Maas,",general,
"How do you feel, Georgie?"" whispered Mrs. Weasley.George's fingers groped for the side of his head.""Saintlike,"" he murmured.""What's wrong with him?"" croaked Fred, looking terrified. ""Is his mind affected?""""Saintlike,"" repeated George, opening his eyes and looking up at his brother. ""You see...I'm HOLEY, Fred, geddit?","J.K. Rowling,",general,
Learn what is to be taken seriously and laugh at the rest.,Herman Hesse,general,
The heart is an arrow. It demands aim to land true.,"Leigh Bardugo,",general,
I go to seek a Great Perhaps.,François Rabelais,general,
أجمل حب هو الذي نعثر عليه أثناء بحثنا عن شيء آخر,أحلام مستغانمي,general,
"Tell your heart that the fear of suffering is worse than the suffering itself. And that no heart has ever suffered when it goes in search of its dreams, because every second of the search is a second's encounter with God and with eternity.","Paulo Coelho,",general,
Judge a man by his questions rather than by his answers.,Voltaire,general,
A book must be the axe for the frozen sea within us.,Franz Kafka,general,
"You’re wishin’ too much, baby. You gotta stop wearing your wishbone where your backbone oughtta be.","Elizabeth Gilbert,",general,
"The Chinese use two brush strokes to write the word 'crisis.' One brush stroke stands for danger; the other for opportunity. In a crisis, be aware of the danger--but recognize the opportunity.",John F. Kennedy,general,
"Believe in Your HeartBelieve in your heart that you're meant to live a life full of passion, purpose, magic and miracles.","Roy T. Bennett,",general,
How vain it is to sit down to write when you have not stood up to live.,Henry David Thoreau,general,
Why didn't I learn to treat everything like it was the last time. My greatest regret was how much I believed in the future.,"Jonathan Safran Foer,",general,
"What Is Love? I have met in the streets a very poor young man who was in love. His hat was old, his coat worn, the water passed through his shoes and the stars through his soul","Victor Hugo ,",general,
"No matter how much suffering you went through, you never wanted to let go of those memories.",haruki murakami,general,
He's a wallflower. You see things. You keep quiet about them. And you understand.,"Stephen Chbosky,",general,
But in the end one needs more courage to live than to kill himself.,Albert Camus,general,
"I can listen no longer in silence. I must speak to you by such means as are within my reach. You pierce my soul. I am half agony, half hope. Tell me not that I am too late, that such precious feelings are gone for ever. I offer myself to you again with a heart even more your own than when you almost broke it, eight years and a half ago. Dare not say that man forgets sooner than woman, that his love has an earlier death. I have loved none but you. Unjust I may have been, weak and resentful I have been, but never inconstant. You alone have brought me to Bath. For you alone, I think and plan. Have you not seen this? Can you fail to have understood my wishes? I had not waited even these ten days, could I have read your feelings, as I think you must have penetrated mine. I can hardly write. I am every instant hearing something which overpowers me. You sink your voice, but I can distinguish the tones of that voice when they would be lost on others. Too good, too excellent creature! You do us justice, indeed. You do believe that there is true attachment and constancy among men. Believe it to be most fervent, most undeviating, in F. W.I must go, uncertain of my fate; but I shall return hither, or follow your party, as soon as possible. A word, a look, will be enough to decide whether I enter your father's house this evening or never.","Jane Austen,",general,
"Albus Severus,"" Harry said quietly, so that nobody but Ginny could hear, and she was tactful enough to pretend to be waving to Rose, who was now on the train, ""you were named for two headmasters of Hogwarts. One of them was a Slytherin and he was probably the bravest man I ever knew.","J.K. Rowling,",general,
"After nourishment, shelter and companionship, stories are the thing we need most in the world.",Philip Pullman,general,
I don't believe in the kind of magic in my books. But I do believe something very magical can happen when you read a good book.,J.K. Rowling,general,
"It's just that...I just think that some things are meant to be broken. Imperfect. Chaotic. It's the universe's way of providing contrast, you know? There have to be a few holes in the road. It's how life is.","Sarah Dessen,",general,
History will be kind to me for I intend to write it.,Winston S. Churchill,general,
لن تكون متدينا إلا بالعلم ...فالله لا يعبد بالجهل,"مصطفى محمود,",general,
"Basically, I have two speeds.... Hostile or smart-aleck. Your choice.","James Patterson,",general,
"Don't."" Clary raised a warning hand. ""I'm not really in the mood right now.""""That's got to be the first time a girl's ever said that to me,"" Jace mused.","Cassandra Clare,",general,
"Do you wish me a good morning, or mean that it is a good morning whether I want it or not; or that you feel good this morning; or that it is a morning to be good on?","J.R.R. Tolkien,",general,
"If no one in the entire world cared about you, did you really exist at all?","Cassandra Clare,",general,
"Stories never really end...even if the books like to pretend they do. Stories always go on. They don't end on the last page, any more than they begin on the first page.","Cornelia Funke,",general,
"Everything can be taken from a man but one thing: the last of the human freedoms—to choose one’s attitude in any given set of circumstances, to choose one’s own way.","Viktor E. Frankl,",general,
"A book, too, can be a star, a living fire to lighten the darkness, leading out into the expanding universe.",Madeleine L'Engle,general,
"The individual has always had to struggle to keep from being overwhelmed by the tribe. If you try it, you will be lonely often, and sometimes frightened. But no price is too high to pay for the privilege of owning yourself.",Friedrich Nietzsche,general,
To burn with desire and keep quiet about it is the greatest punishment we can bring on ourselves.,"Federico García Lorca,",general,
"Well, nowIf little by little you stop loving meI shall stop loving youLittle by littleIf suddenly you forget meDo not look for meFor I shall already have forgotten youIf you think it long and mad the wind of banners that passes through my lifeAnd you decide to leave me at the shore of the heart where I have rootsRememberThat on that day, at that hour, I shall lift my armsAnd my roots will set off to seek another land","Pablo Neruda,",general,
"Life is to be enjoyed, not endured",Gordon B. Hinckley,general,
Why are women... so much more interesting to men than men are to women?,Virginia Woolf,general,
"All the world's a stage, And all the men and women merely players; They have their exits and their entrances; And one man in his time plays many parts, His acts being seven ages.","William Shakespeare,",general,
The one thing that doesn't abide by majority rule is a person's conscience.,"Harper Lee,",general,
"We have to allow ourselves to be loved by the people who really love us, the people who really matter. Too much of the time, we are blinded by our own pursuits of people to love us, people that don't even matter, while all that time we waste and the people who do love us have to stand on the sidewalk and watch us beg in the streets! It's time to put an end to this. It's time for us to let ourselves be loved.",C. JoyBell C.,general,
"Hate the sin, love the sinner.",Mahatma Gandhi,general,
"It's not natural for women to fight.""""It's not natural for someone to be as stupid as he is tall, and yet there you stand.","Leigh Bardugo,",general,
Forever is composed of nows.,Emily Dickinson,general,
"You're off to Great Places!Today is your day!Your mountain is waiting,So... get on your way!","Dr. Seuss,",general,
Great spirits have always encountered violent opposition from mediocre minds.,Albert Einstein,general,
I dream my painting and I paint my dream.,Vincent Willem van Gogh,general,
"Nobody ever figures out what life is all about, and it doesn't matter. Explore the world. Nearly everything is really interesting if you go into it deeply enough.",Richard P. Feynman,general,
"You are imperfect, permanently and inevitably flawed. And you are beautiful.",Amy Bloom,general,
Sanity and happiness are an impossible combination.,Mark Twain,general,
"If you obey all of the rules, you miss all of the fun.",Katharine Hepburn,general,
To the stars who listen—and the dreams that are answered.,"Sarah J. Maas,",general,
Never close your lips to those whom you have already opened your heart.,Charles Dickens,general,
The reason it hurts so much to separate is because our souls are connected.,Nicholas Sparks,general,
"Reading is escape, and the opposite of escape; it's a way to make contact with reality after a day of making things up, and it's a way of making contact with someone else's imagination after a day that's all too real.",Nora Ephron,general,
"You can't be happy unless you're unhappy sometimes"".","Lauren Oliver,",general,
"Just because you call an electric eel a rubber duck doesn't make it a rubber duck, does it? And God help the poor bastard who decides they want to take a bath with the duckie. (Jace Wayland)","Cassandra Clare,",general,
"Now, you two – this year, you behave yourselves. If I get one more owl telling me you've – you've blown up a toilet or –""""Blown up a toilet? We've never blown up a toilet.""""Great idea though, thanks, Mum.","J.K. Rowling,",general,
there are worse thingsthan being alonebut it often takesdecades to realize thisand most often when you doit's too lateand there's nothing worsethan too late,Charles Bukowski,general,
"If you're lonely when you're alone, you're in bad company.",Jean-Paul Sartre,general,
"People are more difficult to work with than machines. And when you break a person, he can't be fixed.","Rick Riordan,",general,
"People who claim that they're evil are usually no worse than the rest of us... It's people who claim that they're good, or any way better than the rest of us, that you have to be wary of.","Gregory Maguire,",general,
"Ah,","Cassandra Clare,",general,
"Education is an admirable thing, but it is well to remember from time to time that nothing that is worth knowing can be taught.",Oscar Wilde,general,
"If she's amazing, she won't be easy. If she's easy, she won't be amazing. If she's worth it, you wont give up. If you give up, you're not worthy. ... Truth is, everybody is going to hurt you; you just gotta find the ones worth suffering for.","Bob Marley,",general,
"Dance, when you're broken open. Dance, if you've torn the bandage off. Dance in the middle of the fighting. Dance in your blood. Dance when you're perfectly free.",Rumi,general,
"It isn't possible to love and part. You will wish that it was. You can transmute love, ignore it, muddle it, but you can never pull it out of you. I know by experience that the poets are right: love is eternal.","E.M. Forster,",general,
"I am a cage, in search of a bird.",Franz Kafka,general,
"Follow your heart, listen to your inner voice, stop caring about what others think.","Roy T. Bennett,",general,
"And now that you don't have to be perfect, you can be good.","John Steinbeck,",general,
"Things we lose have a way of coming back to us in the end, if not always in the way we expect.","JK Rowling,",general,
"If you're losing your soul and you know it, then you've still got a soul left to lose",charles bukowski,general,
"The function of prayer is not to influence God, but rather to change the nature of the one who prays.",Soren Kierkegaard,general,
"War must be, while we defend our lives against a destroyer who would devour all; but I do not love the bright sword for its sharpness, nor the arrow for its swiftness, nor the warrior for his glory. I love only that which they defend.","J.R.R. Tolkien,",general,
"Mom. I have something to tell you. I’m undead. Now, I know you may have some preconceived notions about the undead. I know you may not be comfortable with the idea of me being undead. But I’m here to tell you that undead are just like you and me … well, okay. Possibly more like me than you.","Cassandra Clare,",general,
"And so with the sunshine and the great bursts of leaves growing on the trees, just as things grow in fast movies, I had that familiar conviction that life was beginning over again with the summer.","F. Scott Fitzgerald,",general,
"Maybe who we are isn't so much about what we do, but rather what we're capable of when we least expect it.","Jodi Picoult,",general,
This is your life and its ending one moment at a time.,"Chuck Palahniuk,",general,
"Finally, from so little sleeping and so much reading, his brain dried up and he went completely out of his mind.","Miguel de Cervantes Saavedra,",general,
I shut my eyes and all the world drops dead;I lift my lids and all is born again.(I think I made you up inside my head.),Sylvia Plath,general,
Many people lose the small joys in the hope for the big happiness.,Pearl S. Buck,general,
A man can no more diminish God's glory by refusing to worship Him than a lunatic can put out the sun by scribbling the word 'darkness' on the walls of his cell.,"C.S. Lewis,",general,
"Trees are poems the earth writes upon the sky, We fell them down and turn them into paper,That we may record our emptiness.",Kahlil Gibran,general,
"I could easily forgive his pride, if he had not mortified mine.","Jane Austen,",general,
"Once you have tasted flight, you will forever walk the earth with your eyes turned skyward, for there you have been, and there you will always long to return.",Leonardo da Vinci,general,
"No amount of regretting can change the past, and no amount of worrying can change the future.","Roy T. Bennett,",general,
"You see, cuckoos are parasites. They lay their eggs in other birds' nests. When the egg hatches, the baby cuckoo pushes the other baby birds out of the nest. The poor parent birds work themselves to death trying to find enough food to feed the enormous cuckoo child who has murdered their babies and taken their places.""""Enormous?"" said Jace. ""Did you just call me fat?""""It was an analogy.""""I am not fat.","Cassandra Clare,",general,
"And on the subject of burning books: I want to congratulate librarians, not famous for their physical strength or their powerful political connections or their great wealth, who, all over this country, have staunchly resisted anti-democratic bullies who have tried to remove certain books from their shelves, and have refused to reveal to thought police the names of persons who have checked out those titles.So the America I loved still exists, if not in the White House or the Supreme Court or the Senate or the House of Representatives or the media. The America I love still exists at the front desks of our public libraries.","Kurt Vonnegut,",general,
"Life is about accepting the challenges along the way, choosing to keep moving forward, and savoring the journey.","Roy T. Bennett,",general,
"If you want to really hurt you parents, and you don't have the nerve to be gay, the least you can do is go into the arts. I'm not kidding. The arts are not a way to make a living. They are a very human way of making life more bearable. Practicing an art, no matter how well or badly, is a way to make your soul grow, for heaven's sake. Sing in the shower. Dance to the radio. Tell stories. Write a poem to a friend, even a lousy poem. Do it as well as you possible can. You will get an enormous reward. You will have created something.","Kurt Vonnegut,",general,
Books have a unique way of stopping time in a particular moment and saying: Let’s not forget this.,Dave Eggers,general,
"If I cannot be better than them, I will become so much worse.","Holly Black,",general,
"Don't say you don't have enough time. You have exactly the same number of hours per day that were given to Helen Keller, Pasteur, Michelangelo, Mother Teresa, Leonardo da Vinci, Thomas Jefferson, and Albert Einstein.",H. Jackson Brown Jr.,general,
"Out of the corner of her eye she thought she saw Jace shoot her a look of white rage - but when she glanced at him, he looked as he always did: easy, confident, slightly bored.""In future, Clarissa,"" he said, ""it might be wise to mention that you already have a man in your bed, to avoid such tedious situations.""""You invited him into bed?"" Simon demanded, looking shaken.""Ridiculous, isn't it?"" said Jace. ""We would never have all fit.""""I didn't invite him into bed,"" Clary snapped. ""We were just kissing.""""Just kissing?"" Jace's tone mocked her with its false hurt. ""How swiftly you dismiss our love.","Cassandra Clare,",general,
"We are all alone, born alone, die alone, and—in spite of True Romance magazines—we shall all someday look back on our lives and see that, in spite of our company, we were alone the whole way. I do not say lonely—at least, not all the time—but essentially, and finally, alone. This is what makes your self-respect so important, and I don't see how you can respect yourself if you must look in the hearts and minds of others for your happiness.","Hunter S. Thompson,",general,
"Holey? You have the the whole world of ear-related humor before you, you go for holey?","J.K. Rowling,",general,
"One cannot think well, love well, sleep well, if one has not dined well.","Virginia Woolf,",general,
Top 15 Things Money Can’t BuyTime. Happiness. Inner Peace. Integrity. Love. Character. Manners. Health. Respect. Morals. Trust. Patience. Class. Common sense. Dignity.,"Roy T. Bennett,",general,
"That was the thing. You never got used to it, the idea of someone being gone. Just when you think it's reconciled, accepted, someone points it out to you, and it just hits you all over again, that shocking.","Sarah Dessen,",general,
"If you gave someone your heart and they died, did they take it with them? Did you spend the rest of forever with a hole inside you that couldn't be filled?","Jodi Picoult,",general,
We have to continually be jumping off cliffs and developing our wings on the way down.,"Kurt Vonnegut,",general,
"You don’t know what goes on in anyone’s life but your own. And when you mess with one part of a person’s life, you’re not messing with just that part. Unfortunately, you can’t be that precise and selective. When you mess with one part of a person’s life, you’re messing with their entire life. Everything. . . affects everything.","Jay Asher,",general,
"The Road goes ever on and onDown from the door where it began.Now far ahead the Road has gone,And I must follow, if I can,Pursuing it with eager feet,Until it joins some larger wayWhere many paths and errands meet.And whither then? I cannot say","J.R.R. Tolkien,",general,
"If you are allergic to a thing, it is best not to put that thing in your mouth, particularly if the thing is cats.","Lemony Snicket,",general,
"When someone is crying, of course, the noble thing to do is to comfort them. But if someone is trying to hide their tears, it may also be noble to pretend you do not notice them.","Lemony Snicket,",general,
Don't take life too seriously. Punch it in the face when it needs a good hit. Laugh at it.,"Colleen Hoover,",general,
"Someone I loved once gave me a box full of darkness. It took me years to understand that this too, was a gift.",Mary Oliver,general,
"Reality is that which, when you stop believing in it, doesn't go away.","Philip K. Dick,",general,
"When we are tired, we are attacked by ideas we conquered long ago.",Friedrich Nietzsche,general,
"One love, one heart, one destiny.",Robert Marley,general,
"Stories may well be lies, but they are good lies that say true things, and which can sometimes pay the rent.",Neil Gaiman,general,
The measure of intelligence is the ability to change.,Albert Einstein,general,
"One ought, every day at least, to hear a little song, read a good poem, see a fine picture, and, if it were possible, to speak a few reasonable words.","Johann Wolfgang von Goethe,",general,
"I'm a grenade and at some point I'm going to blow up and I would like to minimize the casualties, okay?","John Green,",general,
Have enough courage to trust love one more time and always one more time.,Maya Angelou,general,
"If you have two friends in your lifetime, you're lucky. If you have one good friend, you're more than lucky.",S.E. Hinton,general,
Usually I'm remarkably good natured. Try me on a day that doesn't end in y.,Cassandra Clare,general,
"I'm quite illiterate, but I read a lot.","J.D. Salinger,",general,
"When someone leaves, it's because someone else is about to arrive.","Paulo Coelho,",general,
"When a man is denied the right to live the life he believes in, he has no choice but to become an outlaw.",Nelson Mandela,general,
I will not let anyone walk through my mind with their dirty feet.,Mahatma Gandhi,general,
"Don't be satisfied with stories, how things have gone with others. Unfold your own myth.","Rumi,",general,
"If you are irritated by every rub, how will your mirror be polished?",Rumi,general,
I'm so glad I live in a world where there are Octobers.,"L. M. Montgomery,",general,
"There was a clatter as the basilisk fangs cascaded out of Hermione's arms. Running at Ron, she flung them around his neck and kissed him full on the mouth. Ron threw away the fangs and broomstick he was holding and responded with such enthusiasm that he lifted Hermione off her feet. ""Is this the moment?"" Harry asked weakly, and when nothing happened except that Ron and Hermione gripped each other still more firmly and swayed on the spot, he raised his voice. ""OI! There's a war going on here!"" Ron and Hermione broke apart, their arms still around each other. ""I know, mate,"" said Ron, who looked as though he had recently been hit on the back of the head with a Bludger, ""so it's now or never, isn't it?"" ""Never mind that, what about the Horcrux?"" Harry shouted. ""D'you think you could just --- just hold it in, until we've got the diadem?"" ""Yeah --- right --- sorry ---"" said Ron, and he and Hermione set about gathering up fangs, both pink in the face.","J.K. Rowling,",general,
Any fool can be happy. It takes a man with real heart to make beauty out of the stuff that makes us weep.,"Clive Barker,",general,
"If I should ever die, God forbid, let this be my epitaph:THE ONLY PROOF HE NEEDEDFOR THE EXISTENCE OF GODWAS MUSIC",kurt vonnegut,general,
"People, I have discovered, are layers and layers of secrets. You believe you know them, that you understand them, but their motives are always hidden from you, buried in their own hearts. You will never know them, but sometimes you decide to trust them.","Veronica Roth,",general,
"The greater the love, the greater the tragedy when it's over.","Nicholas Sparks,",general,
I wantTo do with you what spring does with the cherry trees.,"Pablo Neruda,",general,
"Every generation imagines itself to be more intelligent than the one that went before it, and wiser than the one that comes after it.",George Orwell,general,
"When we are no longer able to change a situation, we are challenged to change ourselves.","Viktor E. Frankl,",general,
Time is a drug. Too much of it kills you.,"Terry Pratchett,",general,
"Acts of Kindness:A random act of kindness, no matter how small, can make a tremendous impact on someone else's life.","Roy T. Bennett,",general,
"The thing about growing up with Fred and George,"" said Ginny thoughtfully, ""is that you sort of start thinking anything's possible if you've got enough nerve.","J. K. Rowling,",general,
In ancient times cats were worshipped as gods; they have not forgotten this.,Terry Pratchett,general,
"In the midst of winter, I found there was, within me, an invincible summer.And that makes me happy. For it says that no matter how hard the world pushes against me, within me, there’s something stronger – something better, pushing right back.",Albert Camus,general,
"I do things like get in a taxi and say, ""The library, and step on it.","David Foster Wallace,",general,
Life shrinks or expands in proportion to one's courage.,Anais Nin,general,
"It is true that those we meet can change us, sometimes so profoundly that we are not the same afterwards, even unto our names.","Yann Martel,",general,
"I wanted to tell the book thief many things, about beauty and brutality. But what could I tell her about those things that she didn't already know? I wanted to explain that I am constantly overestimating and underestimating the human race-that rarely do I ever simply estimate it. I wanted to ask her how the same thing could be so ugly and so glorious, and its words and stories so damning and brilliant.","Markus Zusak,",general,
As if you were on fire from within.The moon lives in the lining of your skin.,Pablo Neruda,general,
"After silence, that which comes nearest to expressing the inexpressible is music.","Aldous Huxley,",general,
The first draft of anything is shit.,Ernest Hemingway,general,
"But I don't want comfort. I want God, I want poetry, I want real danger, I want freedom, I want goodness. I want sin.","Aldous Huxley,",general,
"Both Rowling and Meyer, they’re speaking directly to young people. … The real difference is that Jo Rowling is a terrific writer and Stephenie Meyer can’t write worth a darn. She’s not very good.",Stephen King,general,
For last year's words belong to last year's language And next year's words await another voice.,"T.S. Eliot,",general,
"When I was a boy of 14, my father was so ignorant I could hardly stand to have the old man around. But when I got to be 21, I was astonished at how much the old man had learned in seven years.",Mark Twain,general,
"No, I'm just a very naughty boy. I do all sorts of bad things. I kick kittens. I make rude gestures at nuns.","Cassandra Clare,",general,
How did it get so late so soon?,Dr. Seuss,general,
"He does something to me, that boy. Every time. It’s his only detriment. He steps on my heart. He makes me cry.","Markus Zusak,",general,
أحيانًا يساعدنا الآخرون بأن يكونوا فى حياتنا فحسب,أحمد خالد توفيق,general,
I shut my eyes and all the world drops dead; I lift my eyes and all is born again.,"Sylvia Plath,",general,
You speak an infinite deal of nothing.,"William Shakespeare,",general,
Do your thing and don't care if they like it.,"Tina Fey,",general,
It is a great thing to start life with a small number of really good books which are your very own.,Arthur Conan Doyle,general,
"What makes the desert beautiful,' said the little prince, 'is that somewhere it hides a well...","Antoine de Saint-Exupéry,",general,
You know what charm is: a way of getting the answer yes without having asked any clear question.,"Albert Camus,",general,
I would like to be the air that inhabits you for a moment only. I would like to be that unnoticed and that necessary.,Margaret Atwood,general,
The world was hers for the reading.,"Betty Smith,",general,
"I am an excitable person who only understands life lyrically, musically, in whom feelings are much stronger as reason. I am so thirsty for the marvelous that only the marvelous has power over me. Anything I can not transform into something marvelous, I let go. Reality doesn't impress me. I only believe in intoxication, in ecstasy, and when ordinary life shackles me, I escape, one way or another. No more walls.",Anais Nin,general,
"To me, Fearless is not the absense of fear. It's not being completely unafraid. To me, Fearless is having fears. Fearless is having doubts. Lots of them. To me, Fearless is living in spite of those things that scare you to death.",Taylor Swift,general,
"Understanding is the first step to acceptance, and only with acceptance can there be recovery.","J.K. Rowling,",general,
"The world breaks everyone, and afterward, many are strong at the broken places.",Ernest Hemingway,general,
"How wrong is it for a woman to expect the man to build the world she wants, rather than to create it herself?",Anais Nin,general,
"They say when you are missing someone that they are probably feeling the same, but I don't think it's possible for you to miss me as much as I'm missing you right now",Edna St. Vincent Millay,general,
All you have to do is write one true sentence. Write the truest sentence that you know.,Ernest Hemingway,general,
"The purpose of life is not to be happy. It is to be useful, to be honorable, to be compassionate, to have it make some difference that you have lived and lived well.",Ralph Waldo Emerson,general,
"It's not the face, but the expressions on it. It's not the voice, but what you say. It's not how you look in that body, but the thing you do with it. You are beautiful.","Stephenie Meyer,",general,
"Don't feel bad, I'm usually about to die.","Rick Riordan,",general,
An expert is a person who has made all the mistakes that can be made in a very narrow field.,Niels Bohr,general,
Imagine smiling after a slap in the face. Then think of doing it twenty-four hours a day.,"Markus Zusak,",general,
"Isn't it odd how much fatter a book gets when you've read it several times?"" Mo had said...""As if something were left between the pages every time you read it. Feelings, thoughts, sounds, smells...and then, when you look at the book again many years later, you find yourself there, too, a slightly younger self, slightly different, as if the book had preserved you like a pressed flower...both strange and familiar.","Cornelia Funke,",general,
You is kind. You is smart. You is important.,"Kathryn Stockett,",general,
"Goodbye,"" said the fox. ""And now here is my secret, a very simple secret: It is only with the heart that one can see rightly; what is essential is invisible to the eye.",Antoine de Saint-Exupéry,general,
There are years that ask questions and years that answer.,"Zora Neale Hurston,",general,
"These violent delights have violent endsAnd in their triumph die, like fire and powder,Which as they kiss consume. The sweetest honeyIs loathsome in his own deliciousnessAnd in the taste confounds the appetite.Therefore love moderately; long love doth so;Too swift arrives as tardy as too slow.","William Shakespeare,",general,
Life appears to me too short to be spent in nursing animosity or registering wrongs.,"Charlotte Bronte,",general,
"I was thinking about the first time I ever saw you,"" he said, ""and how after that I couldn't forget you. I wanted to, but I couldn't stop myself. I forced Hodge to let me be the one who came to find you and bring you back to the Institue. And even back then, in that stupid coffee shop, when I saw you sitting on that couch with Simon, even then that felt wrong to me-- I should have been the one sitting with you. The one who made you laugh like that. I couldn't get rid of that feeling. That it should have been me. And the more I knew you, the more I felt it--it had never been like that for me before. I'd always wanted a girl and then gotten to know her and not wanted her anymore, but with you the feeling just got stronger and stronger until that night when you showed up at Renwick's and I knew.","Cassandra Clare,",general,
"Letting go means to come to the realization that some people are a part of your history, but not a part of your destiny.",Steve Maraboli,general,
"I never change, I simply become more myself.","Joyce Carol Oates,",general,
Atticus told me to delete the adjectives and I'd have the facts.,"Harper Lee,",general,
There is not always a good guy. Nor is there always a bad one. Most people are somewhere in between.,"Patrick Ness,",general,
I dream. Sometimes I think that's the only right thing to do.,"Haruki Murakami,",general,
"We waste time looking for the perfect lover, instead of creating the perfect love.",Tom Robbins,general,
"It's not because I want to make out with her.""Hold on."" He grabbed a pencil and scrawled excitedly at the paper as if he'd just made a mathematical breakthrough and then looked back up at me. ""I just did some calculations, and I've been able to determine that you're full of shit","John Green,",general,
It is not that I'm so smart. But I stay with the questions much longer.,Albert Einstein,general,
We should consider every day lost on which we have not danced at least once.,Friedrich Wilhelm Nietzsche,general,
"If you ever find yourself in the wrong story, leave.","Mo Willems,",general,
"It doesn't interest me what you do for a living. I want to know what you ache for, and if you dare to dream of meeting your heart's longing.It doesn't interest me how old you are. I want to know if you will risk looking like a fool for love, for your dream, for the adventure of being alive. It doesn't interest me what planets are squaring your moon. I want to know if you have touched the center of your own sorrow, if you have been opened by life's betrayals or have become shriveled and closed from fear of further pain!I want to know if you can sit with pain, mine or your own, without moving to hide it or fade it, or fix it. I want to know if you can be with joy, mine or your own, if you can dance with wildness and let the ecstasy fill you to the tips of your fingers and toes without cautioning us to be careful, to be realistic, to remember the limitations of being human. It doesn't interest me if the story you are telling me is true. I want to know if you can disappoint another to be true to yourself; if you can bear the accusation of betrayal and not betray your own soul; if you can be faithlessand therefore trustworthy. I want to know if you can see beauty even when it's not pretty, every day,and if you can source your own life from its presence. I want to know if you can live with failure, yours and mine, and still stand on the edge of the lake and shout to the silver of the full moon, “Yes!",Oriah Mountain Dreamer,general,
"Today a reader, tomorrow a leader.",Margaret Fuller,general,
Literature is the most agreeable way of ignoring life.,"Fernando Pessoa,",general,
"We all bear scars,... Mine just happen to be more visible than most.","Sarah J. Maas,",general,
The bravest people are the ones who don’t mind looking like cowards.,"T.H. White,",general,
If you do not tell the truth about yourself you cannot tell it about other people.,Virginia Woolf,general,
People demand freedom of speech as a compensation for the freedom of thought which they seldom use.,Søren Kierkegaard,general,
"Happiness is the consequence of personal effort. You fight for it, strive for it, insist upon it, and sometimes even travel around the world looking for it. You have to participate relentlessly in the manifestations of your own blessings. And once you have achieved a state of happiness, you must never become lax about maintaining it. You must make a mighty effort to keep swimming upward into that happiness forever, to stay afloat on top of it.","Elizabeth Gilbert,",general,
"A cynic is a man who knows the price of everything, and the value of nothing.",Oscar Wilde,general,
"You might be poor, your shoes might be broken, but your mind is a palace.","Frank McCourt,",general,
Many a book is like a key to unknown chambers within the castle of one’s own self.,Franz Kafka,general,
All great and precious things are lonely.,"John Steinbeck,",general,
"It happens to everyone as they grow up. You find out who you are and what you want, and then you realize that people you've known forever don't see things the way you do. So you keep the wonderful memories, but find yourself moving on.",Nicholas Sparks,general,
Never be afraid to trust an unknown future to a known God.,Corrie ten Boom,general,
"Tonight I can write the saddest linesI loved her, and sometimes she loved me too.","Pablo Neruda,",general,
"Suffering has been stronger than all other teaching, and has taught me to understand what your heart used to be. I have been bent and broken, but - I hope - into a better shape.","Charles Dickens,",general,
"Is standing by the window muttering about blood something he does all the time?"" asked Simon.""No,"" Jace said. ""Sometimes he sits on the couch and does it.","Cassandra Clare,",general,
Perhaps it's impossible to wear an identity without becoming what you pretend to be.,"Orson Scott Card,",general,
"Words are easy, like the wind; faithful friends are hard to find.","William Shakespeare,",general,
"Live in the sunshine, swim the sea, drink the wild air.",Ralph Waldo Emerson,general,
"The beginning of love is the will to let those we love be perfectly themselves, the resolution not to twist them to fit our own image. If in loving them we do not love what they are, but only their potential likeness to ourselves, then we do not love them: we only love the reflection of ourselves we find in them","Thomas Merton,",general,
"At some point, you just pull off the Band-Aid, and it hurts, but then it's over and you're relieved.","John Green,",general,
"Jesper knocked his head against the hull and cast his eyes heavenward. “Fine. But if Pekka Rollins kills us all, I’m going to get Wylan’s ghost to teach my ghost how to play the flute just so that I can annoy the hell out of your ghost.","Leigh Bardugo,",general,
Gravitation is not responsible for people falling in love.,Albert Einstein,general,
You don't remember what happened. What you remember becomes what happened.,"John Green,",general,
"Sometimes it seems safer to hold it all in, where the only person who can judge is yourself.",Sarah Dessen,general,
It's been my experience that you can nearly always enjoy things if you make up your mind firmly that you will.,"Lucy Maud Montgomery,",general,
"Isabelle drifted over, Jace a pace behind her. She was wearing a long black dress with boots and an even longer cutaway coat of soft green velvet, the color of moss. ""I can't believe you did it!"" she exclaimed. ""How did you get Magnus to let Jace leave?""""Traded him for Alec,"" Clary said.Isabelle looked mildly alarmed. ""Not permanently?""""No,"" said Jace. ""Just for a few hours. Unless I don't come back,"" he added thoughtfully. ""In which case, maybe he does get to keep Alec. Think of it as a lease with an option to buy.""Isabelle looked dubious. ""Mom and Dad won't be pleased if they find out.""""That you freed a possible criminal by trading away your brother to a warlock who looks like a gay Sonic the Hedgehog and dresses like the Child Catcher from Chitty Chitty Bang Bang?"" Simon inquired. ""No, probably not.","Cassandra Clare,",general,
"Despite my ghoulish reputation, I really have the heart of a small boy. I keep it in a jar on my desk.",Robert Bloch,general,
All we demanded was our right to twinkle.,Marilyn Monroe,general,
"Don't be afraid of death; be afraid of an unlived life. You don't have to live forever, you just have to live.","Natalie Babbitt,",general,
I cannot believe in a God who wants to be praised all the time.,Friedrich Nietzsche,general,
"If a book about failures doesn't sell, is it a success?",Jerry Seinfeld,general,
Wherever you go becomes a part of you somehow.,Anita Desai,general,
Never lose hope. Storms make people stronger and never last forever.,"Roy T. Bennett,",general,
"Great things happen to those who don't stop believing, trying, learning, and being grateful.","Roy T. Bennett,",general,
"You need to learn how to select your thoughts just the same way you select your clothes every day. This is a power you can cultivate. If you want to control things in your life so bad, work on the mind. That's the only thing you should be trying to control.","Elizabeth Gilbert,",general,
"The very least you can do in your life is figure out what you hope for. And the most you can do is live inside that hope. Not admire it from a distance but live right in it, under its roof.","Barbara Kingsolver,",general,
I'm sure the universe is full of intelligent life. It's just been too intelligent to come here.,Arthur C. Clarke,general,
"Maybe you can afford to wait. Maybe for you there's a tomorrow. Maybe for you there's one thousand tomorrows, or three thousand, or ten, so much time you can bathe in it, roll around it, let it slide like coins through you fingers. So much time you can waste it.But for some of us there's only today. And the truth is, you never really know.","Lauren Oliver,",general,
"You here to finish me off, Sweetheart?","Suzanne Collins,",general,
Don't waste your time with explanations: people only hear what they want to hear.,Paulo Coelho,general,
"There are three types of lies -- lies, damn lies, and statistics.",Benjamin Disraeli,general,
"Don't part with your illusions. When they are gone you may still exist, but you have ceased to live.",Mark Twain,general,
"Grover was sniffing the wind, looking nervous. He fished out his acorns and threw them into the sand, then played his pipes. They rearranged themselves in a pattern that made no sense to me, but Grover looked concerned. ""That's us,"" he said. ""Those five nuts right there."" ""Which one is me?"" I asked. ""The little deformed one,"" Zoe suggested. ""Oh, shut up.","Rick Riordan,",general,
"Someday, somewhere - anywhere, unfailingly, you'll find yourself, and that, and only that, can be the happiest or bitterest hour of your life.",Pablo Neruda,general,
"I wasn't actually in love, but I felt a sort of tender curiosity.","F. Scott Fitzgerald,",general,
Don't feel sorry for yourself. Only assholes do that.,"Haruki Murakami,",general,
It is forbidden to kill; therefore all murderers are punished unless they kill in large numbers and to the sound of trumpets.,Voltaire,general,
‎Though nobody can go back and make a new beginning... Anyone can start over and make a new ending.,Chico Xavier,general,
"He smiled understandingly-much more than understandingly. It was one of those rare smiles with a quality of eternal reassurance in it, that you may come across four or five times in life. It faced--or seemed to face--the whole eternal world for an instant, and then concentrated on you with an irresistible prejudice in your favor. It understood you just as far as you wanted to be understood, believed in you as you would like to believe in yourself, and assured you that it had precisely the impression of you that, at your best, you hoped to convey.","F. Scott Fitzgerald,",general,
Time is an illusion. Lunchtime doubly so.,"Douglas Adams,",general,
"Fall down again, Bella?'No, Emmett, I punched a werewolf in the face.","Stephenie Meyer,",general,
"Whatever the cost of our libraries, the price is cheap compared to that of an ignorant nation.",Walter Cronkite,general,
"Don't you think it's better to be extremely happy for a short while, even if you lose it, than to be just okay for your whole life?","Audrey Niffenegger,",general,
"Sometimes, you read a book and it fills you with this weird evangelical zeal, and you become convinced that the shattered world will never be put back together unless and until all living humans read the book. And then there are books like An Imperial Affliction, which you can't tell people about, books so special and rare and yours that advertising your affection feels like betrayal","John Green,",general,
"I crave your mouth, your voice, your hair.Silent and starving, I prowl through the streets. Bread does not nourish me, dawn disrupts me, all day I hunt for the liquid measure of your steps. I hunger for your sleek laugh, your hands the color of a savage harvest, hunger for the pale stones of your fingernails, I want to eat your skin like a whole almond. I want to eat the sunbeam flaring in your lovely body, the sovereign nose of your arrogant face, I want to eat the fleeting shade of your lashes, and I pace around hungry, sniffing the twilight, hunting for you, for your hot heart, Like a puma in the barrens of Quitratue.",Pablo Neruda,general,
"Oh well... I'd just been thinking, if you had died, you'd have been welcome to share my toilet.","J.K. Rowling,",general,
You never know what worse luck your bad luck has saved you from.,"Cormac McCarthy,",general,
"You know, when it works, love is pretty amazing. It's not overrated. There's a reason for all those songs.","Sarah Dessen,",general,
The past has no power over the present moment.,Eckhart Tolle,general,
"Don't stop there. I suppose there are also, what, vampires and werewolves and zombies?""""Of course there are. Although you mostly find zombies farther south, where the voudun priests are.""""What about mummies? Do they only hang around Egypt?""""Don't be ridiculous. No one believes in mummies.","Cassandra Clare,",general,
"You will do foolish things, but do them with enthusiasm.",Colette,general,
"Words are pale shadows of forgotten names. As names have power, words have power. Words can light fires in the minds of men. Words can wring tears from the hardest hearts.","Patrick Rothfuss,",general,
Look after my heart - I've left it with you.,"Stephenie Meyer,",general,
"You see things; you say, 'Why?' But I dream things that never were; and I say 'Why not?","George Bernard Shaw,",general,
"He stepped down, trying not to look long at her, as if she were the sun, yet he saw her, like the sun, even without looking.","Leo Tolstoy,",general,
"When I discover who I am, I’ll be free.","Ralph Ellison,",general,
Growing apart doesn't change the fact that for a long time we grew side by side; our roots will always be tangled. I'm glad for that.,"Ally Condie,",general,
"You will lose someone you can’t live without,and your heart will be badly broken, and the bad news is that you never completely get over the loss of your beloved. But this is also the good news. They live forever in your broken heart that doesn’t seal back up. And you come through. It’s like having a broken leg that never heals perfectly—that still hurts when the weather gets cold, but you learn to dance with the limp.",Anne Lamott,general,
"It’s probably not just by chance that I’m alone. It would be very hard for a man to live with me, unless he’s terribly strong. And if he’s stronger than I, I’m the one who can’t live with him. … I’m neither smart nor stupid, but I don’t think I’m a run-of-the-mill person. I’ve been in business without being a businesswoman, I’ve loved without being a woman made only for love. The two men I’ve loved, I think, will remember me, on earth or in heaven, because men always remember a woman who caused them concern and uneasiness. I’ve done my best, in regard to people and to life, without precepts, but with a taste for justice.",Coco Chanel,general,
Say 'provoking' again. Your mouth looks provocative when you do.,"Becca Fitzpatrick,",general,
We are just an advanced breed of monkeys on a minor planet of a very average star. But we can understand the Universe. That makes us something very special.,Stephen Hawking,general,
The happiness of your life depends upon the quality of your thoughts.,"Marcus Aurelius,",general,
I woke up thinking a very pleasant thought. There is lots left in the world to read.,"Nicholson Baker,",general,
Do not fear failure but rather fear not trying.,"Roy T. Bennett,",general,
"People say that life is the thing, but I prefer reading.",Logan Pearsall Smith,general,
Everyone you will ever meet knows something you don't.,Bill Nye,general,
"Knock, And He'll open the doorVanish, And He'll make you shine like the sunFall, And He'll raise you to the heavensBecome nothing, And He'll turn you into everything.",Jalal Ad-Din Rumi,general,
"If you want to be a writer, you must do two things above all others: read a lot and write a lot.",Stephen King,general,
"Hello babies. Welcome to Earth. It's hot in the summer and cold in the winter. It's round and wet and crowded. On the outside, babies, you've got a hundred years here. There's only one rule that I know of, babies-""God damn it, you've got to be kind.",Kurt Vonnegut,general,
"Travel is fatal to prejudice, bigotry, and narrow-mindedness, and many of our people need it sorely on these accounts. Broad, wholesome, charitable views of men and things cannot be acquired by vegetating in one little corner of the earth all one's lifetime.","Mark Twain,",general,
"Success is getting what you want, happiness is wanting what you get",W.P. Kinsella,general,
You cannot pick and choose what parts of her to love.,"Sarah J. Maas,",general,
"Is 'fat' really the worst thing a human being can be? Is 'fat' worse than 'vindictive', 'jealous', 'shallow', 'vain', 'boring' or 'cruel'? Not to me.",J.K. Rowling,general,
To say goodbye is to die a little.,"Raymond Chandler,",general,
What you do speaks so loudly that I cannot hear what you say.,Ralph Waldo Emerson,general,
What and how much had I lost by trying to do only what was expected of me instead of what I myself had wished to do?,"Ralph Ellison,",general,
I love you like a fat kid loves cake!,Scott Adams,general,
"Live in the present, remember the past, and fear not the future, for it doesn't exist and never shall. There is only now.","Christopher Paolini,",general,
"I can shake off everything as I write; my sorrows disappear, my courage is reborn.",Anne Frank,general,
"It was not the feeling of completeness I so needed, but the feeling of not being empty.","Jonathan Safran Foer,",general,
"And when her lips met mine, I knew that I could live to be a hundred and visit every country in the world, but nothing would ever compare to that single moment when I first kissed the girl of my dreams and knew that my love would last forever.","Nicholas Sparks,",general,
"The best moments in reading are when you come across something – a thought, a feeling, a way of looking at things – which you had thought special and particular to you. Now here it is, set down by someone else, a person you have never met, someone even who is long dead. And it is as if a hand has come out and taken yours.","Alan Bennett,",general,
"Maybe...you'll fall in love with me all over again.""""Hell,"" I said, ""I love you enough now. What do you want to do? Ruin me?""""Yes. I want to ruin you.""""Good,"" I said. ""That's what I want too.","Ernest Hemingway,",general,
"If you want to tell people the truth, make them laugh, otherwise they'll kill you.",George Bernard Shaw,general,
The reasonable man adapts himself to the world: the unreasonable one persists in trying to adapt the world to himself. Therefore all progress depends on the unreasonable man.,"George Bernard Shaw,",general,
"Welcome to the wonderful world of jealousy, he thought. For the price of admission, you get a splitting headache, a nearly irresistable urge to commit murder, and an inferiority complex. Yippee.","J.R. Ward,",general,
That it will never come again is what makes life so sweet.,Emily Dickinson,general,
"I nodded, looking at Rachel with respect. ""You hit the Lord of the Titans in the eye with a blue plastic hairbrush.",Rick Riordan,general,
"You must make a decision that you are going to move on. It wont happen automatically. You will have to rise up and say, ‘I don’t care how hard this is, I don’t care how disappointed I am, I’m not going to let this get the best of me. I’m moving on with my life.","Joel Osteen,",general,
Education is the ability to listen to almost anything without losing your temper or your self-confidence.,Robert Frost,general,
Happiness [is] only real when shared,"Jon Krakauer,",general,
"I think we ought to read only the kind of books that wound or stab us. If the book we're reading doesn't wake us up with a blow to the head, what are we reading for? So that it will make us happy, as you write? Good Lord, we would be happy precisely if we had no books, and the kind of books that make us happy are the kind we could write ourselves if we had to. But we need books that affect us like a disaster, that grieve us deeply, like the death of someone we loved more than ourselves, like being banished into forests far from everyone, like a suicide. A book must be the axe for the frozen sea within us. That is my belief.",Franz Kafka,general,
You can't measure the mutual affection of two human beings by the number of words they exchange.,Milan Kundera,general,
"Have you ever noticed that anybody driving slower than you is an idiot, and anyone going faster than you is a maniac?",George Carlin,general,
"How do you spell 'love'?"" - Piglet""You don't spell it...you feel it."" - Pooh",A.A. Milne,general,
"Love is an untamed force. When we try to control it, it destroys us. When we try to imprison it, it enslaves us. When we try to understand it, it leaves us feeling lost and confused.",Paulo Coelho,general,
Let us learn to show our friendship for a man when he is alive and not after he is dead.,"F. Scott Fitzgerald,",general,
"If we wait for the moment when everything, absolutely everything is ready, we shall never begin.",Ivan Turgenev,general,
"If you treat an individual as he is, he will remain how he is. But if you treat him as if he were what he ought to be and could be, he will become what he ought to be and could be.",Johann Wolfgang von Goethe,general,
"Though she be but little, she is fierce!","William Shakespeare,",general,
"Yeah, Quirrell was a great teacher. There was just that minor drawback of him having Lord Voldemort sticking out of the back of his head!","J.K. Rowling,",general,
"And when at last you find someone to whom you feel you can pour out your soul, you stop in shock at the words you utter— they are so rusty, so ugly, so meaningless and feeble from being kept in the small cramped dark inside you so long.","Sylvia Plath,",general,
Reading furnishes the mind only with materials of knowledge; it is thinking that makes what we read ours.,John Locke,general,
"When it is dark enough, you can see the stars.",Ralph Waldo Emerson,general,
Take pride in your pain; you are stronger than those who have none,"Lois Lowry,",general,
We must be willing to let go of the life we planned so as to have the life that is waiting for us.,Joseph Campbell,general,
"Never say 'no' to adventures. Always say 'yes,' otherwise you'll lead a very dull life.",Ian Fleming,general,
"you can, you should, and if you’re brave enough to start, you will.","Stephen King,",general,
"You think your pain and your heartbreak are unprecedented in the history of the world, but then you read.",James Baldwin,general,
"‎Life is a shipwreck, but we must not forget to sing in the lifeboats.",Voltaire,general,
I cannot teach anybody anything. I can only make them think,Socrates,general,
"So it's you and a syringe against the Capitol? See, this is why no one lets you make the plans.","Suzanne Collins,",general,
"Money can't buy happiness, but it can make you awfully comfortable while you're being miserable.",Clare Boothe Luce,general,
"What if it lines up like it did in the Trojan War ... Athena versus Poseidon?""""I don't know. But I just know that I'll be fighting next to you.""""Why?""""Because you're my friend, Seaweed Brain. Any more stupid questions?","Rick Riordan,",general,
Youth is happy because it has the capacity to see beauty. Anyone who keeps the ability to see beauty never grows old.,Franz Kafka,general,
What is that you express in your eyes? It seems to me more than all the print I have read in my life.,Walt Whitman,general,
"So you're always honest,"" I said.""Aren't you?""""No,"" I told him. ""I'm not.""""Well, that's good to know, I guess.""""I'm not saying I'm a liar,"" I told him. He raised his eyebrows. ""That's not how I meant it, anyways.""""How'd you mean it, then?""""I just...I don't always say what I feel.""""Why not?""""Because the truth sometimes hurts,"" I said.""Yeah,"" he said. ""So do lies, though.","Sarah Dessen,",general,
"There are three rules for writing a novel. Unfortunately, no one knows what they are.",W. Somerset Maugham,general,
"They’re not hideous,","Cassandra Clare,",general,
"The meek may inherit the earth, but at the moment it belongs to the conceited. Like me.","Cassandra Clare,",general,
"To be, or not to be: that is the question:Whether 'tis nobler in the mind to sufferThe slings and arrows of outrageous fortune,Or to take arms against a sea of troubles,And by opposing end them? To die: to sleep;No more; and by a sleep to say we endThe heart-ache and the thousand natural shocksThat flesh is heir to, 'tis a consummationDevoutly to be wish'd. To die, to sleep;To sleep: perchance to dream: ay, there's the rub;For in that sleep of death what dreams may comeWhen we have shuffled off this mortal coil,Must give us pause: there's the respectThat makes calamity of so long life;For who would bear the whips and scorns of time,The oppressor's wrong, the proud man's contumely,The pangs of despised love, the law's delay,The insolence of office and the spurnsThat patient merit of the unworthy takes,When he himself might his quietus makeWith a bare bodkin? who would fardels bear,To grunt and sweat under a weary life,But that the dread of something after death,The undiscover'd country from whose bournNo traveller returns, puzzles the willAnd makes us rather bear those ills we haveThan fly to others that we know not of?Thus conscience does make cowards of us all;And thus the native hue of resolutionIs sicklied o'er with the pale cast of thought,And enterprises of great pith and momentWith this regard their currents turn awry,And lose the name of action.--Soft you now!The fair Ophelia! Nymph, in thy orisonsBe all my sins remember'd!","William Shakespeare,",general,
Every great love starts with a great story...,"Nicholas Sparks,",general,
"Clary, Despite everything, I can't bear the thought of this ring being lost forever, any more then I can bear the thought of leaving you forever. And though I have no choice about the one, at least I can choose about the other. I'm leaving you our family ring because you have as much right to it as I do.I'm writing this watching the sun come up. You're asleep, dreams moving behind your restless eyelids. I wish I knew what you were thinking. I wish I could slip into your head and see the world the way you do. I wish I could see myself the way you do. But maybe I dont want to see that. Maybe it would make me feel even more than I already do that I'm perpetuating some kind of Great Lie on you, and I couldn't stand that. I belong to you. You could do anything you wanted with me and I would let you. You could ask anything of me and I'd break myself trying to make you happy. My heart tells me this is the best and greatest feeling I have ever had. But my mind knows the difference between wanting what you can't have and wanting what you shouldn't want. And I shouldn't want you.All night I've watched you sleeping, watched the moonlight come and go, casting its shadows across your face in black and white. I've never seen anything more beautiful. I think of the life we could have had if things were different, a life where this night is not a singular event, separate from everything else that's real, but every night. But things aren't different, and I can't look at you without feeling like I've tricked you into loving me.The truth no one is willing to say out loud is that no one has a shot against Valentine but me. I can get close to him like no one else can. I can pretend I want to join him and he'll believe me, up until that last moment where I end it all, one way or another. I have something of Sebastian's; I can track him to where my father's hiding, and that's what I'm going to do. So I lied to you last night. I said I just wanted one night with you. But I want every night with you. And that's why I have to slip out of your window now, like a coward. Because if I had to tell you this to your face, I couldn't make myself go. I don't blame you if you hate me, I wish you would. As long as I can still dream, I will dream of you. _Jace","Cassandra Clare,",general,
Life is a series of natural and spontaneous changes. Don't resist them; that only creates sorrow. Let reality be reality. Let things flow naturally forward in whatever way they like.,Lao Tzu,general,
"I could not tell you if I loved you the first moment I saw you, or if it was the second or third or fourth. But I remember the first moment I looked at you walking toward me and realized that somehow the rest of the world seemed to vanish when I was with you.","Cassandra Clare,",general,
"Cowards die many times before their deaths; The valiant never taste of death but once. Of all the wonders that I yet have heard, It seems to me most strange that men should fear; Seeing that death, a necessary end, Will come when it will come.","William Shakespeare,",general,
There is no exquisite beauty… without some strangeness in the proportion.,Edgar Allan Poe,general,
Every man I meet wants to protect me. I can't figure out what from.,Mae West,general,
"A ship is safe in harbor, but that's not what ships are for.",John A. Shedd,general,
"Life, he realize, was much like a song. In the beginning there is mystery, in the end there is confirmation, but it's in the middle where all the emotion resides to make the whole thing worthwhile.","Nicholas Sparks,",general,
So many things are possible just as long as you don't know they're impossible.,"Norton Juster,",general,
The only way to get through life is to laugh your way through it. You either have to laugh or cry. I prefer to laugh. Crying gives me a headache.,Marjorie Pay Hinckley,general,
"Love is a temporary madness, it erupts like volcanoes and then subsides. And when it subsides, you have to make a decision. You have to work out whether your roots have so entwined together that it is inconceivable that you should ever part. Because this is what love is. Love is not breathlessness, it is not excitement, it is not the promulgation of promises of eternal passion, it is not the desire to mate every second minute of the day, it is not lying awake at night imagining that he is kissing every cranny of your body. No, don't blush, I am telling you some truths. That is just being ""in love"", which any fool can do. Love itself is what is left over when being in love has burned away, and this is both an art and a fortunate accident.","Shawn Slovo,",general,
"Books should go where they will be most appreciated, and not sit unread, gathering dust on a forgotten shelf, don't you agree?",Christopher Paolini,general,
"And I thought about how many people have loved those songs. And how many people got through a lot of bad times because of those songs. And how many people enjoyed good times with those songs. And how much those songs really mean. I think it would be great to have written one of those songs. I bet if I wrote one of them, I would be very proud. I hope the people who wrote those songs are happy. I hope they feel it's enough. I really do because they've made me happy. And I'm only one person.","Stephen Chbosky,",general,
"All women become like their mothers. That is their tragedy. No man does, and that is his.","Oscar Wilde,",general,
"Appear weak when you are strong, and strong when you are weak.","Sun Tzu,",general,
"Behind every exquisite thing that existed, there was something tragic.","Oscar Wilde,",general,
"Crying is all right in its way while it lasts. But you have to stop sooner or later, and then you still have to decide what to do.","C.S. Lewis,",general,
"If I got rid of my demons, I’d lose my angels.","Tennessee Williams,",general,
"Anyone whose goal is 'something higher' must expect someday to suffer vertigo. What is vertigo? Fear of falling? No, Vertigo is something other than fear of falling. It is the voice of the emptiness below us which tempts and lures us, it is the desire to fall, against which, terrified, we defend ourselves.","Milan Kundera,",general,
"If you ask me what I came to do in this world, I, an artist, will answer you: I am here to live out loud.",Émile Zola,general,
No woman really wants a man to carry her off; she only wants him to want to do it.,Elizabeth Peters,general,
I'm not young enough to know everything.,"J.M. Barrie,",general,
"You couldn't relive your life, skipping the awful parts, without losing what made it worthwhile. You had to accept it as a whole--like the world, or the person you loved.","Stewart O'Nan,",general,
"She read books as one would breathe air, to fill up and live.","Annie Dillard,",general,
I realize now that dying is easy. Living is hard.,"Gayle Forman,",general,
Failure is the condiment that gives success its flavor.,Truman Capote,general,
If you are a dreamer come inIf you are a dreamer a wisher a liarA hoper a pray-er a magic-bean-buyerIf youre a pretender com sit by my fireFor we have some flax golden tales to spinCome in! Come in!,Shel Silverstein,general,
"Always find opportunities to make someone smile, and to offer random acts of kindness in everyday life.","Roy T. Bennett,",general,
"In politics, If you want anything said, ask a man. If you want anything done, ask a woman.",Margaret Thatcher,general,
The only way to get rid of temptation is to yield to it.,"Oscar Wilde,",general,
"Everybody talks about wanting to change things and help and fix, but ultimately all you can do is fix yourself. And that's a lot. Because if you can fix yourself, it has a ripple effect.",Rob Reiner,general,
I knew when I met you an adventure was going to happen.,A.A. Milne,general,
Be clearly aware of the stars and infinity on high. Then life seems almost enchanted after all.,Vincent Van Gogh,general,
Rivers know this: there is no hurry. We shall get there some day.,"A.A. Milne,",general,
"All your life, you will be faced with a choice. You can choose love or hate…I choose love.",Johnny Cash,general,
"The real story of the Fleece: there were these two children of Zeus, Cadmus and Europa, okay? They were about to get offered up as human sacrifices, when they prayed to Zeus to save them. So Zeus sent this magical flying ram with golden wool, which picked them up in Greece and carried them all the way to Colchis in Asia Minor. Well, actually it carried Cadmus. Europa fell off and died along the way, but that's not important.""""It was probably important to her.","Rick Riordan,",general,
"Everyone is a moon, and has a dark side which he never shows to anybody.",Mark Twain,general,
"It's just that most really good-looking people are stupid, so I exceed expectations.''Right, it's primarily his hotness,' I said.'It can be sort of blinding,' he said.'It actually did blind our friend Isaac,' I said.'Terrible tragedy, that. But can I help my own deadly beauty?''You cannot.''It is my burden, this beautiful face.''Not to mention your body.''Seriously, don't even get me started on my hot bod. You don't want to see me naked, Dave. Seeing me naked actually took Hazel Grace's breath away,' he said, nodding toward the oxygen tank.","John Green,",general,
"Perhaps the greatest faculty our minds possess is the ability to cope with pain. Classic thinking teaches us of the four doors of the mind, which everyone moves through according to their need.First is the door of sleep. Sleep offers us a retreat from the world and all its pain. Sleep marks passing time, giving us distance from the things that have hurt us. When a person is wounded they will often fall unconscious. Similarly, someone who hears traumatic news will often swoon or faint. This is the mind's way of protecting itself from pain by stepping through the first door.Second is the door of forgetting. Some wounds are too deep to heal, or too deep to heal quickly. In addition, many memories are simply painful, and there is no healing to be done. The saying 'time heals all wounds' is false. Time heals most wounds. The rest are hidden behind this door.Third is the door of madness. There are times when the mind is dealt such a blow it hides itself in insanity. While this may not seem beneficial, it is. There are times when reality is nothing but pain, and to escape that pain the mind must leave reality behind. Last is the door of death. The final resort. Nothing can hurt us after we are dead, or so we have been told.","Patrick Rothfuss,",general,
And then he gives me a smile that just seems so genuinely sweet with just the right touch of shyness that unexpected warmth rushes through me.,"Suzanne Collins,",general,
It's funny how humans can wrap their mind around things and fit them into their version of reality.,"Rick Riordan,",general,
Men are afraid that women will laugh at them. Women are afraid that men will kill them.,Margaret Atwood,general,
"You wanna fly, you got to give up the shit that weighs you down.","Toni Morrison,",general,
"When I am with you, we stay up all night.When you're not here, I can't go to sleep.Praise God for those two insomnias!And the difference between them.",Rumi,general,
"Time is Too Slow for those who Wait, Too Swift for those who Fear, Too Long for those who Grieve, Too Short for those who Rejoice; But for those who Love, Time is not.","Henry van Dyke,",general,
Biology gives you a brain. Life turns it into a mind.,"Jeffrey Eugenides,",general,
"I fell in love with you, smartass, because you were one of us—because you weren’t afraid of me, and you decided to end your spectacular victory by throwing that piece of bone at Amarantha like a javelin. I felt Cassian’s spirit beside me in that moment, and could have sworn I heard him say, ‘If you don’t marry her, you stupid prick, I will.","Sarah J. Maas,",general,
You can cut all the flowers but you cannot keep Spring from coming.,Pablo Neruda,general,
"If you don't like someone's story, write your own.",Chinua Achebe,general,
"Do I contradict myself?Very well then I contradict myself,(I am large, I contain multitudes.)","Walt Whitman,",general,
"The best thing for being sad,"" replied Merlin, beginning to puff and blow, ""is to learn something. That's the only thing that never fails. You may grow old and trembling in your anatomies, you may lie awake at night listening to the disorder of your veins, you may miss your only love, you may see the world about you devastated by evil lunatics, or know your honour trampled in the sewers of baser minds. There is only one thing for it then — to learn. Learn why the world wags and what wags it. That is the only thing which the mind can never exhaust, never alienate, never be tortured by, never fear or distrust, and never dream of regretting. Learning is the only thing for you. Look what a lot of things there are to learn.","T.H. White,",general,
Have no fear of perfection - you'll never reach it.,Salvador Dali,general,
"Some lose all mind and become soul,insane.some lose all soul and become mind, intellectual.some lose both and become accepted",Charles Bukowski,general,
"Everything we hear is an opinion, not a fact. Everything we see is a perspective, not the truth.","Marcus Aurelius ,",general,
"She says nothing at all, but simply stares upward into the dark sky and watches, with sad eyes, the slow dance of the infinite stars.","Neil Gaiman,",general,
I regret that it takes a life to learn how to live.,"Jonathan Safran Foer,",general,
"When people don't express themselves, they die one piece at a time.","Laurie Halse Anderson,",general,
"Before you, Bella, my life was like a moonless night. Very dark, but there were stars, points of light and reason. ...And then you shot across my sky like a meteor. Suddenly everything was on fire; there was brilliancy, there was beauty. When you were gone, when the meteor had fallen over the horizon, everything went black. Nothing had changed, but my eyes were blinded by the light. I couldn’t see the stars anymore. And there was no more reason, for anything.","Stephenie Meyer,",general,
"Sometimes,' said Pooh, 'the smallest things take up the most room in your heart.",A.A. Milne,general,
"Any fool knows men and women think differently at times, but the biggest difference is this. Men forget, but never forgive; women forgive, but never forget.",Robert Jordan,general,
"Why were you lurking under our window?""""Yes - yes, good point, Petunia! What were you doing under our windows, boy?""""Listening to the news,"" said Harry in a resigned voice.His aunt and uncle exchanged looks of outrage.""Listening to the news! Again?""""Well, it changes every day, you see,"" said Harry.","J.K. Rowling,",general,
It's a lot easier to be lost than found. It's the reason we're always searching and rarely discovered--so many locks not enough keys.,"Sarah Dessen,",general,
"If you don't know, the thing to do is not to get scared, but to learn.","Ayn Rand,",general,
Tears shed for another person are not a sign of weakness. They are a sign of a pure heart.,"José N. Harris,",general,
A good traveler has no fixed plans and is not intent on arriving.,Lao Tzu,general,
"I came from a real tough neighborhood. Once a guy pulled a knife on me. I knew he wasn't a professional, the knife had butter on it.",Rodney Dangerfield,general,
There is no mistaking a real book when one meets it. It is like falling in love.,"Christopher Morley,",general,
A book is really like a lover. It arranges itself in your life in a way that is beautiful.,Maurice Sendak,general,
"America will never be destroyed from the outside. If we falter and lose our freedoms, it will be because we destroyed ourselves.",Abraham Lincoln,general,
I realize only one person will be damaged beyond repair if Peeta dies. Me.,"Suzanne Collins,",general,
"One can never have enough socks,"" said Dumbledore. ""Another Christmas has come and gone and I didn't get a single pair. People will insist on giving me books.","J.K. Rowling,",general,
I am too fond of reading books to care to write them.,"Oscar Wilde,",general,
"When he died, all things soft and beautiful and bright would be buried with him.","Madeline Miller,",general,
A common mistake that people make when trying to design something completely foolproof is to underestimate the ingenuity of complete fools.,"Douglas Adams,",general,
A single dream is more powerful than a thousand realities.,"Nathaniel Hawthorne,",general,
"In life, unlike chess, the game continues after checkmate.",Isaac Asimov,general,
"I am trying here to prevent anyone saying the really foolish thing that people often say about Him: I’m ready to accept Jesus as a great moral teacher, but I don’t accept his claim to be God. That is the one thing we must not say. A man who was merely a man and said the sort of things Jesus said would not be a great moral teacher. He would either be a lunatic — on the level with the man who says he is a poached egg — or else he would be the Devil of Hell. You must make your choice. Either this man was, and is, the Son of God, or else a madman or something worse. You can shut him up for a fool, you can spit at him and kill him as a demon or you can fall at his feet and call him Lord and God, but let us not come with any patronizing nonsense about his being a great human teacher. He has not left that open to us. He did not intend to.","C.S. Lewis,",general,
"Raise your words, not voice. It is rain that grows flowers, not thunder.",Rumi,general,
Letting go doesn't mean that you don't care about someone anymore. It's just realizing that the only person you really have control over is yourself.,"Deborah Reber,",general,
"Some people say, “Never let them see you cry.","Tina Fey,",general,
"That's why they call it the American Dream, because you have to be asleep to believe it.",George Carlin,general,
"Every one of us is, in the cosmic perspective, precious. If a human disagrees with you, let him live. In a hundred billion galaxies, you will not find another.","Carl Sagan,",general,
All the secrets of the world are contained in books. Read at your own risk.,Lemony Snicket,general,
"I stood still, vision blurring, and in that moment, I heard my heart break. It was a small, clean sound, like the snapping of a flower's stem.","Diana Gabaldon,",general,
"I've found that there is always some beauty left -- in nature, sunshine, freedom, in yourself; these can all help you.","Anne Frank,",general,
"I have absolutely no pleasure in the stimulants in which I sometimes so madly indulge. It has not been in the pursuit of pleasure that I have periled life and reputation and reason. It has been the desperate attempt to escape from torturing memories, from a sense of insupportable loneliness and a dread of some strange impending doom.",Edgar Allan Poe,general,
"Children must be taught how to think, not what to think.",Margaret Mead,general,
I've got nothing to do today but smile.,Simon and Garfunkel,general,
Clothes make the man. Naked people have little or no influence on society.,Mark Twain,general,
Books say: She did this because. Life says: She did this. Books are where things are explained to you; life is where things aren't. I'm not surprised some people prefer books.,"Julian Barnes,",general,
It's often just enough to be with someone. I don't need to touch them. Not even talk. A feeling passes between you both. You're not alone.,Marilyn Monroe,general,
A truth that's told with bad intentBeats all the lies you can invent.,"William Blake,",general,
"Was it hard?"" I ask.Letting go?""Not as hard as holding on to something that wasn't real.",Lisa Schroeder,general,
The pessimist complains about the wind; the optimist expects it to change; the realist adjusts the sails.,William Arthur Ward,general,
The most common way people give up their power is by thinking they don't have any.,Alice Walker,general,
"A DEFINITION NOT FOUNDIN THE DICTIONARYNot leaving: an act of trust and love,often deciphered by children","Markus Zusak,",general,
"There are so many fragile things, after all. People break so easily, and so do dreams and hearts.","Neil Gaiman,",general,
"The unreal is more powerful than the real. Because nothing is as perfect as you can imagine it. Because its only intangible ideas, concepts, beliefs, fantasies that last. Stone crumbles. Wood rots. People, well, they die. But things as fragile as a thought, a dream, a legend, they can go on and on. If you can change the way people think. The way they see themselves. The way they see the world. You can change the way people live their lives. That's the only lasting thing you can create.","Chuck Palahniuk,",general,
"Sometimes when I look at you, I feel I'm gazing at a distant star. It's dazzling, but the light is from tens of thousands of years ago.Maybe the star doesn't even exist any more. Yet sometimes that light seems more real to me than anything.","Haruki Murakami,",general,
Everything that irritates us about others can lead us to an understanding of ourselves.,Carl Gustav Jung,general,
"We are cups, constantly and quietly being filled. The trick is, knowing how to tip ourselves over and let the beautiful stuff out.",Ray Bradbury,general,
"It's like Tolstoy said. Happiness is an allegory, unhappiness a story.","Haruki Murakami,",general,
Success is stumbling from failure to failure with no loss of enthusiasm.,Winston S. Churchill,general,
"I loved you like a man loves a woman he never touches, only writes to, keeps little photographs of.","Charles Bukowski,",general,
Out of suffering have emerged the strongest souls; the most massive characters are seared with scars.,Kahlil Gibran,general,
A writer is someone for whom writing is more difficult than it is for other people.,"Thomas Mann,",general,
I am made of memories.,"Madeline Miller,",general,
"You won’t understand what I mean now, but someday you will: the only trick of friendship, I think, is to find people who are better than you are—not smarter, not cooler, but kinder, and more generous, and more forgiving—and then to appreciate them for what they can teach you, and to try to listen to them when they tell you something about yourself, no matter how bad—or good—it might be, and to trust them, which is the hardest thing of all. But the best, as well.","Hanya Yanagihara,",general,
"Stay gold, Ponyboy. Stay gold . . .","S.E. Hinton,",general,
I cannot sleep unless I am surrounded by books.,Jorge Luis Borges,general,
"Ah! There is nothing like staying at home, for real comfort.",Jane Austen,general,
Dogs never bite me. Just humans.,Marilyn Monroe,general,
Remember to always be yourself. Unless you suck.,Joss Whedon,general,
"There is only one thing in the world worse than being talked about, and that is not being talked about.","Oscar Wilde,",general,
The snake which cannot cast its skin has to die. As well the minds which are prevented from changing their opinions; they cease to be mind.,Friedrich Nietzsche,general,
I think there's just one kind of folks. Folks.,"Harper Lee,",general,
"A purpose of human life, no matter who is controlling it, is to love whoever is around to be loved.","Kurt Vonnegut,",general,
"I'm tough, I'm ambitious, and I know exactly what I want. If that makes me a bitch, okay.",Madonna,general,
"Is it so bad, then, to be misunderstood? Pythagoras was misunderstood, and Socrates, and Jesus, and Luther, and Copernicus, and Galileo, and Newton, and every pure and wise spirit that ever took flesh. To be great is to be misunderstood.","Ralph Waldo Emerson,",general,
"أتمنى أن أبكي و أرتجف , التصق بواحد من الكبار , لكن الحقيقة القاسية هي أنك الكبار! .. أنت من يجب أن يمنح القوة و الأمن للآخرين!",أحمد خالد توفيق,general,
"Stuff your eyes with wonder, he said, live as if you'd drop dead in ten seconds. See the world. It's more fantastic than any dream made or paid for in factories.","Ray Bradbury,",general,
I am selfish. I am brave.,"Veronica Roth,",general,
"Anyway, I keep picturing all these little kids playing some game in this big field of rye and all. Thousands of little kids, and nobody's around - nobody big, I mean - except me. And I'm standing on the edge of some crazy cliff. What I have to do, I have to catch everybody if they start to go over the cliff - I mean if they're running and they don't look where they're going I have to come out from somewhere and catch them. That's all I do all day. I'd just be the catcher in the rye and all. I know it's crazy, but that's the only thing I'd really like to be.",J.D. Salinger,general,
"You endure what is unbearable, and you bear it. That is all.","Cassandra Clare,",general,
The capacity for friendship is God's way of apologizing for our families.,"Jay McInerney,",general,
"It was, he thought, the difference between being dragged into the arena to face a battle to the death and walking into the arena with your head held high. Some people, perhaps, would say that there was little to choose between the two ways, but Dumbledore knew - and so do I, thought Harry, with a rush of fierce pride, and so did my parents - that there was all the difference in the world.","J.K. Rowling,",general,
"But who can say what's best? That's why you need to grab whatever chance you have of happiness where you find it, and not worry about other people too much. My experience tells me that we get no more than two or three such chances in a life time, and if we let them go, we regret it for the rest of our lives.","Haruki Murakami,",general,
"You will find that it is necessary to let things go; simply for the reason that they are heavy. So let them go, let go of them. I tie no weights to my ankles.",C. JoyBell C.,general,
The clearest way into the Universe is through a forest wilderness.,John Muir,general,
"Sometimes when I'm talking, my words can't keep up with my thoughts. I wonder why we think faster than we speak. Probably so we can think twice.",Bill Watterson,general,
You can't depend on your eyes when your imagination is out of focus.,"Mark Twain,",general,
It is my belief... that the truth is generally preferable to lies.,"J.K. Rowling,",general,
"There is a sacredness in tears....They are the messengers of overwhelming grief, of deep contrition and of unspeakable love.",Washington Irving,general,
Real loneliness is not necessarily limited to when you are alone.,Charles Bukowski,general,
If you pick up a starving dog and make him prosperous he will not bite you. This is the principal difference between a dog and man.,Mark Twain,general,
"We do not grow absolutely, chronologically. We grow sometimes in one dimension, and not in another; unevenly. We grow partially. We are relative. We are mature in one realm, childish in another. The past, present, and future mingle and pull us backward, forward, or fix us in the present. We are made up of layers, cells, constellations.",Anais Nin,general,
Don't feel bad for one moment about doing what brings you joy.,"Sarah J. Maas,",general,
"Much of my life had been devoted to trying not to cry in front of people who loved me, so I knew what Augustus was doing. You clench your teeth. You look up. You tell yourself that if they see you cry, it will hurt them, and you will be nothing but a Sadness in their lives, and you must not become a mere sadness, so you will not cry, and you say all of this to yourself while looking up at the ceiling, and then you swallow even though your throat does not want to close and you look at the person who loves you and smile.","John Green,",general,
"I'm not going to wear a red dress,"" she said.""It would look stunning, My Lady,"" she called.She spoke to the bubbles gathered on the surface of the water. ""If there's anyone I wish to stun at dinner, I'll hit him in the face.","Kristin Cashore,",general,
Better to be strong than pretty and useless.,"Lilith Saintcrow,",general,
Maybe everyone can live beyond what they're capable of.,"Markus Zusak,",general,
Yesterday is gone. Tomorrow has not yet come. We have only today. Let us begin.,Mother Theresa,general,
"From the moment I picked up your book until I put it down, I was convulsed with laughter. Some day I intend reading it.",Groucho Marx,general,
"Don't Gain The World & Lose Your Soul, Wisdom Is Better Than Silver Or Gold.",Bob Marley,general,
People can lose their lives in libraries. They ought to be warned.,Saul Bellow,general,
"When everyone knows you’re a monster, you needn’t waste time doing every monstrous thing.","Leigh Bardugo,",general,
Would it save you a lot of time if I just gave up and went mad now?,"Douglas Adams,",general,
The one thing we can never get enough of is love. And the one thing we never give enough of is love.,Henry Miller,general,
"A learning experience is one of those things that says, 'You know that thing you just did? Don't do that.","Douglas Adams,",general,
You only get one life. It's actually your duty to live it as fully as possible.,"Jojo Moyes,",general,
We both have war inside us. Sometimes it keeps us alive. Sometimes it threatens to destroy us.,"Veronica Roth,",general,
Do you want to know who you are? Don't ask. Act! Action will delineate and define you.,Thomas Jefferson,general,
Science and religion are not at odds. Science is simply too young to understand.,"Dan Brown,",general,
"Knowledge speaks, but wisdom listens",Jimi Hendrix,general,
"Yes, I was infatuated with you: I am still. No one has ever heightened such a keen capacity of physical sensation in me. I cut you out because I couldn't stand being a passing fancy. Before I give my body, I must give my thoughts, my mind, my dreams. And you weren't having any of those.","Sylvia Plath,",general,
It's amazing how a little tomorrow can make up for a whole lot of yesterday.,"John Guare,",general,
"Still round the corner there may wait A new road or a secret gateAnd though I oft have passed them by A day will come at last when IShall take the hidden paths that run West of the Moon, East of the Sun.",J.R.R. Tolkien,general,
"I've been homesick for countries I've never been, and longed to be where I couldn't be.",John Cheever,general,
Respect was invented to cover the empty place where love should be.,"Leo Tolstoy,",general,
"I am not afraid of storms, for I am learning how to sail my ship.","Louisa May Alcott,",general,
You realize that our mistrust of the future makes it hard to give up the past.,"Chuck Palahniuk,",general,
"The only way that we can live, is if we grow. The only way that we can grow is if we change. The only way that we can change is if we learn. The only way we can learn is if we are exposed. And the only way that we can become exposed is if we throw ourselves out into the open. Do it. Throw yourself.",C. JoyBell C.,general,
"I believe a strong woman may be stronger than a man, particularly if she happens to have love in her heart. I guess a loving woman is indestructible.","John Steinbeck,",general,
"I am looking for friends. What does that mean -- tame?""""It is an act too often neglected,"" said the fox. ""It means to establish ties."" ""To establish ties?"" ""Just that,"" said the fox. ""To me, you are still nothing more than a little boy who is just like a hundred thousand other little boys. And I have no need of you. And you, on your part, have no need of me. To you I am nothing more than a fox like a hundred thousand other foxes. But if you tame me, then we shall need each other. To me, you will be unique in all the world. To you, I shall be unique in all the world....","Antoine de Saint-Exupéry,",general,
"She seems so cool, so focused, so quiet, yet her eyes remain fixed upon the horizon. You think you know all there is to know about her immediately upon meeting her, but everything you think you know is wrong. Passion flows through her like a river of blood. She only looked away for a moment, and the mask slipped, and you fell. All your tomorrows start here.","Neil Gaiman,",general,
Great minds are always feared by lesser minds.,"Dan Brown,",general,
"Let's think the unthinkable, let's do the undoable. Let us prepare to grapple with the ineffable itself, and see if we may not eff it after all.","Douglas Adams,",general,
Love the life you live.Live the life you love.,Bob Marley,general,
"And he took her in his arms and kissed her under the sunlit sky, and he cared not that they stood high upon the walls in the sight of many.",J.R.R. Tolkien,general,
"Even if you are on the right track, you’ll get run over if you just sit there.",Will Rogers,general,
"If you hate a person, you hate something in him that is part of yourself. What isn't part of ourselves doesn't disturb us.","Hermann Hesse,",general,
"She was the heir of ash and fire, and she would bow to no one.","Sarah J. Maas,",general,
"Our story has three parts: a beginning, a middle, and an end. And although this is the way all stories unfold, I still can't believe that ours didn't go on forever.","Nicholas Sparks,",general,
"Of all the trees we could've hit, we had to get one that hits back.","J.K. Rowling,",general,
There is no such thing as bad people. We’re all just people who sometimes do bad things.,"Colleen Hoover,",general,
"being alone never felt right. sometimes it felt good, but it never felt right.","Charles Bukowski,",general,
It's discouraging to think how many people are shocked by honesty and how few by deceit.,"Noël Coward,",general,
"Three may keep a secret, if two of them are dead.","Benjamin Franklin,",general,
"You gave me a forever within the numbered days, and I'm grateful.","John Green,",general,
"Cruelty does not make a person dishonest, the same way bravery does not make a person kind.","Veronica Roth,",general,
I'm oxygen and he's dying to breathe.,"Tahereh Mafi,",general,
"Anyone who falls in love is searching for the missing pieces of themselves. So anyone who's in love gets sad when they think of their lover. It's like stepping back inside a room you have fond memories of, one you haven't seen in a long time.","Murakami, Haruki",general,
"I have come to accept the feeling of not knowing where I am going. And I have trained myself to love it. Because it is only when we are suspended in mid-air with no landing in sight, that we force our wings to unravel and alas begin our flight. And as we fly, we still may not know where we are going to. But the miracle is in the unfolding of the wings. You may not know where you're going, but you know that so long as you spread your wings, the winds will carry you.",C. JoyBell C.,general,
"If neurotic is wanting two mutually exclusive things at one and the same time, then I'm neurotic as hell. I'll be flying back and forth between one mutually exclusive thing and another for the rest of my days.","Sylvia Plath,",general,
"This is what you shall do; Love the earth and sun and the animals, despise riches, give alms to every one that asks, stand up for the stupid and crazy, devote your income and labor to others, hate tyrants, argue not concerning God, have patience and indulgence toward the people, take off your hat to nothing known or unknown or to any man or number of men, go freely with powerful uneducated persons and with the young and with the mothers of families, read these leaves in the open air every season of every year of your life, re-examine all you have been told at school or church or in any book, dismiss whatever insults your own soul, and your very flesh shall be a great poem and have the richest fluency not only in its words but in the silent lines of its lips and face and between the lashes of your eyes and in every motion and joint of your body.",Walt Whitman,general,
"let me live, love, and say it well in good sentences","Sylvia Plath,",general,
"Beauty is only skin deep, but ugly goes clean to the bone.",Dorothy Parker,general,
Music expresses that which cannot be said and on which it is impossible to be silent.,"Victor Hugo,",general,
"I meant,"" said Ipslore bitterly, ""what is there in this world that truly makes living worthwhile?""Death thought about it.CATS, he said eventually. CATS ARE NICE.","Terry Pratchett,",general,
Kindred spirits are not so scarce as I used to think. It's splendid to find out there are so many of them in the world.,"L.M. Montgomery,",general,
Art and love are the same thing: It’s the process of seeing yourself in things that are not you.,"Chuck Klosterman,",general,
My Best Friend is a person who will give me a book I have not read.,Abraham Lincoln,general,
"The best portion of a good man's life: his little, nameless unremembered acts of kindness and love.","William Wordsworth,",general,
I like good strong words that mean something…,"Louisa May Alcott,",general,
"Don't tell me,"" Jace said, ""Simon's turned himself into an ocelot and you want me to do something about it before Isabelle makes him into a stole. Well, you'll have have to wait till tomorrow. I'm out of commission."" He pointed at himself - he was wearing blue pajamas with a hole in the sleeve. ""Look. Jammies.""""Jace,"" Clary said, ""this is important.""""Don't tell me,"" he said. ""You've got a drawing emergency. You need a nude model. Well, I'm not in the mood. You could always ask Hodge,"" he said as an afterthought. ""I hear he'll do anything for a -""""JACE!"" she interrupted him, her voice rising to a scream. ""JUST SHUT UP FOR A SECOND AND LISTEN, WILL YOU?","Cassandra Clare,",general,
"If I had a world of my own, everything would be nonsense. Nothing would be what it is, because everything would be what it isn't. And contrary wise, what is, it wouldn't be. And what it wouldn't be, it would. You see?","Lewis Carroll,",general,
A woman without a man is like a fish without a bicycle.,Irina Dunn,general,
Sometimes it's a form of love just to talk to somebody that you have nothing in common with and still be fascinated by their presence.,David Byrne,general,
Winter is coming.,"George R.R. Martin,",general,
Maybe there is a beast… maybe it's only us.,"William Golding,",general,
"Fools talk, cowards are silent, wise men listen.","Carlos Ruiz Zafon,",general,
"Every now and then I like to do as I'm told, just to confuse people.","Tamora Pierce,",general,
Wisdom comes from experience. Experience is often a result of lack of wisdom.,Terry Pratchett,general,
Lighthouses don’t go running all over an island looking for boats to save; they just stand there shining.,Anne Lamott,general,
"If you don't read the newspaper, you're uninformed. If you read the newspaper, you're mis-informed.",Mark Twain,general,
"I was wise enough never to grow up, while fooling people into believing I had.",Margaret Mead,general,
Isn't it enough to see that a garden is beautiful without having to believe that there are fairies at the bottom of it too?,"Douglas Adams,",general,
Don't be so humble - you are not that great.,Golda Meir,general,
It is easier to forgive an enemy than to forgive a friend.,William Blake,general,
"It's possible to go on, no matter how impossible it seems, and that in time, the grief . . . lessens. It may not go away completely, but after a while it's not so overwhelming.","Nicholas Sparks,",general,
There are books of which the backs and covers are by far the best parts.,"Charles Dickens,",general,
People who deny the existence of dragons are often eaten by dragons. From within.,"Ursula K. Le Guin,",general,
"I had already found that it was not good to be alone, and so made companionship with what there was around me, sometimes with the universe and sometimes with my own insignificant self; but my books were always my friends, let fail all else.","Joshua Slocum,",general,
"The creatures outside looked from pig to man, and from man to pig, and from pig to man again; but already it was impossible to say which was which.","George Orwell,",general,
I am constantly torn between killing myself and killing everyone around me.,"David Levithan,",general,
My imagination functions much better when I don't have to speak to people.,Patricia Highsmith,general,
It is thanks to my evening reading alone that I am still more or less sane.,"W.G. Sebald,",general,
Make your own Bible. Select and collect all the words and sentences that in all your readings have been to you like the blast of a trumpet.,Ralph Waldo Emerson,general,
I knew the second I met youthat there was something about you I needed. Turns out it wasn’t something about you at all. It was just you.,"Jamie McGuire,",general,
A good book is an event in my life.,"Stendhal,",general,
"What you do makes a difference, and you have to decide what kind of difference you want to make.",Jane Goodall,general,
May the forces of evil become confused on the way to your house.,George Carlin,general,
The worst part of success is trying to find someone who is happy for you.,Bette Midler,general,
Books are easily destroyed. But words will live as long as people can remember them.,"Tahereh Mafi,",general,
"Yes, frosting. The final defense of the dying.","Suzanne Collins,",general,
"Peeta, you said at the interview you’d had a crush on me forever. When did forever start?Oh, let’s see. I guess the first day of school. We were five. You had on a red plaid dress and your hair...it was in two braids instead of one. My father pointed you out when we were waiting to line up.""Your father? Why?""He said, ‘See that little girl? I wanted to marry her mother, but she ran off with a coal miner.'""What? You’re making that up!""No, true story. And I said, 'A coal miner? Why did she want a coal miner if she could’ve had you?' And he said, 'Because when he sings...even the birds stop to listen.","Suzanne Collins,",general,
Never give up... No one knows what's going to happen next.,L. Frank Baum,general,
There ain't no sin and there ain't no virtue. There's just stuff people do.,"John Steinbeck,",general,
!لك شيء في هذا العالم.. فقم,غسان كنفاني,general,
To love oneself is the beginning of a lifelong romance.,"Oscar Wilde,",general,
"Believe nothing you hear, and only one half that you see.",Edgar Allan Poe,general,
"People have forgotten this truth,"" the fox said. ""But you mustn’t forget it. You become responsible forever for what you’ve tamed. You’re responsible for your rose.","Antoine de Saint-Exupéry,",general,
Today was good. Today was fun. Tomorrow is another one.,Dr. Seuss,general,
"And I asked myself about the present: how wide it was, how deep it was, how much was mine to keep.","Kurt Vonnegut,",general,
"He was going to live forever, or die in the attempt.","Joseph Heller,",general,
Only those who will risk going too far can possibly find out how far one can go.,T.S. Eliot,general,
Trying to define yourself is like trying to bite your own teeth.,Alan Watts,general,
It does not matter how slowly you go as long as you do not stop.,Confucius,general,
"One day you will kiss a man you can't breathe without, and find that breath is of little consequence.","Karen Marie Moning,",general,
I desire the things which will destroy me in the end.,"Sylvia Plath,",general,
"Once you had put the pieces back together, even though you may look intact, you were never quite the same as you'd been before the fall.",Jodi Picoult,general,
"The world is full of magic things, patiently waiting for our senses to grow sharper.",W.B. Yeats,general,
"I'm not sentimental--I'm as romantic as you are. The idea, you know,is that the sentimental person thinks things will last--the romanticperson has a desperate confidence that they won't.","F. Scott Fitzgerald,",general,
"People worry about kids playing with guns, and teenagers watching violent videos; we are scared that some sort of culture of violence will take them over. Nobody worries about kids listening to thousands - literally thousands - of songs about broken hearts and rejection and pain and misery and loss.","Nick Hornby,",general,
"Pain insists upon being attended to. God whispers to us in our pleasures, speaks in our consciences, but shouts in our pains. It is his megaphone to rouse a deaf world.",C.S. Lewis,general,
"When you spend so long trapped in darkness, Lucien, you find that the darkness begins to stare back.","Sarah J. Maas,",general,
"The world is a dangerous place to live, not because of the people who are evil, but because of the people who don't do anything about it.",Albert Einstein,general,
"Happiness can be found, even in the darkest of times, if one only remembers to turn on the light.","J.K. Rowling,",general,
"Promise me you'll never forget me because if I thought you would, I'd never leave.",A.A. Milne,general,
"Tess, Tess, Tessa. Was there ever a more beautiful sound than your name? To speak it aloud makes my heart ring like a bell. Strange to imagine that, isn’t it – a heart ringing – but when you touch me that is what it is like: as if my heart is ringing in my chest and the sound shivers down my veins and splinters my bones with joy.Why have I written these words in this book? Because of you. You taught me to love this book where I had scorned it. When I read it for the second time, with an open mind and heart, I felt the most complete despair and envy of Sydney Carton. Yes, Sydney, for even if he had no hope that the woman he loved would love him, at least he could tell her of his love. At least he could do something to prove his passion, even if that thing was to die.I would have chosen death for a chance to tell you the truth, Tessa, if I could have been assured that death would be my own. And that is why I envied Sydney, for he was free.And now at last I am free, and I can finally tell you, without fear of danger to you, all that I feel in my heart.You are not the last dream of my soul.You are the first dream, the only dream I ever was unable to stop myself from dreaming. You are the first dream of my soul, and from that dream I hope will come all other dreams, a lifetime’s worth.With hope at least,Will Herondale","Cassandra Clare,",general,
A dream you dream alone is only a dream. A dream you dream together is reality.,John Lennon,general,
There are good days and hard days for me—even now. Don’t let the hard days win.,"Sarah J. Maas,",general,
If I'd observed all the rules I'd never have got anywhere.,Marilyn Monroe,general,
"If things start happening, don't worry, don't stew, just go right along and you'll start happening too.",Dr. Seuss,general,
"Light thinks it travels faster than anything but it is wrong. No matter how fast light travels, it finds the darkness has always got there first, and is waiting for it.","Terry Pratchett,",general,
"My tongue will tell the anger of my heart, or else my heart concealing it will break.","William Shakespeare,",general,
"In the beginning there was nothing, which exploded.","Terry Pratchett,",general,
Never underestimate the power of stupid people in large groups.,George Carlin,general,
"Who in the world am I? Ah, that's the great puzzle.","Lewis Carroll ,",general,
"He was my mum and dad's best friend. He's a convicted murderer, but he's broken out of wizard prison and he's on the run. He likes to keep in touch with me, though...keep up with my news...check if I'm happy...","J.K. Rowling,",general,
Only the dead have seen the end of war.,Plato,general,
"Your beliefs become your thoughts, Your thoughts become your words, Your words become your actions, Your actions become your habits, Your habits become your values, Your values become your destiny.",Gandhi,general,
Creativity is intelligence having fun.,Albert Einstein,general,
It is absurd to divide people into good and bad. People are either charming or tedious.,"Oscar Wilde,",general,
We can know only that we know nothing. And that is the highest degree of human wisdom.,"Leo Tolstoy,",general,
"Do not go gentle into that good night.Rage, rage against the dying of the light.","Dylan Thomas,",general,
Even strength must bow to wisdom sometimes.,"Rick Riordan,",general,
"Did you know that for pretty much the entire history of the human species, the average life span was less than thirty years? You could count on ten years or so of real adulthood, right? There was no planning for retirement, There was no planning for a career. There was no planning. No time for plannning. No time for a future. But then the life spans started getting longer, and people started having more and more future. And now life has become the future. Every moment of your life is lived for the future--you go to high school so you can go to college so you can get a good job so you can get a nice house so you can afford to send your kids to college so they can get a good job so they can get a nice house so they can afford to send their kids to college.","John Green,",general,
Most books on witchcraft will tell you that witches work naked. This is because most books on witchcraft were written by men.,Neil Gaiman,general,
"She leaned down and looked at his lifeless face and Leisel kissed her best friend, Rudy Steiner, soft and true on his lips. He tasted dusty and sweet. He tasted like regret in the shadows of trees and in the glow of the anarchist's suit collection. She kissed him long and soft, and when she pulled herself away, she touched his mouth with her fingers...She did not say goodbye. She was incapable, and after a few more minutes at his side, she was able to tear herself from the ground. It amazes me what humans can do, even when streams are flowing down their faces and they stagger on...","Markus Zusak,",general,
"The moon is a loyal companion.It never leaves. It’s always there, watching, steadfast, knowing us in our light and dark moments, changing forever just as we do. Every day it’s a different version of itself. Sometimes weak and wan, sometimes strong and full of light. The moon understands what it means to be human.Uncertain. Alone. Cratered by imperfections.","Tahereh Mafi,",general,
"What are all these?"" Clary asked.""Vials of holy water, blessed knives, steel and silver blades,"" Jace said, piling the weapons on the floor beside him, ""electrum wire - not much use at the moment but it's always good to have spares - silver bullets, charms of protetion, crucifixes, stars of David-""""Jesus,"" said Clary""I doubt he'd fit.""""Jace."" Clary was appalled.","Cassandra Clare,",general,
"I say let the world go to hell, but I should always have my tea.","Fyodor Dostoevsky,",general,
"My soul is from elsewhere, I'm sure of that, and I intend to end up there.",Mawlana Jalal-al-Din Rumi,general,
"No matter what he does, every person on earth plays a central role in the history of the world. And normally he doesn't know it.","Paulo Coelho,",general,
"You yourself, as much as anybody in the entire universe, deserve your love and affection.",Sharon Salzberg,general,
"For what it’s worth: it’s never too late or, in my case, too early to be whoever you want to be. There’s no time limit, stop whenever you want. You can change or stay the same, there are no rules to this thing. We can make the best or the worst of it. I hope you make the best of it. And I hope you see things that startle you. I hope you feel things you never felt before. I hope you meet people with a different point of view. I hope you live a life you’re proud of. If you find that you’re not, I hope you have the courage to start all over again.","Eric Roth,",general,
"Do not fall in love with people like me. I will take you to museums, and parks, and monuments, and kiss you in every beautiful place, so that you can never go back to them without tasting me like blood in your mouth.I will destroy you in the most beautiful way possible. And when I leave you will finally understand, why storms are named after people.","Caitlyn Siehl,",general,
"Everyone must leave something behind when he dies, my grandfather said. A child or a book or a painting or a house or a wall built or a pair of shoes made. Or a garden planted. Something your hand touched some way so your soul has somewhere to go when you die, and when people look at that tree or that flower you planted, you're there. It doesn't matter what you do, he said, so long as you change something from the way it was before you touched it into something that's like you after you take your hands away. The difference between the man who just cuts lawns and a real gardener is in the touching, he said. The lawn-cutter might just as well not have been there at all; the gardener will be there a lifetime.","Ray Bradbury,",general,
People shouldn't be afraid of their government. Governments should be afraid of their people.,"Alan Moore,",general,
Children begin by loving their parents; as they grow older they judge them; sometimes they forgive them.,"Oscar Wilde,",general,
"No one knows for certain how much impact they have on the lives of other people. Oftentimes, we have no clue. Yet we push it just the same.","Jay Asher,",general,
"Most of all, I hate you because I think of you. Often. It's disgusting, and I can't stop.","Holly Black,",general,
"For whatever we lose (like a you or a me),It's always our self we find in the sea.","e.e. cummings,",general,
"DON'T THINK OF IT AS DYING, said Death. JUST THINK OF IT AS LEAVING EARLY TO AVOID THE RUSH.","Terry Pratchett,",general,
"I am glad you are here with me. Here at the end of all things, Sam.","J.R.R. Tolkien,",general,
"Don't wait for a light to appear at the end of the tunnel, stride down there and light the bloody thing yourself.",Sara Henderson,general,
"I wonder if the snow loves the trees and fields, that it kisses them so gently? And then it covers them up snug, you know, with a white quilt; and perhaps it says, ""Go to sleep, darlings, till the summer comes again.","Lewis Carroll,",general,
"Remember, remember, this is now, and now, and now. Live it, feel it, cling to it. I want to become acutely aware of all I’ve taken for granted.",Sylvia Plath,general,
But he who dares not grasp the thorn Should never crave the rose.,Anne Bronte,general,
"If you want to keep a secret, you must also hide it from yourself.","George Orwell,",general,
"I didn’t need you, you idiot. I picked you. And then you picked me back.","John Green,",general,
"There was another life that I might have had, but I am having this one.",Kazuo Ishiguro,general,
One thing you can't hide - is when you're crippled inside.,John Lennon,general,
"In a way, it's nice to know that there are Greek gods out there, because you have somebody to blame when things go wrong. For instance, when you're walking away from a bus that's just been attacked by monster hags and blown up by lightning, and it's raining on top of everything else, most people might think that's just really bad luck; when you're a half-blood, you understand that some devine force is really trying to mess up your day.","Rick Riordan,",general,
Love is the absence of judgment.,Dalai Lama XIV,general,
"You're alive only once, as far as we know, and what could be worse than getting to the end of your life and realizing you hadn't lived it?",Edward Albee,general,
"You possess other people's...bodies.""He accepted that statement with a nod.""Do you want to possess my body?""""I want to do a lot of things to your body, but that's not one of them.","Becca Fitzpatrick,",general,
The ships hung in the sky in much the same way that bricks don't.,"Douglas Adams,",general,
"There are some things you can't share without ending up liking each other, and knocking out a twelve-foot mountain troll is one of them.","J. K. Rowling,",general,
Compassion is the basis of morality.,Arthur Schopenhauer,general,
"When the heart speaks, the mind finds it indecent to object.","Milan Kundera,",general,
The library is inhabited by spirits that come out of the pages at night.,Isabel Allende,general,
Always do what is right. It will gratify half of mankind and astound the other.,Mark Twain,general,
"I knew, in the silence that followed, that anything could happen here. It might be too late: again, I might have missed my chance. But I would at least know I tried, that I took my heart and extended my hand, whatever the outcome.""Okay,"" he said. He took a breath. ""What would you do, if you could do anything?""I took a step toward him, closing the space between us. ""This,"" I said. And then I kissed him.","Sarah Dessen,",general,
"Tell me and I forget, teach me and I may remember, involve me and I learn.",Benjamin Franklin,general,
"The best fantasy is written in the language of dreams. It is alive as dreams are alive, more real than real ... for a moment at least ... that long magic moment before we wake. Fantasy is silver and scarlet, indigo and azure, obsidian veined with gold and lapis lazuli. Reality is plywood and plastic, done up in mud brown and olive drab. Fantasy tastes of habaneros and honey, cinnamon and cloves, rare red meat and wines as sweet as summer. Reality is beans and tofu, and ashes at the end. Reality is the strip malls of Burbank, the smokestacks of Cleveland, a parking garage in Newark. Fantasy is the towers of Minas Tirith, the ancient stones of Gormenghast, the halls of Camelot. Fantasy flies on the wings of Icarus, reality on Southwest Airlines. Why do our dreams become so much smaller when they finally come true? We read fantasy to find the colors again, I think. To taste strong spices and hear the songs the sirens sang. There is something old and true in fantasy that speaks to something deep within us, to the child who dreamt that one day he would hunt the forests of the night, and feast beneath the hollow hills, and find a love to last forever somewhere south of Oz and north of Shangri-La. They can keep their heaven. When I die, I'd sooner go to middle Earth.",George R.R. Martin,general,
"We can never judge the lives of others, because each person knows only their own pain and renunciation. It's one thing to feel that you are on the right path, but it's another to think that yours is the only path.",Paulo Coelho,general,
Our memory is a more perfect world than the universe: it gives back life to those who no longer exist.,Guy de Maupassant,general,
"I want to see you.Know your voice.Recognize you when youfirst come 'round the corner.Sense your scent when I come into a room you've just left.Know the lift of your heel,the glide of your foot.Become familiar with the way you purse your lipsthen let them part, just the slightest bit,when I lean in to your spaceand kiss you.I want to know the joy of how you whisper ""more",Mawlana Jalal-al-Din Rumi,general,
"I have learned now that while those who speak about one's miseries usually hurt, those who keep silence hurt more.",C. S. Lewis,general,
Art enables us to find ourselves and lose ourselves at the same time.,"Thomas Merton ,",general,
"You have to know what you stand for, not just what you stand against.","Laurie Halse Anderson,",general,
My library is an archive of longings.,"Susan Sontag,",general,
Those who know do not speak. Those who speak do not know.,"Lao Tsu,",general,
"I wanted a perfect ending. Now I've learned, the hard way, that some poems don't rhyme, and some stories don't have a clear beginning, middle, and end.",Gilda Radner,general,
"Keep smiling, because life is a beautiful thing and there's so much to smile about.",Marilyn Monroe,general,
Success makes so many people hate you. I wish it wasn't that way. It would be wonderful to enjoy success without seeing envy in the eyes of those around you.,Marilyn Monroe,general,
Youth can not know how age thinks and feels. But old men are guilty if they forget what it was to be young.,"J.K. Rowling ,",general,
There is greatness in doing something you hate for the sake of someone you love.,Shmuley Boteach,general,
"When I had nothing to lose, I had everything. When I stopped being who I am, I found myself.","Paulo Coelho,",general,
Never interrupt your enemy when he is making a mistake.,Napoleon Bonaparte,general,
"The beauty of a woman is not in the clothes she wears, the figure that she carries, or the way she combs her hair. The beauty of a woman is seen in her eyes, because that is the doorway to her heart, the place where love resides. True beauty in a woman is reflected in her soul. It's the caring that she lovingly gives, the passion that she shows & the beauty of a woman only grows with passing years.",Audrey Hepburn,general,
"So when the moon's only partly full, you only feel a little wolfy?"" ""You could say that.""""Well, you can go ahead and hang your head out the car window if you feel like it.""""I'm a werewolf, not a golden retriever.",Cassandra Clare,general,
"My bounty is as boundless as the sea,My love as deep; the more I give to thee,The more I have, for both are infinite.","William Shakespeare,",general,
Then I realize what it is. It's him. Something about him makes me feel like I am about to fall. Or turn to liquid. Or burst into flames.,"Veronica Roth,",general,
"You think my first instinct is to protect you. Because you're small, or a girl, or a Stiff. But you're wrong.""He leans his face close to mine and wraps his fingers around my chin. His hand smells like metal. When was the last time he held a gun, or a knife? My skin tingles at the point of contact, like he's transmitting electricity through his skin. ""My first instinct is to push you until you break, just to see how hard I have to press."" he says, his fingers squeezing at the word break. My body tenses at the edge in his voice, so I am coiled as tight as a spring, and I forget to breathe.His dark eyes lifting to mine, he adds, ""But I resist it."" ""Why..."" I swallow hard. ""Why is that your first instinct?""""Fear doesn't shut you down; it wakes you up. I've seen it. It's fascinating."" He releases me but doesn't pull away, his hand grazing my jaw, my neck. ""Sometimes I just want to see it again. Want to see you awake.","Veronica Roth,",general,
"In a time of destruction, create something.",Maxine Hong Kingston,general,
"silence is the language of god, all else is poor translation.",Rumi,general,
"Sonnet XVIII do not love you as if you were salt-rose, or topaz,or the arrow of carnations the fire shoots off.I love you as certain dark things are to be loved,in secret, between the shadow and the soul.I love you as the plant that never bloomsbut carries in itself the light of hidden flowers;thanks to your love a certain solid fragrance,risen from the earth, lives darkly in my body.I love you without knowing how, or when, or from where.I love you straightforwardly, without complexities or pride;so I love you because I know no other way than this: where I does not exist, nor you,so close that your hand on my chest is my hand,so close that your eyes close as I fall asleep.",Pablo Neruda,general,
"Silence make the real conversations between friends. Not the saying, but the never needing to say that counts.",Margaret Lee Runbeck,general,
"It's the questions we can't answer that teach us the most. They teach us how to think. If you give a man an answer, all he gains is a little fact. But give him a question and he'll look for his own answers.","Patrick Rothfuss,",general,
They who can give up essential liberty to obtain a little temporary safety deserve neither liberty nor safety.,"Benjamin Franklin,",general,
"I wish I were a girl again, half-savage and hardy, and free.","Emily Brontë,",general,
"But in a solitary life, there are rare moments when another soul dips near yours, as stars once a year brush the earth. Such a constellation was he to me.","Madeline Miller,",general,
I bet you could sometimes find all the mysteries of the universe in someone's hand.,"Benjamin Alire Sáenz,",general,
You can have it all. Just not all at once.,Oprah Winfrey,general,
"Confidence is ignorance. If you're feeling cocky, it's because there's something you don't know.","Eoin Colfer,",general,
"I'm saying that I'm a moody, insecure, narrow-minded, jealous, borderline homicidal bitch, and I want you to promise me that you're okay with that, because it's who I am, and you're what I need.","Jeaniene Frost,",general,
"A child can teach an adult three things: to be happy for no reason, to always be busy with something, and to know how to demand with all his might that which he desires.",Paulo Coelho,general,
"Though my soul may set in darkness, it will rise in perfect light; I have loved the stars too fondly to be fearful of the night.","Sarah Williams,",general,
"There is only one sin. and that is theft... when you tell a lie, you steal someones right to the truth.","Khaled Hosseini,",general,
We didn't talk about anything heavy or light. We were just there together. And that was enough,"Stephen Chbosky,",general,
"Everything has beauty, but not everyone sees it.",Confucious,general,
A girl should be two things: who and what she wants.,"Coco Chanel,",general,
و كلما أمسكت بحالة من حالاتي و قلت هذا هو أنا .. ما تلبث هذه الحالة أن تفلت من أصابعي و تحل محلها حالة أخرى .. هي أنا .. أيضاً..,"مصطفى محمود,",general,
Life isn't finding shelter in the storm. It's about learning to dance in the rain.,"Sherrilyn Kenyon,",general,
"The purpose of life is to live it, to taste experience to the utmost, to reach out eagerly and without fear for newer and richer experience.",Eleanor Roosevelt,general,
"Never forget what you are, for surely the world will not. Make it your strength. Then it can never be your weakness.","George R.R. Martin,",general,
"Have a heart that never hardens, and a temper that never tires, and a touch that never hurts.",Charles Dickens,general,
"Courage is resistance to fear, mastery of fear - not absence of fear.",Mark Twain,general,
"I will remember the kisses our lips raw with love and how you gave me everything you had and how I offered you what was left of me, and I will remember your small room the feel of you the light in the window your records your books our morning coffee our noons our nights our bodies spilled together sleeping the tiny flowing currents immediate and forever your leg my leg your arm my arm your smile and the warmth of you who made me laugh again.",Charles Bukowski,general,
I must learn to be content with being happier than I deserve.,"Jane Austen,",general,
"Keep in mind that people change, but the past doesn't.","Becca Fitzpatrick,",general,
I suppose a fire that burns that bright is not meant to last.,"Veronica Roth,",general,
"Books are the carriers of civilization...They are companions, teachers, magicians, bankers of the treasures of the mind. Books are humanity in print.",Barbara W. Tuchman,general,
"Lolita, light of my life, fire of my loins. My sin, my soul. Lo-lee-ta: the tip of the tongue taking a trip of three steps down the palate to tap, at three, on the teeth. Lo. Lee. Ta. She was Lo, plain Lo, in the morning, standing four feet ten in one sock. She was Lola in slacks. She was Dolly at school. She was Dolores on the dotted line. But in my arms she was always Lolita. Did she have a precursor? She did, indeed she did. In point of fact, there might have been no Lolita at all had I not loved, one summer, an initial girl-child. In a princedom by the sea. Oh when? About as many years before Lolita was born as my age was that summer. You can always count on a murderer for a fancy prose style. Ladies and gentlemen of the jury, exhibit number one is what the seraphs, the misinformed, simple, noble-winged seraphs, envied. Look at this tangle of thorns.","Vladimir Nabokov,",general,
"Your friend's poetry is terrible,"" he said.Clary blinked, caught momentarily off guard. ""What?""""I said his poetry was terrible. It sounds like he ate a dictionary and started vomiting up words at random.","Cassandra Clare,",general,
"Every time you smile at someone, it is an action of love, a gift to that person, a beautiful thing.",Mother Teresa,general,
"Lack of direction, not lack of time, is the problem. We all have twenty-four hour days.",Zig Ziglar,general,
Nothing in the world is ever completely wrong. Even a stopped clock is right twice a day.,"Paulo Coelho,",general,
أحسد الأطفال الرضّع، لأنهم يملكون وحدهم حق الصراخ والقدرة عليه، قبل أن تروض الحياة حبالهم الصوتية، وتعلِّمهم الصمت,"أحلام مستغانمي,",general,
"You should never be surprised when someone treats you with respect, you should expect it.","Sarah Dessen,",general,
A book lying idle on a shelf is wasted ammunition.,"Henry Miller,",general,
"I may not have been sure about what really did interest me, but I was absolutely sure about what didn't.","Albert Camus,",general,
"Owners of dogs will have noticed that, if you provide them with food and water and shelter and affection, they will think you are god. Whereas owners of cats are compelled to realize that, if you provide them with food and water and shelter and affection, they draw the conclusion that they are gods.","Christopher Hitchens,",general,
Quotation is a serviceable substitute for wit.,Oscar Wilde,general,
"Go on with what your heart tells you, or you will lose all.","Rick Riordan,",general,
"In individuals, insanity is rare; but in groups, parties, nations and epochs, it is the rule.",Friedrich Nietzsche,general,
A half-read book is a half-finished love affair.,"David Mitchell,",general,
Is there no way out of the mind?,Sylvia Plath,general,
"Must you go? I was rather hoping you'd stay and be a ministering angel, but if you must go, you must.""""I'll stay,"" Will said a bit crossly, and threw himself down in the armchair Tessa had just vacated. ""I can minister angelically.""""None too convincingly. And you're not as pretty to look at as Tessa is,"" Jem said, closing his eyes as he leaned back against the pillow.""How rude. Many who have gazed upon me have compared the experience to gazing at the radiance of the sun.""Jem still had his eyes closed. ""If they mean it gives you a headache, they aren't wrong.","Cassandra Clare,",general,
"We need, in love, to practice only this: letting each other go. For holding on comes easily; we do not need to learn it.","Rainer Maria Rilke,",general,
"I do not think, sir, you have any right to command me, merely because you are older than I, or because you have seen more of the world than I have; your claim to superiority depends on the use you have made of your time and experience.","Charlotte Brontë,",general,
"A lot of you cared, just not enough.","Jay Asher,",general,
"Lost opportunities, lost possibilities, feelings we can never get back. That's part of what it means to be alive. But inside our heads - at least that's where I imagine it - there's a little room where we store those memories. A room like the stacks in this library. And to understand the workings of our own heart we have to keep on making new reference cards. We have to dust things off every once in awhile, let in fresh air, change the water in the flower vases. In other words, you'll live forever in your own private library.","Haruki Murakami,",general,
"If I loved you less, I might be able to talk about it more.","Jane Austen,",general,
Tact is the ability to tell someone to go to hell in such a way that they look forward to the trip.,Winston Churchill,general,
"Change will not come if we wait for some other person, or if we wait for some other time. We are the ones we've been waiting for. We are the change that we seek.",Barack Obama,general,
"So please, oh please, we beg, we pray, go throw your TV set away, and in its place you can install, a lovely bookshelf on the wall.",Roald Dahl,general,
What's the good of living if you don't try a few things?,Charles M. Schulz,general,
"The glory of friendship is not the outstretched hand, not the kindly smile, nor the joy of companionship; it is the spiritual inspiration that comes to one when you discover that someone else believes in you and is willing to trust you with a friendship.",Ralph Waldo Emerson,general,
"Dreams do come true, if only we wish hard enough. You can have anything in life if you will sacrifice everything else for it.","J.M. Barrie,",general,
"Where there is love, there is often also hate. They can exist side by side.","Cassandra Clare,",general,
"I'll just have them change the entry in the demonology textbook from 'almost extinct' to 'not extinct enough for Alec. He prefers his monsters really, really extinct.' Will that make you happy?","Cassandra Clare,",general,
"If you end up with a boring miserable life because you listened to your mom, your dad, your teacher, your priest, or some guy on television telling you how to do your shit, then you deserve it.",Frank Zappa,general,
"It's all in the view. That's what I mean about forever, too. For any one of us our forever could end in an hour, or a hundred years from now. You never know for sure, so you'd better make every second count.","Sarah Dessen,",general,
"That which can be asserted without evidence, can be dismissed without evidence.",Christopher Hitchens,general,
"When you find your path, you must not be afraid. You need to have sufficient courage to make mistakes. Disappointment, defeat, and despair are the tools God uses to show us the way.","Paulo Coelho,",general,
"Dreams like a podcast,Downloading truth in my ears.They tell me cool stuff.""""Apollo?"" I guess, because I figured nobody else could make a haiku that bad.He put his finger to his lips. ""I'm incognito. Call me Fred.""""A god named Fred?",Rick Riordan,general,
"Trust is like a mirror, you can fix it if it's broken, but you can still see the crack in that mother fucker's reflection.",Lady Gaga,general,
"Learn to value yourself, which means: fight for your happiness.",Ayn Rand,general,
"If you want to know what God thinks of money, just look at the people he gave it to.",Dorothy Parker,general,
Just because you're paranoid doesn't mean they aren't after you.,"Joseph Heller,",general,
"When I get lonely these days, I think: So BE lonely, Liz. Learn your way around loneliness. Make a map of it. Sit with it, for once in your life. Welcome to the human experience. But never again use another person's body or emotions as a scratching post for your own unfulfilled yearnings.","Elizabeth Gilbert,",general,
A snowball in the face is surely the perfect beginning to a lasting friendship.,"Markus Zusak,",general,
I don't know that love changes. People change. Circumstances change.,Nicholas Sparks,general,
Older men declare war. But it is youth that must fight and die.,Herbert Hoover,general,
"Expose yourself to your deepest fear; after that, fear has no power, and the fear of freedom shrinks and vanishes. You are free.",Jim Morrison,general,
"And thus the heart will break, yet brokenly live on.",George Gordon Byron,general,
"Nobody tells this to people who are beginners, I wish someone told me. All of us who do creative work, we get into it because we have good taste. But there is this gap. For the first couple years you make stuff, it’s just not that good. It’s trying to be good, it has potential, but it’s not. But your taste, the thing that got you into the game, is still killer. And your taste is why your work disappoints you. A lot of people never get past this phase, they quit. Most people I know who do interesting, creative work went through years of this. We know our work doesn’t have this special thing that we want it to have. We all go through this. And if you are just starting out or you are still in this phase, you gotta know its normal and the most important thing you can do is do a lot of work. Put yourself on a deadline so that every week you will finish one story. It is only by going through a volume of work that you will close that gap, and your work will be as good as your ambitions. And I took longer to figure out how to do this than anyone I’ve ever met. It’s gonna take awhile. It’s normal to take awhile. You’ve just gotta fight your way through.",Ira Glass,general,
"All alone! Whether you like it or not, alone is something you'll be quite a lot!","Dr. Seuss,",general,
"But it is the nature of stars to cross, and never was Shakespeare more wrong than when he has Cassius note, ‘The fault, dear Brutus, is not in our stars / But in ourselves.","John Green,",general,
"How nice -- to feel nothing, and still get full credit for being alive.","Kurt Vonnegut,",general,
"Don't spend time beating on a wall, hoping to transform it into a door.",Coco Chanel,general,
"Every book, every volume you see here, has a soul. The soul of the person who wrote it and of those who read it and lived and dreamed with it. Every time a book changes hands, every time someone runs his eyes down its pages, its spirit grows and strengthens.","Carlos Ruiz Zafón,",general,
"The world is indeed comic, but the joke is on mankind.",H. P. Lovecraft,general,
Kindness is a language which the deaf can hear and the blind can see.,Mark Twain,general,
"Time doesn’t heal emotional pain, you need to learn how to let go.","Roy T. Bennett,",general,
The truth is what I make it. I could set this world on fire and call it rain.,"Victoria Aveyard,",general,
"Atheism turns out to be too simple. If the whole universe has no meaning, we should never have found out that it has no meaning...",C.S. Lewis,general,
God can't give us peace and happiness apart from Himself because there is no such thing.,C.S. Lewis,general,
"Without suffering, there'd be no compassion.","Nicholas Sparks,",general,
Politeness is deception in pretty packaging.,"Veronica Roth,",general,
Families are messy. Immortal families are eternally messy. Sometimes the best we can do is to remind each other that we're related for better or for worse...and try to keep the maiming and killing to a minimum.,"Rick Riordan,",general,
Beautiful face. Beautiful body. Horrible attitude. It was the holy trinity of hot boys.,"Jennifer L. Armentrout,",general,
"No persons are more frequently wrong, than those who will not admit they are wrong.",François de La Rochefoucauld,general,
Cry. Forgive. Learn. Move on. Let your tears water the seeds of your future happiness.,Steve Maraboli,general,
"If people refuse to look at you in a new light and they can only see you for what you were, only see you for the mistakes you've made, if they don't realize that you are not your mistakes, then they have to go.","Steve Maraboli,",general,
Fill your paper with the breathings of your heart.,William Wordsworth,general,
"The saddest people I've ever met in life are the ones who don't care deeply about anything at all. Passion and satisfaction go hand in hand, and without them, any happiness is only temporary, because there's nothing to make it last.","Nicholas Sparks,",general,
"There is more to sex appeal than just measurements. I don't need a bedroom to prove my womanliness. I can convey just as much sex appeal, picking apples off a tree or standing in the rain.",Audrey Hepburn,general,
"If conversation was the lyrics, laughter was the music, making time spent together a melody that could be replayed over and over without getting stale.",Nicholas Sparks,general,
"Worry never robs tomorrow of its sorrow, but only saps today of its strength.",A.J. Cronin,general,
Let our scars fall in love.,Galway Kinnell,general,
"If there's a single lesson that life teaches us, it's that wishing doesn't make it so.","Lev Grossman,",general,
"We're staying together,"" he promised. ""You're not getting away from me. Never again.","Rick Riordan,",general,
"That's why when major badasses greet each other in movies, they don't say anything, they just nod. The nod means, 'I' am a badass, and I recognize that you, too, are a badass,' but they don't say anything because they're Wolverine and Magneto and it would mess up their vibe to explain.","Cassandra Clare,",general,
"My name is Celaena Sardothien. But it makes no difference if my name's Celaena or Lillian or Bitch, because I'd still beat you, no matter what you call me.","Sarah J. Maas,",general,
"If you know someone who’s depressed, please resolve never to ask them why. Depression isn’t a straightforward response to a bad situation; depression just is, like the weather.Try to understand the blackness, lethargy, hopelessness, and loneliness they’re going through. Be there for them when they come through the other side. It’s hard to be a friend to someone who’s depressed, but it is one of the kindest, noblest, and best things you will ever do.",Stephen Fry,general,
You can't stop the futureYou can't rewind the pastThe only way to learn the secret...is to press play.,"Jay Asher,",general,
"When I was a child, adults would tell me not to make things up, warning me of what would happen if I did. As far as I can tell so far, it seems to involve lots of foreign travel and not having to get up too early in the morning.","Neil Gaiman,",general,
A word after a word after a word is power.,Margaret Atwood,general,
Here is a lesson in creative writing. First rule: Do not use semicolons. They are transvestite hermaphrodites representing absolutely nothing. All they do is show you've been to college.,"Kurt Vonnegut,",general,
"I know I am but summer to your heart, and not the full four seasons of the year.",Edna St. Vincent Millay,general,
I want to grow old without facelifts. I want to have the courage to be loyal to the face I have made.,Marilyn Monroe,general,
"It is a good rule after reading a new book, never to allow yourself another new one till you have read an old one in between.",C.S. Lewis,general,
"All parents damage their children. It cannot be helped. Youth, like pristine glass, absorbs the prints of its handlers. Some parents smudge, others crack, a few shatter childhoods completely into jagged little pieces, beyond repair.","Mitch Albom,",general,
"We've got to live, no matter how many skies have fallen.","D.H. Lawrence,",general,
"The greatest enemy of knowledge is not ignorance, it is the illusion of knowledge.",Daniel J. Boorstin,general,
"- ""Why don't you like to be touched?"" - ""Because I'm fifty shades of fucked-up, Anastasia","E.L. James,",general,
"Books are not made to be believed, but to be subjected to inquiry. When we consider a book, we mustn't ask ourselves what it says but what it means...","Umberto Eco,",general,
This is the way the world endsNot with a bang but a whimper.,T.S. Eliot,general,
"If you want to find out what a man is to the bottom, give him power. Any man can stand adversity — only a great man can stand prosperity. It is the glory of Abraham Lincoln that he never abused power only on the side of mercy",Robert Ingersoll,general,
"Don’t try to make life a mathematics problem with yourself in the center and everything coming out equal. When you’re good, bad things can still happen. And if you’re bad, you can still be lucky.","Barbara Kingsolver,",general,
Do not be afraid; our fateCannot be taken from us; it is a gift.,"Dante Alighieri,",general,
You shall know the truth and the truth shall make you mad.,Aldous Huxley,general,
"I fell in love with him. But I don't just stay with him by default as if there's no one else available to me. I stay with him because I choose to, every day that I wake up, every day that we fight or lie to each other or disappoint each other. I choose him over and over again, and he chooses me.","Veronica Roth,",general,
"It was a mistake,"" you said. But the cruel thing was, it felt like the mistake was mine, for trusting you.","David Levithan,",general,
"They say time heals all wounds, but that presumes the source of the grief is finite","Cassandra Clare,",general,
"It wouldn't be my move,"" Jace agreed. ""First the candy and flowers, then the apology letters, then the ravenous demon hordes. In that order.","Cassandra Clare,",general,
"If you would tell me the heart of a man, tell me not what he reads, but what he rereads.",Francois Mauriac,general,
"Honestly, if you were any slower, you’d be going backward.","J.K. Rowling,",general,
"Who, being loved, is poor?",Oscar Wilde,general,
We take for granted the very things that most deserve our gratitude.,Cynthia Ozick,general,
Illegal aliens have always been a problem in the United States. Ask any Indian.,Robert Orben,general,
"The trouble is not in dying for a friend, but in finding a friend worth dying for.",Mark Twain,general,
I drink to make other people more interesting.,"Hemingway, Ernest",general,
As it has been said:Love and a coughcannot be concealed.Even a small cough.Even a small love.,Anne Sexton,general,
Talk sense to a fool and he calls you foolish.,"Euripides,",general,
A man who procrastinates in his choosing will inevitably have his choice made for him by circumstance.,"Hunter S. Thompson,",general,
"You are not your job, you're not how much money you have in the bank. You are not the car you drive. You're not the contents of your wallet. You are not your fucking khakis. You are all singing, all dancing crap of the world.","Chuck Palahniuk,",general,
Scared is what you're feeling. Brave is what you're doing.,"Emma Donoghue,",general,
"If you think you are too small to make a difference, try sleeping with a mosquito.",Dalai Lama XIV,general,
Open your heart. Someone will come. Someone will come for you. But first you must open your heart.,"Kate DiCamillo,",general,
Happiness is holding someone in your arms and knowing you hold the whole world.,"Orhan Pamuk,",general,
Don't compromise yourself - you're all you have.,"John Grisham,",general,
Nothing in the world is more dangerous than sincere ignorance and conscientious stupidity.,Martin Luther King Jr.,general,
"By the pricking of my thumbs, Something wicked this way comes.","William Shakespeare,",general,
"Wheresoever you go, go with all your heart.",Confucius,general,
The helpful thought for which you lookIs written somewhere in a book.,Edward Gorey,general,
"Are you implying that shreds of my reputation remain intact?"" Will demanded with mock horror. ""Clearly I have been doing something wrong. Or not something wrong, as the case may be."" He banged on the side of the carriage. ""Thomas! We must away at once to the nearest brothel. I seek scandal and low companionship.","Cassandra Clare,",general,
"If A is a success in life, then A equals x plus y plus z. Work is x; y is play; and z is keeping your mouth shut",Albert Einstein,general,
"The nitrogen in our DNA, the calcium in our teeth, the iron in our blood, the carbon in our apple pies were made in the interiors of collapsing stars. We are made of starstuff.","Carl Sagan,",general,
Do your little bit of good where you are; it's those little bits of good put together that overwhelm the world.,Desmond Tutu,general,
Even in the Future the Story Begins with Once Upon a Time.,"Marissa Meyer,",general,
"Our mothers always remain the strangest, craziest people we've ever met.",Marguerite Duras,general,
"From there to here, from here to there, funny things are everywhere!","Dr. Seuss,",general,
"Forgive, O Lord, my little jokes on TheeAnd I'll forgive Thy great big one on me.",Robert Frost,general,
"No one can construct for you the bridge upon which precisely you must cross the stream of life, no one but you yourself alone.",Friedrich Nietzsche,general,
Ever has it been that love knows not its own depth until the hour of separation.,Kahlil Gibran,general,
A house without books is like a room without windows.,Horace Mann,general,
"the free soul is rare, but you know it when you see it - basically because you feel good, very good, when you are near or with them.","Charles Bukowski,",general,
Knowing too much of your future is never a good thing.,"Rick Riordan,",general,
"I felt like crying but nothing came out. it was just a sort of sad sickness, sick sad, when you can't feel any worse. I think you know it. I think everybody knows it now and then. but I think I have known it pretty often, too often.","Charles Bukowski,",general,
One of the advantages of being disorganized is that one is always having surprising discoveries.,A.A. Milne,general,
The mind once enlightened cannot again become dark.,"Thomas Paine,",general,
So many things become beautiful when you really look.,"Lauren Oliver,",general,
Time is the longest distance between two places.,"Tennessee Williams,",general,
"Of all the words of mice and men, the saddest are, ""It might have been.",Kurt Vonnegut,general,
No one has ever become poor by giving.,"Anne Frank,",general,
"Because you can't argue with all the fools in the world. It's easier to let them have their way, then trick them when they're not paying attention.",Christopher Paolini,general,
"I thought I'd lie on the floor and writhe in pain for a while,"" he grunted, ""It relaxes me.""""It does? Oh - you're being sarcastic. That's a good sign probably.","Cassandra Clare,",general,
"When people talk, listen completely. Most people never listen.",Ernest Hemingway,general,
"You may encounter many defeats, but you must not be defeated. In fact, it may be necessary to encounter the defeats, so you can know who you are, what you can rise from, how you can still come out of it.",Maya Angelou,general,
You see I usually find myself among strangers because I drift here and there trying to forget the sad things that happened to me.,"F. Scott Fitzgerald,",general,
"What she was finding also was how one book led to another, doors kept opening wherever she turned and the days weren't long enough for the reading she wanted to do.","Alan Bennett,",general,
She refused to be bored chiefly because she wasn't boring.,"Zelda Fitzgerald,",general,
"I'm a business man,"" he'd told her. ""No more, no less.""""You're a thief, Kaz.""""Isn't that what I just said?","Leigh Bardugo,",general,
I'm on Aslan's side even if there isn't any Aslan to lead it. I'm going to live as like a Narnian as I can even if there isn't any Narnia.,"C.S. Lewis,",general,
Courage is found in unlikely places.,J.R.R. Tolkien,general,
"I want you always to remember me. Will you remember that I existed, and that I stood next to you here like this?","Haruki Murakami,",general,
That's what careless words do. They make people love you a little less.,"Arundhati Roy,",general,
"Whenever you read a cancer booklet or website or whatever, they always list depression among the side effects of cancer. But, in fact, depression is not a side effect of cancer. Depression is a side effect of dying.","John Green,",general,
"It is a curious thing, Harry, but perhaps those who are best suited to power are those who have never sought it. Those who, like you, have leadership thrust upon them, and take up the mantle because they must, and find to their own surprise that they wear it well.","J.K. Rowling,",general,
إن المرأة تحب رجلها ليس لأنه أقوى الرجال، و لا أوسمهم، و لا أغناهم، بل لأنه هو.. بضعفه و قوته.. و الحب ليس إستعراض قوة لكنه طاقة عطاء دافئة مستمرة,أحمد خالد توفيق,general,
Crying is for plain women. Pretty women go shopping.,Oscar Wilde,general,
"The thing that is really hard, and really amazing, is giving up on being perfect and beginning the work of becoming yourself.",Anna Quindlen,general,
"My concern is not whether God is on our side; my greatest concern is to be on God's side, for God is always right.",Abraham Lincoln,general,
"And I guess I realized at that moment that I really did love her. Because there was nothing to gain, and that didn't matter.","Stephen Chbosky,",general,
"Love can change a person the way a parent can change a baby- awkwardly, and often with a great deal of mess.","Lemony Snicket,",general,
I have the simplest tastes. I am always satisfied with the best.,Oscar Wilde,general,
"We were like gods at the dawning of the world, & our joy was so bright we could see nothing else but the other.","Madeline Miller,",general,
I cannot make you understand. I cannot make anyone understand what is happening inside me. I cannot even explain it to myself.,"Franz Kafka,",general,
"Did you ever think that in a past life Alec was an old woman with ninety cats who was always yelling at the neighborhood kids to get off her lawn? Because I do,","Cassandra Clare,",general,
There is something delicious about writing the first words of a story. You never quite know where they'll take you.,Beatrix Potter,general,
"The pleasure of remembering had been taken from me, because there was no longer anyone to remember with. It felt like losing your co-rememberer meant losing the memory itself, as if the things we'd done were less real and important than they had been hours before.","John Green,",general,
Never make someone a priority when all you are to them is an option.,Maya Angelou,general,
"I like to see people reunited, I like to see people run to each other, I like the kissing and the crying, I like the impatience, the stories that the mouth can't tell fast enough, the ears that aren't big enough, the eyes that can't take in all of the change, I like the hugging, the bringing together, the end of missing someone.","Jonathan Safran Foer,",general,
My soul will find yours.,"Jude Deveraux,",general,
Reputation is what other people know about you. Honor is what you know about yourself.,"Lois McMaster Bujold,",general,
"The more you know who you are, and what you want, the less you let things upset you.","Stephanie Perkins,",general,
"If you look the right way, you can see that the whole world is a garden.","Frances Hodgson Burnett,",general,
We are addicted to our thoughts. We cannot change anything if we cannot change our thinking.,"Santosh Kalwar,",general,
"When we least expect it, life sets us a challenge to test our courage and willingness to change; at such a moment, there is no point in pretending that nothing has happened or in saying that we are not yet ready. The challenge will not wait. Life does not look back. A week is more than enough time for us to decide whether or not to accept our destiny.","Paulo Coelho,",general,
"Strange as it may seem, I still hope for the best, even though the best, like an interesting piece of mail, so rarely arrives, and even when it does it can be lost so easily.","Lemony Snicket,",general,
those who escape hellhowevernever talk aboutitand nothing muchbothers themafterthat.,Charles Bukowski,general,
Fear is a phoenix. You can watch it burn a thousand times and still it will return.,"Leigh Bardugo,",general,
Try a little harder to be a little better.,Gordon B. Hinckley,general,
"He needed to tell her...what? That she was lovely and brave and better than anything he deserved. That he was twisted, crooked, wrong, but not so broken that he couldn't pull himself together into some semblance of a man for her. That without meaning to, he'd begun to lean on her, to look for her, to need her near. He needed to thank her for his new hat.","Leigh Bardugo,",general,
Don't let the bastards grind you down.,"Margaret Atwood,",general,
"Peeta, how come I never know when you're having a nightmare?","Suzanne Collins,",general,
Nitwit! Blubber! Oddment! Tweak!,"J.K. Rowling,",general,
Sometimes you have to lose all you have to find out who you truly are.,"Roy T. Bennett,",general,
To shine your brightest light is to be who you truly are.,Roy T. Bennett,general,
There is only one page left to write on. I will fill it with words of only one syllable. I love. I have loved. I will love.,"Dodie Smith,",general,
Let me give you a piece of advice. The handsome young fellow who's trying to rescue you from a hideous fate is never wrong. Not even if he says the sky is purple and made of hedgehogs.,"Cassandra Clare,",general,
"A wonderful fact to reflect upon, that every human creature is constituted to be that profound secret and mystery to every other.","Charles Dickens,",general,
"You could have fooled me. Everytime I called you, Luke said you were sick. I figured you were avoiding me. Again.""""I wasn't. I did want to talk to you. I've been thinking about you all the time.""""I've been thinking about you, too.""""I really was sick. I swear. I almost died back there on the ship, you know.""""I know. Everytime you almost die, I almost die myself.","Cassandra Clare,",general,
"She had always wanted words, she loved them; grew up on them. Words gave her clarity, brought reason, shape.","Michael Ondaatje,",general,
"Therefore, dear Sir, love your solitude and try to sing out with the pain it causes you. For those who are near you are far away... and this shows that the space around you is beginning to grow vast.... be happy about your growth, in which of course you can't take anyone with you, and be gentle with those who stay behind; be confident and calm in front of them and don't torment them with your doubts and don't frighten them with your faith or joy, which they wouldn't be able to comprehend. Seek out some simple and true feeling of what you have in common with them, which doesn't necessarily have to alter when you yourself change again and again; when you see them, love life in a form that is not your own and be indulgent toward those who are growing old, who are afraid of the aloneness that you trust.... and don't expect any understanding; but believe in a love that is being stored up for you like an inheritance, and have faith that in this love there is a strength and a blessing so large that you can travel as far as you wish without having to step outside it.","Rainer Maria Rilke,",general,
"Then the Grinch thought of something he hadn't before! What if Christmas, he thought, doesn't come from a store. What if Christmas...perhaps...means a little bit more!","Dr. Seuss,",general,
"Ah, my daughter,ʺ he said. ʺEighteen, and already youʹve been accused of murder, aided felons, and acquired a death count higher than most guardians will ever see.ʺ He paused. ʺI couldnʹt be prouder.","Richelle Mead,",general,
The heart has its reasons which reason knows not.,Blaise Pascal,general,
True love is usually the most inconvenient kind.,"Kiera Cass,",general,
Sell your cleverness and buy bewilderment.,"Rumi,",general,
I'm a success today because I had a friend who believed in me and I didn't have the heart to let him down.,Abraham Lincoln,general,
"Come sleep with me: We won't make Love, Love will make us.",Julio Cortázar,general,
"I don't think of all the misery, but of the beauty that still remains.","Anne Frank,",general,
"The beginning of love is the will to let those we love be perfectly themselves, the resolution not to twist them to fit our own image.","Thomas Merton,",general,
"I always channel my emotions into my work. That way, I don't hurt anyone but myself.","Suzanne Collins,",general,
"It's not gray,"" Clary felt compelled to point out. ""It's green.""""If there was such a thing as terminal literalism, you'd have died in childhood,"" said Jace.","Cassandra Clare,",general,
"When you are content to be simply yourself and don't compare or compete, everyone will respect you.","Lao Tzu,",general,
"Where you used to be, there is a hole in the world, which I find myself constantly walking around in the daytime, and falling in at night. I miss you like hell.",Edna St. Vincent Millay,general,
May the odds be ever in your favor!,"Suzanne Collins,",general,
"I don't want tea,"" said Clary, with muffled force. ""I want to find my mother. And then I want to find out who took her in the first place, and I want to kill them.""""Unfortunately,"" said Hodge, ""we're all out of bitter revenge at the moment, so it's either tea or nothing.","Cassandra Clare,",general,
"Hope can be a powerful force. Maybe there's no actual magic in it, but when you know what you hope for most and hold it like a light within you, you can make things happen, almost like magic.","Laini Taylor,",general,
When you play a game of thrones you win or you die.,"George R.R. Martin,",general,
"What do we live for, if it is not to make life less difficult for each other?",George Eliot,general,
"Did you know that 'I told you so' has a brother,Jacob?"" she asked cutting me off. ""His name is 'Shut the hell up'.","Stephenie Meyer,",general,
"Really, the combination of the scabs and the ointment looks hideous. I can't help enjoying his distress.""Poor Finnick. Is this the first time in your life you haven't looked pretty?"" I say.""It must be. The sensation's completely new. How have you managed it all these years?"" he asks.""Just avoid mirrors. You'll forget about it,"" I say.""Not if I keep looking at you,"" he says.","Suzanne Collins,",general,
I wrote the story myself. It's about a girl who lost her reputation and never missed it.,Mae West,general,
A childhood without books – that would be no childhood. That would be like being shut out from the enchanted place where you can go and find the rarest kind of joy.,Astrid Lindgren,general,
"When did we see each other face-to-face? Not until you saw into my cracks and I saw into yours. Before that, we were just looking at ideas of each other, like looking at your window shade but never seeing inside. But once the vessel cracks, the light can get in. The light can get out.","John Green,",general,
The pleasure of all reading is doubled when one lives with another who shares the same books.,Katherine Mansfield,general,
"I am different, not less.",Temple Grandin,general,
Reading brings us unknown friends,Honore de Balzac,general,
"I can only note that the past is beautiful because one never realises an emotion at the time. It expands later, and thus we don't have complete emotions about the present, only about the past.",Virginia Woolf,general,
"In time, the hurt began to fade and it was easier to just let it go. At least I thought it was. But in every boy I met in the next few years, I found myself looking for you, and when the feelings got too strong, I'd write you another letter. But I never sent them for fear of what I might find. By then, you'd gone on with your life and I didn't want to think about you loving someone else. I wanted to remember us like we were that summer. I didn't ever want to lose that.","Nicholas Sparks,",general,
"Sometimes, when I have to do something I don't want to do, I pretend I'm a character from a book. It's easier to know what they would do.","Cassandra Clare,",general,
Tears are words that need to be written.,Paulo Coelho,general,
I am free and that is why I am lost.,Franz Kafka,general,
"It is good to have an end to journey toward; but it is the journey that matters, in the end.","Ursula K. Le Guin,",general,
Art washes away from the soul the dust of everyday life.,Pablo Picasso,general,
"Ah, music,"" he said, wiping his eyes. ""A magic beyond all we do here!","J.K. Rowling,",general,
"Once upon a time, an angel and a devil fell in love. It did not end well.","Laini Taylor,",general,
Faith is not the belief that God will do what you want. It is the belief that God will do what is right.,"Max Lucado,",general,
Animals are my friends...and I don't eat my friends.,George Bernard Shaw,general,
"You're just worried they'll hire a male instructor and he'll be hotter than you."" Jace's eyebrows went up. ""Hotter than me?"" ""It could happen,"" Clary said, ""You know, theoretically.""""Theoretically the planet could suddenly crack in half, leaving me on one side and you on the other, forever and tragically parted, but I'm not worried about that either. Some things,"" Jace said, with his customary crooked smile, ""are just too unlikely to dwell upon.","Cassandra Clare,",general,
"If you work really hard, and you're kind, amazing things will happen.",Conan O'Brien,general,
"You're an idiot.""""I've never claimed to be otherwise.","Cassandra Clare,",general,
Have you really read all those books in your room?,"John Green,",general,
"And I urge you to please notice when you are happy, and exclaim or murmur or think at some point, 'If this isn't nice, I don't know what is.","Kurt Vonnegut Jr.,",general,
Man only likes to count his troubles; he doesn't calculate his happiness.,"Fyodor Dostoevsky,",general,
What day is it?,A.A. Milne,general,
"Memories, even your most precious ones, fade surprisingly quickly. But I don’t go along with that. The memories I value most, I don’t ever see them fading.","Kazuo Ishiguro,",general,
"I haven't been everywhere, but it's on my list.",Susan Sontag,general,
"You must not lose faith in humanity. Humanity is like an ocean; if a few drops of the ocean are dirty, the ocean does not become dirty.",Mahatma Gandhi,general,
Sometimes you read a book so special that you want to carry it around with you for months after you've finished just to stay near it.,Markus Zusak,general,
و كن من أنتَ حيث تكون و احمل عبءَ قلبِكَ وحدهُ,محمود درويش,general,
There is no place like home.,"L. Frank Baum,",general,
"Friendship marks a life even more deeply than love. Love risks degenerating into obsession, friendship is never anything but sharing.",Elie Wiesel,general,
Time was passing like a hand waving from a train I wanted to be on. I hope you never have to think about anything as much as I think about you.,jonathan safran foer,general,
"Whatever you're meant to do, do it now. The conditions are always impossible.",Doris Lessing,general,
Words were different when they lived inside of you.,"Benjamin Alire Sáenz,",general,
In order to riseFrom its own ashesA phoenixFirstMustBurn.,"Octavia Butler,",general,
"There is only one good, knowledge, and one evil, ignorance.",Socrates,general,
Be thankful for everything that happens in your life; it’s all an experience.,Roy T. Bennett,general,
I myself have never been able to find out precisely what feminism is: I only know that people call me a feminist whenever I express sentiments that differentiate me from a doormat.,Rebecca West,general,
"The important thing to you is not how many years in your life, but how much life in your years!",Edward J. Stieglitz,general,
Ask not what you can do for your country. Ask what’s for lunch.,Orson Welles,general,
"I love books, by the way, way more than movies. Movies tell you what to think. A good book lets you choose a few thoughts for yourself. Movies show you the pink house. A good book tells you there's a pink house and lets you paint some of the finishing touches, maybe choose the roof style,park your own car out front. My imagination has always topped anything a movie could come up with. Case in point, those darned Harry Potter movies. That was so not what that part-Veela-chick, Fleur Delacour, looked like.","Karen Marie Moning,",general,
"Tomorrow may be hell, but today was a good writing day, and on the good writing days nothing else matters.",Neil Gaiman,general,
I meant what I said and I said what I meant. An elephant's faithful one-hundred percent!,"Dr. Seuss,",general,
"Every time you are tempted to react in the same old way, ask if you want to be a prisoner of the past or a pioneer of the future.",Deepak Chopra,general,
"Words, I think, are such unpredictable creatures. No gun, no sword, no army or king will ever be more powerful than a sentence. Swords may cut and kill, but words will stab and stay, burying themselves in our bones to become corpses we carry into the future, all the time digging and failing to rip their skeletons from our flesh.","Tahereh Mafi,",general,
"You are all the colors in one, at full brightness.","Jennifer Niven,",general,
"The real voyage of discovery consists not in seeking new landscapes, but in having new eyes.",Marcel Proust,general,
"Remain true to yourself, child. If you know your own heart, you will always have one friend who does not lie.","Marion Zimmer Bradley,",general,
"The reason it hurts so much to separate is because our souls are connected. Maybe they always have been and will be. Maybe we've lived a thousand lives before this one and in each of them we've found each other. And maybe each time, we've been forced apart for the same reasons. That means that this goodbye is both a goodbye for the past ten thousand years and a prelude to what will come.","Nicholas Sparks,",general,
"Sometimes beautiful things come into our lives out of nowhere. We can't always understand them, but we have to trust in them. I know you want to question everything, but sometimes it pays to just have a little faith.","Lauren Kate,",general,
"The longer and more carefully we look at a funny story, the sadder it becomes.",Nikolai V. Gogol,general,
so I wait for you like a lonely housetill you will see me again and live in me.Till then my windows ache.,"Pablo Neruda,",general,
I'm sick of just liking people. I wish to God I could meet somebody I could respect.,"J.D. Salinger,",general,
"Give her hell from us, Peeves.","J.K. Rowling,",general,
"The trouble is not that I am single and likely to stay single, but that I am lonely and likely to stay lonely.",Charlotte Brontë,general,
"It's not worth doing something unless someone, somewhere, would much rather you weren't doing it.",Terry Pratchett,general,
"If you love what you do and are willing to do what it takes, it's within your reach. And it'll be worth every minute you spend alone at night, thinking and thinking about what it is you want to design or build. It'll be worth it, I promise.",Steve Wozniak,general,
"Books, she has found, are a way to live a thousand lives--or to find strength in a very long one.","V.E. Schwab,",general,
"I am always saying ""Glad to've met you"" to somebody I'm not at all glad I met. If you want to stay alive, you have to say that stuff, though.","J.D. Salinger,",general,
"Remember, darkness does not always equate to evil, just as light does not always bring good.","P.C. Cast,",general,
"I'm going to wake Peeta,"" I say.""No, wait,"" says Finnick. ""Let's do it together. Put our faces right in front of his.""Well, there's so little opportunity for fun left in my life, I agree. We position ourselves on either side of Peeta, lean over until our faces are inches frim his nose, and give him a shake. ""Peeta. Peeta, wake up,"" I say in a soft, singsong voice.His eyelids flutter open and then he jumps like we've stabbed him. ""Aa!""Finnick and I fall back in the sand, laughing our heads off. Every time we try to stop, we look at Peeta's attempt to maintain a disdainful expression and it sets us off again.","Suzanne Collins,",general,
Anxiety is the dizziness of freedom.,"Søren Kierkegaard ,",general,
"Maybe some people just aren't meant to be in our lives forever. Maybe some people are just passing through. It's like some people just come through our lives to bring us something: a gift, a blessing, a lesson we need to learn. And that's why they're here. You'll have that gift forever.","Danielle Steel,",general,
"Can you understand? Someone, somewhere, can you understand me a little, love me a little? For all my despair, for all my ideals, for all that - I love life. But it is hard, and I have so much - so very much to learn.","Sylvia Plath,",general,
We rip out so much of ourselves to be cured of things faster than we should that we go bankrupt by the age of thirty and have less to offer each time we start with someone new. But to feel nothing so as not to feel anything - what a waste!,"Andre Aciman,",general,
"Male fantasies, male fantasies, is everything run by male fantasies? Up on a pedestal or down on your knees, it's all a male fantasy: that you're strong enough to take what they dish out, or else too weak to do anything about it. Even pretending you aren't catering to male fantasies is a male fantasy: pretending you're unseen, pretending you have a life of your own, that you can wash your feet and comb your hair unconscious of the ever-present watcher peering through the keyhole, peering through the keyhole in your own head, if nowhere else. You are a woman with a man inside watching a woman. You are your own voyeur.","Margaret Atwood,",general,
"You'd think people had better things to gossip about,"" said Ginny as she sat on the common room floor, leaning against Harry’s legs and reading the Daily Prophet. ""Three Dementor attacks in a week, and all Romilda Vane does is ask me if it’s true you’ve got a Hippogriff tattooed across your chest.""Ron and Hermione both roared with laughter. Harry ignored them.What did you tell her?""I told her it's a Hungarian Horntail,"" said Ginny, turning a page of the newspaper idly. ""Much more macho.""Thanks,"" said Harry, grinning. ""And what did you tell her Ron’s got?""A Pygmy Puff, but I didn’t say where.","J.K. Rowling,",general,
"Once upon a midnight dreary, while I pondered, weak and weary,Over many a quaint and curious volume of forgotten lore,While I nodded, nearly napping, suddenly there came a tapping,As of some one gently rapping, rapping at my chamber door.Tis some visitor,"" I muttered, ""tapping at my chamber door — Only this, and nothing more.""Ah, distinctly I remember it was in the bleak December,And each separate dying ember wrought its ghost upon the floor.Eagerly I wished the morrow; — vainly I had sought to borrowFrom my books surcease of sorrow — sorrow for the lost Lenore —For the rare and radiant maiden whom the angels name Lenore — Nameless here for evermore.And the silken sad uncertain rustling of each purple curtainThrilled me — filled me with fantastic terrors never felt before;So that now, to still the beating of my heart, I stood repeating,Tis some visitor entreating entrance at my chamber door —Some late visitor entreating entrance at my chamber door; — This it is, and nothing more.""Presently my soul grew stronger; hesitating then no longer,Sir,"" said I, ""or Madam, truly your forgiveness I implore;But the fact is I was napping, and so gently you came rapping,And so faintly you came tapping, tapping at my chamber door,That I scarce was sure I heard you""— here I opened wide the door; — Darkness there, and nothing more.Deep into that darkness peering, long I stood there wondering, fearing,Doubting, dreaming dreams no mortals ever dared to dream before;But the silence was unbroken, and the stillness gave no token,And the only word there spoken was the whispered word, ""Lenore?""This I whispered, and an echo murmured back the word, ""Lenore!"" — Merely this, and nothing more.Back into the chamber turning, all my soul within me burning,Soon again I heard a tapping somewhat louder than before.Surely,"" said I, ""surely that is something at my window lattice:Let me see, then, what thereat is, and this mystery explore —Let my heart be still a moment and this mystery explore; — 'Tis the wind and nothing more.""Open here I flung the shutter, when, with many a flirt and flutter,In there stepped a stately raven of the saintly days of yore;Not the least obeisance made he; not a minute stopped or stayed he;But, with mien of lord or lady, perched above my chamber door —Perched upon a bust of Pallas just above my chamber door — Perched, and sat, and nothing more.Then this ebony bird beguiling my sad fancy into smiling,By the grave and stern decorum of the countenance it wore.Though thy crest be shorn and shaven, thou,"" I said, ""art sure no craven,Ghastly grim and ancient raven wandering from the Nightly shore —Tell me what thy lordly name is on the Night's Plutonian shore!"" Quoth the Raven, ""Nevermore.""Much I marveled this ungainly fowl to hear discourse so plainly,Though its answer little meaning— little relevancy bore;For we cannot help agreeing that no living human beingEver yet was blest with seeing bird above his chamber door —Bird or beast upon the sculptured bust above his chamber door, With such name as ""Nevermore.","Edgar Allan Poe,",general,
"There are only the pursued, the pursuing, the busy and the tired.","F. Scott Fitzgerald,",general,
Time is the coin of your life. You spend it. Do not allow others to spend it for you.,Carl Sandburg,general,
"From childhood's hour I have not been. As others were, I have not seen. As others saw, I could not awaken. My heart to joy at the same tone. And all I loved, I loved alone.",Edgar Allan Poe,general,
"The world was collapsing, and the only thing that really mattered to me was that she was alive.","Rick Riordan,",general,
"Those who can make you believe absurdities, can make you commit atrocities.",Voltaire,general,
A diary with no drawings of me in it? Where are the torrid fantasies? The romance covers?,"Cassandra Clare,",general,
"There are so many ways to be brave in this world. Sometimes bravery involves laying down your life for something bigger than yourself, or for someone else. Sometimes it involves giving up everything you have ever known, or everyone you have ever loved, for the sake of something greater.But sometimes it doesn't.Sometimes it is nothing more than gritting your teeth through pain, and the work of every day, the slow walk toward a better life. That is the sort of bravery I must have now.","Veronica Roth,",general,
"...and then, I have nature and art and poetry, and if that is not enough, what is enough?",Vincent Willem van Gogh,general,
There are two means of refuge from the misery of life — music and cats.,Albert Schweitzer,general,
You are not entitled to your opinion. You are entitled to your informed opinion. No one is entitled to be ignorant.,Harlan Ellison,general,
"You know how they say you only hurt the ones you love? Well, it works both ways.","Chuck Palahniuk,",general,
It is easy to love people in memory; the hard thing is to love them when they are there in front of you.,"John Updike,",general,
"Sometimes the Bible in the hand of one man is worse than a whisky bottle in the hand of (another)... There are just some kind of men who - who're so busy worrying about the next world they've never learned to live in this one, and you can look down the street and see the results.","Harper Lee,",general,
"Tis the privilege of friendship to talk nonsense, and to have her nonsense respected.","Charles Lamb,",general,
"He accused me of being Dumbledore's man through and through.""""How very rude of him.""""I told him I was.""Dumbledore opened his mouth to speak and then closed it again. Fawkes the phoenix let out a low, soft, musical cry. To Harry's intense embarrassment, he suddenly realized that Dumbledore's bright blue eyes looked rather watery, and stared hastily at his own knee. When Dumbledore spoke, however, his voice was quite steady. ""I am very touched, Harry.","J.K. Rowling,",general,
It's hard to enjoy practical jokes when your whole life feels like one.,"Rick Riordan,",general,
"He was gone, and I did not have time to tell him what I had just now realized: that I forgave him, and that she forgave us, and that we had to forgive to survive in the labyrinth. There were so many of us who would have to live with things done and things left undone that day. Things that did not go right, things that seemed okay at the time because we could not see the future. If only we could see the endless string of consequences that result from our smallest actions. But we can’t know better until knowing better is useless. And as I walked back to give Takumi’s note to the Colonel, I saw that I would never know. I would never know her well enough to know her thoughts in those last minutes, would never know if she left us on purpose. But the not-knowing would not keep me from caring, and I would always love Alaska Young, my crooked neighbor, with all my crooked heart.","John Green,",general,
"Writing is like sex. First you do it for love, then you do it for your friends, and then you do it for money.",Virginia Woolf,general,
You can only become truly accomplished at something you love. Don’t make money your goal. Instead pursue the things you love doing and then do them so well that people can’t take their eyes off of you.,Maya Angelou,general,
"Happiness consists in getting enough sleep. Just that, nothing more.","Robert A. Heinlein,",general,
"Children have never been very good at listening to their elders, but they have never failed to imitate them.",James Baldwin,general,
"People come, people go – they’ll drift in and out of your life, almost like characters in a favorite book. When you finally close the cover, the characters have told their story and you start up again with another book, complete with new characters and adventures. Then you find yourself focusing on the new ones, not the ones from the past.","Nicholas Sparks,",general,
You never change your life until you step out of your comfort zone; change begins at the end of your comfort zone.,Roy T. Bennett,general,
"And all the books you've read have been read by other people. And all the songs you've loved have been heard by other people. And that girl that's pretty to you is pretty to other people. and that if you looked at these facts when you were happy, you would feel great because you are describing 'unity.","Stephen Chbosky,",general,
The finest of pleasures are always the unexpected ones.,"Erin Morgenstern,",general,
It's no good pretending that any relationship has a future if your record collections disagree violently or if your favorite films wouldn't even speak to each other if they met at a party.,Nick Hornby,general,
"When I was about eight, I decided that the most wonderful thing, next to a human being, was a book.",Margaret Walker,general,
"I read once that the ancient Egyptians had fifty words for sand & the Eskimos had a hundred words for snow. I wish I had a thousand words for love, but all that comes to mind is the way you move against me while you sleep & there are no words for that.","Brian Andreas,",general,
Adults are just obsolete children and the hell with them.,Dr. Seuss,general,
"If you don't know history, then you don't know anything. You are a leaf that doesn't know it is part of a tree.",Michael Crichton,general,
"Lost love is still love. It takes a different form, that's all. You can't see their smile or bring them food or tousle their hair or move them around a dance floor. But when those senses weaken another heightens. Memory. Memory becomes your partner. You nurture it. You hold it. You dance with it.",Mitch Albom,general,
Boring damned people. All over the earth. Propagating more boring damned people. What a horror show. The earth swarmed with them.,Charles Bukowski,general,
"I want to be the friend you fall hopelessly in love with. The one you take into your arms and into your bed and into the private world you keep trapped in your head. I want to be that kind of friend. The one who will memorize the things you say as well as the shape of your lips when you say them. I want to know every curve, every freckle, every shiver of your body. I want to know where to touch you, I want to know how to touch you. I want to know convince you to design a smile just for me. Yes, I do want to be your friend. I want to be your best friend in the entire world.","Tahereh Mafi,",general,
I like it when somebody gets excited about something. It's nice.,"J.D. Salinger,",general,
"Pretty women wonder where my secret lies.I'm not cute or built to suit a fashion model's sizeBut when I start to tell them,They think I'm telling lies.I say,It's in the reach of my armsThe span of my hips,The stride of my step,The curl of my lips.I'm a womanPhenomenally.Phenomenal woman,That's me.","Maya Angelou,",general,
If we couldn't laugh we would all go insane.,Robert Frost,general,
"It gives me strength to have somebody to fight for; I can never fight for myself, but, for others, I can kill.","Emilie Autumn,",general,
"When I was your age, television was called books.","William Goldman,",general,
"I like too many things and get all confused and hung-up running from one falling star to another till i drop. This is the night, what it does to you. I had nothing to offer anybody except my own confusion.",Jack Kerouac,general,
You're a painter. You're a baker. You like to sleep with the windows open. You never take sugar in your tea. And you always double-knot your shoelaces.,"Suzanne Collins,",general,
"Sometimes, I feel the past and the future pressing so hard on either side that there's no room for the present at all.","Evelyn Waugh,",general,
"I cannot go to school today""Said little Peggy Ann McKay.""I have the measles and the mumps,A gash, a rash and purple bumps.My mouth is wet, my throat is dry.I'm going blind in my right eye.My tonsils are as big as rocks,I've counted sixteen chicken pox.And there's one more - that's seventeen,And don't you think my face looks green?My leg is cut, my eyes are blue,It might be the instamatic flu.I cough and sneeze and gasp and choke,I'm sure that my left leg is broke.My hip hurts when I move my chin,My belly button's caving in.My back is wrenched, my ankle's sprained,My 'pendix pains each time it rains.My toes are cold, my toes are numb,I have a sliver in my thumb.My neck is stiff, my voice is weak,I hardly whisper when I speak.My tongue is filling up my mouth,I think my hair is falling out.My elbow's bent, my spine ain't straight,My temperature is one-o-eight.My brain is shrunk, I cannot hear,There's a hole inside my ear.I have a hangnail, and my heart is ...What? What's that? What's that you say?You say today is .............. Saturday?G'bye, I'm going out to play!",Shel Silverstein,general,
"It is a far, far better thing that I do, than I have ever done; it is a far, far better rest that I go to than I have ever known.","Charles Dickens,",general,
"Always go to other people's funerals, otherwise they won't come to yours.","Yogi Berra,",general,
"I imagine one of the reasons people cling to their hates so stubbornly is because they sense, once hate is gone, they will be forced to deal with pain.","James Baldwin,",general,
"It's not always necessary to be strong, but to feel strong.","Jon Krakauer,",general,
"What do you want?""""Just coffee. Black - like my soul.","Cassandra Clare,",general,
"I've got the guts to die. What I want to know is, have you got the guts to live?","Tennessee Williams,",general,
"1. Be Impeccable With Your WordSpeak with integrity. Say only what you mean. Avoid using the word to speak against yourself or to gossip about others. Use the power of your word in the direction of truth and love. 2. Don't Take Anything PersonallyNothing others do is because of you. What others say and do is a projection of their own reality, their own dream. When you are immune to the opinions and actions of others, you won't be the victim of needless suffering. 3. Don't Make AssumptionsFind the courage to ask questions and to express what you really want. Communicate with others as clearly as you can to avoid misunderstandings, sadness and drama. With just this one agreement, you can completely transform your life. 4. Always Do Your BestYour best is going to change from moment to moment; it will be different when you are healthy as opposed to sick. Under any circumstance, simply do your best, and you will avoid self-judgment, self-abuse and regret.",Don Miguel Ruiz,general,
"As a woman I have no country. As a woman I want no country. As a woman, my country is the whole world.",Virginia Woolf,general,
The most effective way to destroy people is to deny and obliterate their own understanding of their history.,George Orwell,general,
"I've lived through some terrible things in my life, some of which actually happened.",Mark Twain,general,
"I am too intelligent, too demanding, and too resourceful for anyone to be able to take charge of me entirely. No one knows me or loves me completely. I have only myself",Simone de Beauvoir,general,
There is a crack in everything.That's how the light gets in.,"Leonard Cohen,",general,
"When one is in love, one always begins by deceiving one's self, and one always ends by deceiving others. That is what the world calls a romance.","Oscar Wilde,",general,
Very few of us are what we seem.,"Agatha Christie,",general,
"May it be a light to you in dark places, when all other lights go out.","J.R.R. Tolkien,",general,
"You want to know about anybody? See what books they read, and how they've been read...","Keri Hulme,",general,
"The trouble is if you don’t spend your life yourself, other people spend it for you.","Peter Shaffer,",general,
One wordFrees us of all the weight and pain of life:That word is love.,Sophocles,general,
The scar had not pained Harry for nineteen years. All was well.,"J.K. Rowling,",general,
There's things that happen in a person's life that are so scorched in the memory and burned into the heart that there's no forgetting them.,John Boyne,general,
"Don't give in to your fears. If you do, you won't be able to talk to your heart.","Paulo Coelho,",general,
I must have loved you a lot.,"Suzanne Collins,",general,
"Do not let the memories of your past limit the potential of your future. There are no limits to what you can achieve on your journey through life, except in your mind.","Roy T. Bennett,",general,
"I travel not to go anywhere, but to go. I travel for travel's sake. The great affair is to move.","Robert Louis Stevenson,",general,
"When the snows fall and the white winds blow, the lone wolf dies but the pack survives.","George R.R. Martin,",general,
"Reading is the sole means by which we slip, involuntarily, often helplessly, into another's skin, another's voice, another's soul.",Joyce Carol Oates,general,
"I used to dream about escaping my ordinary life, but my life was never ordinary. I had simply failed to notice how extraordinary it was.","Ransom Riggs,",general,
"Friendship- my definition- is built on two things. Respect and trust. Both elements have to be there. And it has to be mutual. You can have respect for someone, but if you don't have trust, the friendship will crumble.","Stieg Larsson,",general,
"I have for the first time found what I can truly love–I have found you. You are my sympathy–my better self–my good angel–I am bound to you with a strong attachment. I think you good, gifted, lovely: a fervent, a solemn passion is conceived in my heart; it leans to you, draws you to my centre and spring of life, wrap my existence about you–and, kindling in pure, powerful flame, fuses you and me in one.","Charlotte Bronte,",general,
"The love of learning, the sequestered nooks,And all the sweet serenity of books",Henry Wadsworth Longfellow,general,
The brick walls are there for a reason. The brick walls are not there to keep us out. The brick walls are there to give us a chance to show how badly we want something. Because the brick walls are there to stop the people who don’t want it badly enough. They’re there to stop the other people.,"Randy Pausch,",general,
"You must write every single day of your life... You must lurk in libraries and climb the stacks like ladders to sniff books like perfumes and wear books like hats upon your crazy heads... may you be in love every day for the next 20,000 days. And out of that love, remake a world.",Ray Bradbury,general,
"Trust your heart if the seas catch fire, live by love though the stars walk backward.",E.E. Cummings,general,
I think that we're all mentally ill. Those of us outside the asylums only hide it a little better - and maybe not all that much better after all.,Stephen King,general,
"I must be a mermaid, Rango. I have no fear of depths and a great fear of shallow living.",Anais Nin,general,
No one ever told me that grief felt so like fear.,"C.S. Lewis,",general,
"Somewhere over the rainbow, skies are blue, and the dreams that you dare to dream really do come true.",E.Y. Harburg,general,
A library is infinity under a roof.,Gail Carson Levine,general,
"We are the music makers, and we are the dreamers of dreams.","Arthur William Edgar O'Shaughnessy,",general,
"Grown-ups don't look like grown-ups on the inside either. Outside, they're big and thoughtless and they always know what they're doing. Inside, they look just like they always have. Like they did when they were your age. Truth is, there aren't any grown-ups. Not one, in the whole wide world.","Neil Gaiman,",general,
"The spell. Victor said you had to want me... to care about me... for it to work."" When he didn't say anything, I tried to grip his shirt, but my fingers were too weak. ""Did you? Did you want me?""His words came out thickly. ""Yes, Roza. I did want you. I still do. I wish... we could be together.""""Then why did you lie to me?""We reached the clinic, and he managed to open the door while still holding me. As soon as he stepped inside, he began yelling for help. ""Why did you lie?"" I murmured again.Still holding me in his arms, he looked down at me. I could hear voices and footsteps getting closer.""Because we can't be together.""""Because of the age thing, right?"" I asked. ""Because you're my mentor?""His fingertip gently wiped away a tear that had escaped down my cheek. ""That's part of it,"" he said. ""But also... well, you and I will both be Lissa's gaurdians someday. I need to protect her at all cost. If a pack of Strogoi come, I need to throw my body between them and her.""I know that. Of course that's what you have to do."" The black sparkles were dancing in front of my eyes again. I was fading out.""No. If I let myself love you, I won't throw myself in front of her. I'll throw myself in front of you.","Richelle Mead,",general,
"Freeing yourself was one thing, claiming ownership of that freed self was another.","Toni Morrison,",general,
Is it possible for home to be a person and not a place?,"Stephanie Perkins,",general,
"The greatness of a man is not in how much wealth he acquires, but in his integrity and his ability to affect those around him positively.",Bob Marley,general,
You can make anything by writing.,C.S. Lewis,general,
It's the job that's never started as takes longest to finish.,"J.R.R. Tolkien,",general,
"God, but life is loneliness, despite all the opiates, despite the shrill tinsel gaiety of ""parties"" with no purpose, despite the false grinning faces we all wear. And when at last you find someone to whom you feel you can pour out your soul, you stop in shock at the words you utter - they are so rusty, so ugly, so meaningless and feeble from being kept in the small cramped dark inside you so long. Yes, there is joy, fulfillment and companionship - but the loneliness of the soul in its appalling self-consciousness is horrible and overpowering.","Sylvia Plath,",general,
"A word to the wise ain't necessary, it's the stupid ones who need advice.",Bill Cosby,general,
"I hope that in this year to come, you make mistakes.Because if you are making mistakes, then you are making new things, trying new things, learning, living, pushing yourself, changing yourself, changing your world. You're doing things you've never done before, and more importantly, you're Doing Something.So that's my wish for you, and all of us, and my wish for myself. Make New Mistakes. Make glorious, amazing mistakes. Make mistakes nobody's ever made before. Don't freeze, don't stop, don't worry that it isn't good enough, or it isn't perfect, whatever it is: art, or love, or work or family or life.Whatever it is you're scared of doing, Do it.Make your mistakes, next year and forever.",Neil Gaiman,general,
"[D]on't ever apologise to an author for buying something in paperback, or taking it out from a library (that's what they're there for. Use your library). Don't apologise to this author for buying books second hand, or getting them from bookcrossing or borrowing a friend's copy. What's important to me is that people read the books and enjoy them, and that, at some point in there, the book was bought by someone. And that people who like things, tell other people. The most important thing is that people read...",Neil Gaiman,general,
"Even in half demon hunter clothes, Clary thought, he looked like the kind of boy who'd come over your house to pick you up for a date and be polite to your parents and nice to your pets.Jace on the other hand, looked like the kind of boy who'd come over your house and burn it down just for kicks.","Cassandra Clare,",general,
There must be those among whom we can sit down and weep and still be counted as warriors.,Adrienne Rich,general,
"Make your mistakes, take your chances, look silly, but keep on going. Don’t freeze up.","Thomas Wolfe,",general,
The supreme art of war is to subdue the enemy without fighting.,"Sun Tzu,",general,
Open your eyes and see what you can with them before they close forever.,"Anthony Doerr,",general,
"please believe that things are good with me, and even when they're not, they will be soon enough. And i will always believe the same about you.","Stephen Chbosky,",general,
Black holes are where God divided by zero.,Albert Einstein,general,
"It is not the size of the dog in the fight that counts, but the fight in the dog that wins.","Arthur G. Lewis,",general,
Truth only means something when it's hard to admit.,"Nicholas Sparks,",general,
"Some people have a way with words, and other people...oh, uh, not have way.",Steve Martin,general,
The truth will set you free. But not until it is finished with you.,"David Foster Wallace,",general,
I like flaws. I think they make things interesting.,"Sarah Dessen,",general,
A woman's heart should be so hidden in God that a man has to seek Him just to find her.,Maya Angelou,general,
This was another of our fears: that Life wouldn't turn out to be like Literature.,"Julian Barnes,",general,
Thinking something does not make it true. Wanting something does not make it real.,"Michelle Hodkin,",general,
"When one tugs at a single thing in nature, he finds it attached to the rest of the world.",John Muir,general,
"Stop comparing yourself to other people, just choose to be happy and live your own life.","Roy T. Bennett,",general,
"My alone feels so good, I'll only have you if you're sweeter than my solitude.",Warsan Shire,general,
No Mourners.No Funerals.,"Leigh Bardugo,",general,
"When everything goes to hell, the people who stand by you without flinching -- they are your family.",Jim Butcher,general,
"Heaven knows we need never be ashamed of our tears, for they are rain upon the blinding dust of earth, overlying our hard hearts. I was better after I had cried, than before--more sorry, more aware of my own ingratitude, more gentle.","Charles Dickens,",general,
"If you have a sister and she dies, do you stop saying you have one? Or are you always a sister, even when the other half of the equation is gone?","Jodi Picoult,",general,
"No matter how careful you are, there's going to be the sense you missed something, the collapsed feeling under your skin that you didn't experience it all. There's that fallen heart feeling that you rushed right through the moments where you should've been paying attention.Well, get used to that feeling. That's how your whole life will feel some day.This is all practice.","Chuck Palahniuk,",general,
The price good men pay for indifference to public affairs is to be ruled by evil men.,Plato,general,
"Selfishness is not living as one wishes to live, it is asking others to live as one wishes to live.",Oscar Wilde,general,
"When you laugh, laugh like hell. And when you get angry, get good and angry. Try to be alive. You will be dead soon enough.",William Saroyan,general,
"Never be bullied into silence. Never allow yourself to be made a victim. Accept no one's definition of your life, but define yourself.",Harvey Fierstein,general,
"If I had my life to live over again, I would have made a rule to read some poetry and listen to some music at least once every week.","Charles Darwin,",general,
"You are not special. You're not a beautiful and unique snowflake. You're the same decaying organic matter as everything else. We're all part of the same compost heap. We're all singing, all dancing crap of the world.","Chuck Palahniuk,",general,
"If you have enough book space, I don't want to talk to you.",Terry Pratchett,general,
"I am not proud, but I am happy; and happiness blinds, I think, more than pride.","Alexandre Dumas,",general,
"I was always hungry for love. Just once, I wanted to know what it was like to get my fill of it -- to be fed so much love I couldn't take any more. Just once.","Haruki Murakami,",general,
Burdens are for shoulders strong enough to carry them.,"Margaret Mitchell,",general,
The emotion that can break your heart is sometimes the very one that heals it...,"Nicholas Sparks,",general,
If I’m honest I have to tell you I still read fairy-tales and I like them best of all.,Audrey Hepburn,general,
The best way to find yourself is to lose yourself in the service of others.,Mahatma Gandhi,general,
Let the improvement of yourself keep you so busy that you have no time to criticize others.,"Roy T. Bennett,",general,
"Let the first act of every morning be to make the following resolve for the day:- I shall not fear anyone on Earth. - I shall fear only God. - I shall not bear ill will toward anyone. - I shall not submit to injustice from anyone. - I shall conquer untruth by truth. And in resisting untruth, I shall put up with all suffering.",Mahatma Gandhi,general,
"I was not a pet, not a doll, not an animal.I was a survivor, and I was strong.I would not be weak, or helpless again I would not, could not be broken. Tamed.","Sarah J. Maas,",general,
الكراهية تكلف أكثر من الحب.. لأنها إحساس غير طبيعي.. إحساس عكسي مثل حركة الأجسام ضد جاذبية الأرض.. تحتاج إلى قوة إضافية وتستهلك وقوداً أكثر,"مصطفى محمود,",general,
"Remember if people talk behind your back, it only means you are two steps ahead.","Fannie Flagg,",general,
"Behind every beautiful thing, there's some kind of pain.",Bob Dylan,general,
The only thing necessary for the triumph of evil is for good men to do nothing.,Edmund Burke,general,
I had absolutely no interest in being somebody else's muse.I am not a muse.I am the somebody.End of fucking story.,"Taylor Jenkins Reid,",general,
"You’re in a car with a beautiful boy, and he won’t tell you that he loves you, but he loves you. And you feel like you’ve done something terrible, like robbed a liquor store, or swallowed pills, or shoveled yourself a grave in the dirt, and you’re tired. You’re in a car with a beautiful boy, and you’re trying not to tell him that you love him, and you’re trying to choke down the feeling, and you’re trembling, but he reaches over and he touches you, like a prayer for which no words exist, and you feel your heart taking root in your body, like you’ve discovered something you didn’t even have a name for.",richard siken,general,
"No sight so sad as that of a naughty child,"" he began, ""especially a naughty little girl. Do you know where the wicked go after death?""""They go to hell,"" was my ready and orthodox answer.""And what is hell? Can you tell me that?""""A pit full of fire.""""And should you like to fall into that pit, and to be burning there for ever?""""No, sir.""""What must you do to avoid it?""I deliberated a moment: my answer, when it did come was objectionable: ""I must keep in good health and not die.","Charlotte Brontë,",general,
"Life is not a matter of holding good cards, but of playing a poor hand well.",Robert Louis Stevenson,general,
Remembering that you are going to die is the best way I know to avoid the trap of thinking you have something to lose. You are already naked. There is no reason not to follow your heart.,Steve Jobs,general,
"Forbidden to remember, terrified to forget; it was a hard line to walk.","Stephenie Meyer,",general,
"You know, Hobbes, some days even my lucky rocket ship underpants don't help.",Bill Watterson,general,
"I will love you always. When this red hair is white, I will still love you. When the smooth softness of youth is replaced by the delicate softness of age, I will still want to touch your skin. When your face is full of the lines of every smile you have ever smiled, of every surprise I have seen flash through your eyes, when every tear you have ever cried has left its mark upon your face,I will treasure you all the more, because I was there to see it all. I will share your life with you, Meredith, and I will love you until the last breath leaves your body or mine.","Laurell K. Hamilton,",general,
No book can be appreciated until it has been slept with and dreamed over.,Eugene Field,general,
"They always say time changes things, but you actually have to change them yourself.","Andy Warhol,",general,
"Ginny!"" said Mr. Weasley, flabbergasted. ""Haven't I taught you anything? What have I always told you? Never trust anything that can think for itself if you can't see where it keeps its brain?","J.K. Rowling,",general,
Being a writer is a very peculiar sort of a job: it's always you versus a blank sheet of paper (or a blank screen) and quite often the blank piece of paper wins.,Neil Gaiman,general,
"I could die for you. But I couldn't, and wouldn't, live for you.","Ayn Rand,",general,
Blessed are the hearts that can bend; they shall never be broken.,Albert Camus,general,
"That's the thing about depression: A human being can survive almost anything, as long as she sees the end in sight. But depression is so insidious, and it compounds daily, that it's impossible to ever see the end.","Elizabeth Wurtzel,",general,
"The ultimate measure of a man is not where he stands in moments of comfort and convenience, but where he stands at times of challenge and controversy.",Martin Luther King Jr.,general,
"Things need not have happened to be true. Tales and dreams are the shadow-truths that will endure when mere facts are dust and ashes, and forgot.","Neil Gaiman,",general,
Everything must be made as simple as possible. But not simpler.,Albert Einstein,general,
Books have to be heavy because the whole world's inside them.,"Cornelia Funke,",general,
"Loneliness is the human condition. Cultivate it. The way it tunnels into you allows your soul room to grow. Never expect to outgrow loneliness. Never hope to find people who will understand you, someone to fill that space. An intelligent, sensitive person is the exception, the very great exception. If you expect to find people who will understand you, you will grow murderous with disappointment. The best you'll ever do is to understand yourself, know what it is that you want, and not let the cattle stand in your way.","Janet Fitch,",general,
To love another person is to see the face of God.,"Victor Hugo,",general,
"I am only responsible for my own heart, you offered yours up for the smashing my darling. Only a fool would give out such a vital organ",Anais Nin,general,
"I hate to advocate drugs, alcohol, violence, or insanity to anyone, but they've always worked for me.",Hunter S. Thompson,general,
"The more one judges, the less one loves.","Honoré de Balzac,",general,
Better to die fighting for freedom then be a prisoner all the days of your life.,Bob Marley,general,
You are not rich until you have a rich heart.,"Roy T. Bennett,",general,
"When I saw you I fell in love, and you smiled because you knew.",Arrigo Boito,general,
"I am lonely, yet not everybody will do. I don't know why, some people fill the gaps and others emphasize my loneliness. In reality those who satisfy me are those who simply allow me to live with my ''idea of them.",Anais Nin,general,
One person's craziness is another person's reality.,Tim Burton,general,
"I learned that courage was not the absence of fear, but the triumph over it. The brave man is not he who does not feel afraid, but he who conquers that fear.",Nelson Mandela,general,
Education: the path from cocky ignorance to miserable uncertainty.,Mark Twain,general,
"So many people walk around with a meaningless life. They seem half-asleep, even when they're busy doing things they think are important. This is because they're chasing the wrong things. The way you get meaning into your life is to devote yourself to loving others, devote yourself to your community around you, and devote yourself to creating something that gives you purpose and meaning.","Mitch Albom,",general,
"In my younger and more vulnerable years my father gave me some advice that I've been turning over in my mind ever since.""Whenever you feel like criticizing any one,"" he told me, ""just remember that all the people in this world haven't had the advantages that you've had.","F. Scott Fitzgerald,",general,
It is one of life's bitterest truths that bedtime so often arrives just when things are really getting interesting.,"Lemony Snicket,",general,
"Life is too short to waste any amount of time on wondering what other people think about you. In the first place, if they had better things going on in their lives, they wouldn't have the time to sit around and talk about you. What's important to me is not others' opinions of me, but what's important to me is my opinion of myself.",C. JoyBell C.,general,
Try to be a rainbow in someone's cloud.,"Maya Angelou,",general,
If you're too open-minded; your brains will fall out.,Lawrence Ferlinghetti,general,
"Atticus, he was real nice.""""Most people are, Scout, when you finally see them.","Harper Lee,",general,
"When we don't know who to hate, we hate ourselves.","Chuck Palahniuk,",general,
Nothing great in the world was accomplished without passion.,Georg Wilhelm Friedrich Hegel,general,
"I fell in love with her when we were together, then fell deeper in love with her in the years we were apart.","Nicholas Sparks,",general,
"When God Created Mothers"" When the Good Lord was creating mothers, He was into His sixth day of ""overtime"" when the angel appeared and said. ""You're doing a lot of fiddling around on this one."" And God said, ""Have you read the specs on this order?"" She has to be completely washable, but not plastic. Have 180 moveable parts...all replaceable. Run on black coffee and leftovers. Have a lap that disappears when she stands up. A kiss that can cure anything from a broken leg to a disappointed love affair. And six pairs of hands."" The angel shook her head slowly and said. ""Six pairs of hands.... no way."" It's not the hands that are causing me problems,"" God remarked, ""it's the three pairs of eyes that mothers have to have."" That's on the standard model?"" asked the angel. God nodded. One pair that sees through closed doors when she asks, 'What are you kids doing in there?' when she already knows. Another here in the back of her head that sees what she shouldn't but what she has to know, and of course the ones here in front that can look at a child when he goofs up and say. 'I understand and I love you' without so much as uttering a word."" God,"" said the angel touching his sleeve gently, ""Get some rest tomorrow...."" I can't,"" said God, ""I'm so close to creating something so close to myself. Already I have one who heals herself when she is sick...can feed a family of six on one pound of hamburger...and can get a nine year old to stand under a shower."" The angel circled the model of a mother very slowly. ""It's too soft,"" she sighed. But tough!"" said God excitedly. ""You can imagine what this mother can do or endure."" Can it think?"" Not only can it think, but it can reason and compromise,"" said the Creator. Finally, the angel bent over and ran her finger across the cheek. There's a leak,"" she pronounced. ""I told You that You were trying to put too much into this model."" It's not a leak,"" said the Lord, ""It's a tear."" What's it for?"" It's for joy, sadness, disappointment, pain, loneliness, and pride."" You are a genius, "" said the angel. Somberly, God said, ""I didn't put it there.","Erma Bombeck,",general,
Your silence will not protect you.,"Audre Lorde,",general,
"When the first baby laughed for the first time, its laugh broke into a thousand pieces, and they all went skipping about, and that was the beginning of fairies.","J.M. Barrie,",general,
Better a cruel truth than a comfortable delusion.,Edward Abbey,general,
"The Very first moment I beheld him, my heart was irrevocably gone.","Jane Austen,",general,
Educating the mind without educating the heart is no education at all.,Aristotle,general,
"Your visions will become clear only when you can look into your own heart. Who looks outside, dreams; who looks inside, awakes.",C.G. Jung,general,
"Maybe there were people who lived those lives. Maybe this girl was one of them. But what about the rest of us? What about the nobodies and the nothings, the invisible girls? We learn to hold our heads as if we wear crowns. We learn to wring magic from the ordinary. That was how you survived when you weren’t chosen, when there was no royal blood in your veins. When the world owed you nothing, you demanded something of it anyway.","Leigh Bardugo,",general,
"A friend said to me, “Hey you need to grow a pair. Grow a pair, Bro.",Sheng Wang,general,
"Jace shook his blond head in exasperation. ""You had to make a crazy jail friend, didn't you? You couldn't just count ceiling tiles or tame a pet mouse like normal prisoners do?","Cassandra Clare,",general,
My course is set for an uncharted sea.,Dante Alighieri,general,
It is never too late to be wise.,"Daniel Defoe,",general,
You like someone who can't like you back because unrequited love can be survived in a way that once-requited love cannot.,"John Green,",general,
"To-morrow, and to-morrow, and to-morrow,Creeps in this petty pace from day to day,To the last syllable of recorded time;And all our yesterdays have lighted foolsThe way to dusty death. Out, out, brief candle!Life's but a walking shadow, a poor player,That struts and frets his hour upon the stage,And then is heard no more. It is a taleTold by an idiot, full of sound and fury,Signifying nothing.","William Shakespeare,",general,
"Whatever you are physically...male or female, strong or weak, ill or healthy--all those things matter less than what your heart contains. If you have the soul of a warrior, you are a warrior. All those other things, they are the glass that contains the lamp, but you are the light inside.","Cassandra Clare,",general,
People change and forget to tell each other.,Lillian Hellman,general,
It must require bravery to be honest all the time.,"Veronica Roth,",general,
I don't like people who have never fallen or stumbled. Their virtue is lifeless and it isn't of much value. Life hasn't revealed its beauty to them.,Boris Pasternak,general,
"What happened down in the dungeons between you and Professor Quirrell is a complete secret, so, naturally the whole school knows.","J. K. Rowling,",general,
To choose doubt as a philosophy of life is akin to choosing immobility as a means of transportation.,"Yann Martel,",general,
"It ain't what they call you, it's what you answer to.",W.C. Fields,general,
All I have seen teaches me to trust the Creator for all I have not seen.,Ralph Waldo Emerson,general,
"The major problem—one of the major problems, for there are several—one of the many major problems with governing people is that of whom you get to do it; or rather of who manages to get people to let them do it to them. To summarize: it is a well-known fact that those people who must want to rule people are, ipso facto, those least suited to do it. To summarize the summary: anyone who is capable of getting themselves made President should on no account be allowed to do the job.","Douglas Adams,",general,
"Stories can conquer fear, you know. They can make the heart bigger.",Ben Okri,general,
"Remember me and smile, for it's better to forget than to remember me and cry.",Dr. Seuss,general,
A man who dares to waste one hour of time has not discovered the value of life.,"Charles Darwin,",general,
"Even the strongest and bravest must sometimes weep. It shows they have a great heart, one that can feel compassion for others.","Brian Jacques,",general,
"The past is always tense, the future perfect.",Zadie Smith,general,
"Great heroes need great sorrows and burdens, or half their greatness goes unnoticed. It is all part of the fairy tale.","Peter S. Beagle,",general,
"In your light I learn how to love. In your beauty, how to make poems. You dance inside my chest where no-one sees you, but sometimes I do, and that sight becomes this art.",Rumi,general,
"The mark of the immature man is that he wants to die nobly for a cause, while the mark of the mature man is that he wants to live humbly for one.","J.D. Salinger,",general,
"Anyone can hide. Facing up to things, working through them, that's what makes you strong.",Sarah Dessen,general,
Is man merely a mistake of God's? Or God merely a mistake of man?,Friedrich Nietzsche,general,
"I hope you're pleased with yourselves. We could all have been killed - or worse, expelled. Now if you don't mind, I'm going to bed.","J.K. Rowling,",general,
"To be fully seen by somebody, then, and be loved anyhow - this is a human offering that can border on miraculous.","Elizabeth Gilbert,",general,
What she had realized was that love was that moment when your heart was about to burst.,"Stieg Larsson,",general,
"I kept always two books in my pocket, one to read, one to write in.","Robert Louis Stevenson,",general,
"Where words leave off, music begins.",Heinrich Heine,general,
"I always arrive late at the office, but I make up for it by leaving early.",Charles Lamb,general,
There's nowhere you can be that isn't where you're meant to be...,John Lennon,general,
I'd rather die on an adventure than live standing still.,"V.E. Schwab,",general,
"We sit silently and watch the world around us. This has taken a lifetime to learn. It seems only the old are able to sit next to one another and not say anything and still feel content. The young, brash and impatient, must always break the silence. It is a waste, for silence is pure. Silence is holy. It draws people together because only those who are comfortable with each other can sit without speaking. This is the great paradox.","Nicholas Sparks,",general,
We are all someone's monster.,"Leigh Bardugo,",general,
Sometimes things fall apart so that better things can fall together,Marilyn Monroe,general,
What of Art?-It is a malady.--Love?-An Illusion.--Religion?-The fashionable substitute for Belief.--You are a sceptic.-Never! Scepticism is the beginning of Faith.--What are you?-To define is to limit.,"Oscar Wilde ,",general,
"It's much easier to not know things sometimes. Things change and friends leave. And life doesn't stop for anybody. I wanted to laugh. Or maybe get mad. Or maybe shrug at how strange everybody was, especially me. I think the idea is that every person has to live for his or her own life and than make the choice to share it with other people. You can't just sit their and put everybody's lives ahead of yours and think that counts as love. You just can't. You have to do things. I'm going to do what I want to do. I'm going to be who I really am. And I'm going to figure out what that is. And we could all sit around and wonder and feel bad about each other and blame a lot of people for what they did or didn't do or what they didn't know. I don't know. I guess there could always be someone to blame. It's just different. Maybe it's good to put things in perspective, but sometimes, I think that the only perspective is to really be there. Because it's okay to feel things. I was really there. And that was enough to make me feel infinite. I feel infinite.","Stephen Chbosky,",general,
Do not think that love in order to be genuine has to be extraordinary. What we need is to love without getting tired. Be faithful in small things because it is in them that your strength lies.,Mother Teresa,general,
Words dazzle and deceive because they are mimed by the face. But black words on a white page are the soul laid bare.,Guy de Maupassant,general,
"If the moon smiled, she would resemble you.You leave the same impression Of something beautiful, but annihilating.","Sylvia Plath,",general,
"Does such a thing as 'the fatal flaw,' that showy dark crack running down the middle of a life, exist outside literature? I used to think it didn't. Now I think it does. And I think that mine is this: a morbid longing for the picturesque at all costs.","Donna Tartt,",general,
In the endthese things matter most:How well did you love?How fully did you live?How deeply did you let go?,"Jack Kornfield,",general,
"If you have good friends, no matter how much life is sucking , they can make you laugh.",P.C. Cast Kristin Cast,general,
"Do not read as children do to enjoy themselves, or, as the ambitious do to educate themselves. No, read to live.",Gustave Flaubert,general,
"Kind words can be short and easy to speak, but their echoes are truly endless.",Mother Teresa,general,
Curiouser and curiouser!,"Lewis Carroll,",general,
"I hope you will have a wonderful year, that you'll dream dangerously and outrageously, that you'll make something that didn't exist before you made it, that you will be loved and that you will be liked, and that you will have people to love and to like in return. And, most importantly (because I think there should be more kindness and more wisdom in the world right now), that you will, when you need to be, be wise, and that you will always be kind.",Neil Gaiman,general,
The only thing better than imagining Dimitri carrying me in his arms was imagining him shirtless while carrying me in his arms.,"Richelle Mead,",general,
Shut your eyes and see.,James Joyce,general,
The earth laughs in flowers.,Ralph Waldo Emerson,general,
A smile is a curve that sets everything straight.,Phyllis Diller,general,
"I love mankind, he said, ""but I find to my amazement that the more I love mankind as a whole, the less I love man in particular.","Fyodor Dostoyevsky,",general,
"Rare as is true love, true friendship is rarer.",Jean de La Fontaine,general,
"But I love your feet only because they walked upon the earth and upon the wind and upon the waters, until they found me.",Pablo Neruda,general,
"The man who passes the sentence should swing the sword. If you would take a man's life, you owe it to him to look into his eyes and hear his final words. And if you cannot bear to do that, then perhaps the man does not deserve to die.","George R.R. Martin,",general,
Do not spoil what you have by desiring what you have not; remember that what you now have was once among the things you only hoped for.,Epicurus,general,
"Only people who are capable of loving strongly can also suffer great sorrow, but this same necessity of loving serves to counteract their grief and heals them.",Leo Tolstoy,general,
"To err is human, to forgive, divine.","Alexander Pope,",general,
"I know we're fucked up, alright? I'm impulsive, and hot tempered, and you get under my skin like no one else. You act like you hate me one minute, and then need me the next. I never get anything right, and I don't deserve you...but I fucking love you, Abby. I love you more than I loved anyone or anything ever. When you're around, I don't need booze, or money, or the fighting, or the one-night stands...","Jamie McGuire,",general,
You do have a story inside you; it lies articulate and waiting to be written — behind your silence and your suffering.,Anne Rice,general,
Learn from the mistakes of others. You can never live long enough to make them all yourself.,Groucho Marx,general,
Evil is always possible. And goodness is eternally difficult.,"Anne Rice,",general,
Did you see that dress?,"Richelle Mead,",general,
I guess that’s just part of loving people: You have to give things up. Sometimes you even have to give them up.,"Lauren Oliver,",general,
"We are each our own devil, and we make this world our hell.",Oscar Wilde,general,
The surest way to corrupt a youth is to instruct him to hold in higher esteem those who think alike than those who think differently.,Friedrich Nietzsche,general,
"There is a pleasure in the pathless woods,There is a rapture on the lonely shore,There is society, where none intrudes,By the deep sea, and music in its roar:I love not man the less, but Nature more",Lord Byron,general,
"Between two evils, I always pick the one I never tried before.",Mae West,general,
"It takes courage to love, but pain through love is the purifying fire which those who love generously know. We all know people who are so much afraid of pain that they shut themselves up like clams in a shell and, giving out nothing, receive nothing and therefore shrink until life is a mere living death.",Eleanor Roosevelt,general,
"I don’t trust anybody. Not anybody. And the more that I care about someone, the more sure I am they’re going to get tired of me and take off.","Rainbow Rowell,",general,
Being entirely honest with oneself is a good exercise.,Sigmund Freud,general,
"Headline?"" he asked.""'Swing Set Needs Home,'"" I said.""'Desperately Lonely Swing Set Needs Loving Home,'"" he said.""'Lonely, Vaguely Pedophilic Swing Set Seeks the Butts of Children,'"" I said.","John Green,",general,
"They say I'm old-fashioned, and live in the past, but sometimes I think progress progresses too fast!",Dr. Seuss,general,
I'd rather die my way than live yours.,"Lauren Oliver,",general,
"I have faith that God will show you the answer. But you have to understand that sometimes it takes a while to be able to recognize what God wants you to do. That's how it often is. God's voice is usually nothing more than a whisper, and you have to listen very carefully to hear it. But other times, in those rarest of moments, the answer is obvious and rings as loud as a church bell.","Nicholas Sparks,",general,
My rapier wit hides my inner pain.,Cassandra Clare,general,
"When we're incomplete, we're always searching for somebody to complete us. When, after a few years or a few months of a relationship, we find that we're still unfulfilled, we blame our partners and take up with somebody more promising. This can go on and on--series polygamy--until we admit that while a partner can add sweet dimensions to our lives, we, each of us, are responsible for our own fulfillment. Nobody else can provide it for us, and to believe otherwise is to delude ourselves dangerously and to program for eventual failure every relationship we enter.",Tom Robbins,general,
"But if thought corrupts language, language can also corrupt thought.","George Orwell,",general,
"Nothing in life is to be feared, it is only to be understood. Now is the time to understand more, so that we may fear less.",Marie Curie,general,
Morning is wonderful. Its only drawback is that it comes at such an inconvenient time of day.,"Glen Cook,",general,
"Those who have a 'why' to live, can bear with almost any 'how'.","Viktor E. Frankl,",general,
"People tend to complicate their own lives, as if living weren't already complicated enough.","Carlos Ruiz Zafón,",general,
"Um...is that thing tame?"" Frank said.The horse whinnied angrily.""I don't think so,"" Percy guessed. ""He just said, 'I will trample you to death, silly Chinese Canadian baby man'.","Rick Riordan,",general,
"When I say it's you I like, I'm talking about that part of you that knows that life is far more than anything you can ever see or hear or touch. That deep part of you that allows you to stand for those things without which humankind cannot survive. Love that conquers hate, peace that rises triumphant over war, and justice that proves more powerful than greed.",Fred Rogers,general,
Second star to the right and straight on 'til morning.,"J.M. Barrie,",general,
Fairy tales do not tell children the dragons exist. Children already know that dragons exist. Fairy tales tell children the dragons can be killed.,G.K. Chesterton,general,
"Never marry at all, Dorian. Men marry because they are tired, women, because they are curious: both are disappointed.","Oscar Wilde,",general,
"I can't eat and I can't sleep. I'm not doing well in terms of being a functional human, you know?","Ned Vizzini,",general,
"If I am really a part of your dream, you'll come back one day.",Paulo Coelho,general,
You only live twice:Once when you are bornAnd once when you look death in the face,"Ian Fleming,",general,
"We shouldn't be looking for heroes, we should be looking for good ideas.",Noam Chomsky,general,
"I'd rather be hated for who I am, than loved for who I am not.",Kurt Cobain,general,
"Holding Eleanor's hand was like holding a butterfly. Or a heartbeat. Like holding something complete, and completely alive.","Rainbow Rowell,",general,
Whenever you feel like criticizing any one...just remember that all the people in this world haven't had the advantages that you've had.,F. Scott Fitzgerald,general,
The voice of the sea speaks to the soul.,"Kate Chopin,",general,
Sometimes even to live is an act of courage.,Lucius Annaeus Seneca,general,
"Catherine Earnshaw, may you not rest as long as I am living. You said I killed you--haunt me then. The murdered do haunt their murderers. I believe--I know that ghosts have wandered the earth. Be with me always--take any form--drive me mad. Only do not leave me in this abyss, where I cannot find you! Oh, God! It is unutterable! I cannot live without my life! I cannot live without my soul!","Emily Brontë,",general,
"The only real prison is fear, and the only real freedom is freedom from fear",Aung San Suu Kyi,general,
"It doesn't matter. I have books, new books, and I can bear anything as long as there are books.","Jo Walton,",general,
"In my next life I want to live my life backwards. You start out dead and get that out of the way. Then you wake up in an old people's home feeling better every day. You get kicked out for being too healthy, go collect your pension, and then when you start work, you get a gold watch and a party on your first day. You work for 40 years until you're young enough to enjoy your retirement. You party, drink alcohol, and are generally promiscuous, then you are ready for high school. You then go to primary school, you become a kid, you play. You have no responsibilities, you become a baby until you are born. And then you spend your last 9 months floating in luxurious spa-like conditions with central heating and room service on tap, larger quarters every day and then Voila! You finish off as an orgasm!",Woody Allen,general,
"Ignore those that make you fearful and sad, that degrade you back towards disease and death.",Rumi Jalalud-Din,general,
I get a warm feeling among my books.,Anthony Powell,general,
"The question is not what you look at, but what you see.",Henry David Thoreau,general,
"He awoke each morning with the desire to do right, to be a good and meaningful person, to be, as simple as it sounded and as impossible as it actually was, happy. And during the course of each day his heart would descend from his chest into his stomach. By early afternoon he was overcome by the feeling that nothing was right, or nothing was right for him, and by the desire to be alone. By evening he was fulfilled: alone in the magnitude of his grief, alone in his aimless guilt, alone even in his loneliness. I am not sad, he would repeat to himself over and over, I am not sad. As if he might one day convince himself. Or fool himself. Or convince others--the only thing worse than being sad is for others to know that you are sad. I am not sad. I am not sad. Because his life had unlimited potential for happiness, insofar as it was an empty white room. He would fall asleep with his heart at the foot of his bed, like some domesticated animal that was no part of him at all. And each morning he would wake with it again in the cupboard of his rib cage, having become a little heavier, a little weaker, but still pumping. And by the midafternoon he was again overcome with the desire to be somewhere else, someone else, someone else somewhere else. I am not sad.","Jonathan Safran Foer,",general,
"If all the world hated you and believed you wicked, while your own conscience approved of you and absolved you from guilt, you would not be without friends.","Charlotte Brontë,",general,
"Our lives are not our own. We are bound to others, past and present, and by each crime and every kindness, we birth our future.","David Mitchell,",general,
"For me, I am driven by two main philosophies: know more today about the world than I knew yesterday and lessen the suffering of others. You'd be surprised how far that gets you.",Neil deGrasse Tyson,general,
"If you liked being a teenager, there's something really wrong with you.",Stephen King,general,
"Sorrow is how we learn to love. Your heart isn't breaking. It hurts because it's getting larger. The larger it gets, the more love it holds.","Rita Mae Brown,",general,
"I am awfully greedy; I want everything from life. I want to be a woman and to be a man, to have many friends and to have loneliness, to work much and write good books, to travel and enjoy myself, to be selfish and to be unselfish… You see, it is difficult to get all which I want. And then when I do not succeed I get mad with anger.",Simone de Beauvoir,general,
"Nothing behind me, everything ahead of me, as is ever so on the road.","Jack Kerouac,",general,
The best way to cheer yourself is to try to cheer someone else up.,Mark Twain,general,
"If everybody is thinking alike, then somebody isn't thinking.",George S. Patton,general,
"Parents can only give good advice or put them on the right paths, but the final forming of a person's character lies in their own hands.",Anne Frank,general,
أي علم هذا الذي لم يستطع حتى الآن أن يضع أصوات من نحب في أقراص ، أو زجاجة دواء نتناولها سرًّا ، عندما نصاب بوعكة عاطفية بدون أن يدري صاحبها كم نحن نحتاجه,"أحلام مستغانمي,",general,
One day you will ask me which is more important? My life or yours? I will say mine and you will walk away not knowing that you are my life.,Khalil Gibran,general,
The last enemy that shall be destroyed is death.,"J.K. Rowling,",general,
Pity those who don't feel anything at all.,"Sarah J. Maas,",general,
The two hardest tests on the spiritual road are the patience to wait for the right moment and the courage not to be disappointed with what we encounter.,"Paulo Coelho,",general,
Holding anger is a poison...It eats you from inside...We think that by hating someone we hurt them...But hatred is a curved blade...and the harm we do to others...we also do to ourselves.,"Mitch Albom,",general,
Autumn is a second spring when every leaf is a flower.,Albert Camus,general,
"Trains are great dirty smoky things,"" said Will. ""You won't like it."" Tessa was unmoved. ""I won't know if I like it until I try it, will I?"" ""I've never swum naked in the Thames before, but I know I wouldn't like it."" ""But think how entertaining for sightseers,"" said Tessa, and she saw Jem duck his head to hide the quick flash of his grin.","Cassandra Clare,",general,
The only lies for which we are truly punished are those we tell ourselves.,"V. S. Naipaul,",general,
Waste no more time arguing about what a good man should be. Be one.,"Marcus Aurelius,",general,
"And so I try to be kind to everything I see, and in everything I see, I see him.","Hanya Yanagihara,",general,
"Until you make the unconscious conscious, it will direct your life and you will call it fate.",C.G. Jung,general,
Those who cannot change their minds cannot change anything.,George Bernard Shaw,general,
"Sometimes I wonder if there's something wrong with me. Perhaps I've spent too long in the company of my literary romantic heroes, and consequently my ideals and expectations are far too high.","E.L. James,",general,
"Once you have read a book you care about, some part of it is always with you.","Louis L'Amour,",general,
"They're certainly entitled to think that, and they're entitled to full respect for their opinions... but before I can live with other folks I've got to live with myself. The one thing that doesn't abide by majority rule is a person's conscience.","Harper Lee,",general,
"We need not to be let alone. We need to be really bothered once in a while. How long is it since you were really bothered? About something important, about something real?","Ray Bradbury,",general,
"Did you really want to die?""""No one commits suicide because they want to die.""""Then why do they do it?""""Because they want to stop the pain.","Tiffanie DeBartolo,",general,
"Always be a poet, even in prose.",Charles Baudelaire,general,
Maybe some people are just meant to be in the same story.,"Jandy Nelson,",general,
"Even After All this timeThe Sun never says to the Earth,""You owe me.""LookWhat happensWith a love like that,It lights the whole sky.",Hafiz,general,
"Can you surf really well, then?""I looked at Grover, who was trying hard not to laugh.""Jeez, Nico,"" I said. ""I've never really tried.""He went on asking questions. Did I fight a lot with Thalia, since she was a daughter of Zeus? (I didn't answer that one.) If Annabeth's mother was Athena, the goddess of wisdom, then why didn't Annabeth know better than to fall off a cliff? (I tried not to strangle Nico for asking that one.) Was Annabeth my girlfriend? (At this point, I was ready to stick the kid in a meat-flavored sack and throw him to the wolves.)",Rick Riordan,general,
I sit beside the fire and think Of all that I have seenOf meadow flowers and butterfliesIn summers that have beenOf yellow leaves and gossamerIn autumns that there wereWith morning mist and silver sunAnd wind upon my hairI sit beside the fire and thinkOf how the world will beWhen winter comes without a spring That I shall ever seeFor still there are so many thingsThat I have never seenIn every wood in every springThere is a different greenI sit beside the fire and thinkOf people long agoAnd people that will see a worldThat I shall never knowBut all the while I sit and thinkOf times there were beforeI listen for returning feet And voices at the door,J.R.R. Tolkien,general,
Science is not only compatible with spirituality; it is a profound source of spirituality.,"Carl Sagan,",general,
"I know of a cure for everything: salt water...in one way or the other. Sweat, or tears, or the salt sea.",Karen Blixen,general,
All happiness depends on courage and work.,Honoré de Balzac,general,
Books serve to show a man that those original thoughts of his aren't very new after all.,Abraham Lincoln,general,
A small but noteworthy note. I've seen so many young men over the years who think they're running at other young men. They are not. They are running at me.,"Markus Zusak,",general,
Maybe our girlfriends are our soulmates and guys are just people to have fun with.,"Candace Bushnell,",general,
"I wonder how many people don't get the one they want, but end up with the one they're supposed to be with.","Fannie Flagg,",general,
The advantage of a bad memory is that one enjoys several times the same good things for the first time.,Friedrich Nietzsche,general,
"I like people too much or not at all. I've got to go down deep, to fall into people, to really know them.","Sylvia Plath,",general,
"Ignite, my love. Ignite.","Tahereh Mafi,",general,
Some walks you have to take alone.,"Suzanne Collins,",general,
"An Unbreakable Vow?"" said Ron, looking stunned. ""Nah, he can’t have.... Are you sure?""""Yes I’m sure,"" said Harry. ""Why, what does it mean?""""Well, you can’t break an Unbreakable Vow...""""I’d worked that much out for myself, funnily enough.","J.K. Rowling,",general,
I have nothing to declare except my genius.,Oscar Wilde,general,
You care so much you feel as though you will bleed to death with the pain of it.,"J.K. Rowling,",general,
"But I didn't understand then. That I could hurt somebody so badly she would never recover. That a person can, just by living, damage another human being beyond repair.",Haruki Murakami,general,
"All good books are alike in that they are truer than if they had really happened and after you are finished reading one you will feel that all that happened to you and afterwards it all belongs to you: the good and the bad, the ecstasy, the remorse and sorrow, the people and the places and how the weather was. If you can get so that you can give that to people, then you are a writer.",Ernest Hemingway,general,
"There are three questions every woman should be able to answer yes to before they commit to a man. If you answer no to any of the three questions, run like hell.""[...]""Does he treat you with respect at all times? That's the first question. The second question is, if he is the exact same person twenty years from now that he is today, would you still want to marry him? And finally, does he inspire to be a better person? You find someone you can answer yes to all three, then you've found a good man.","Colleen Hoover,",general,
"I will love you as a thief loves a gallery and as a crow loves a murder, as a cloud loves bats and as a range loves braes. I will love you as misfortune loves orphans, as fire loves innocence and as justice loves to sit and watch while everything goes wrong. I will love you as a battlefield loves young men and as peppermints love your allergies, and I will love you as the banana peel loves the shoe of a man who was just struck by a shingle falling off a house. I will love you as a volunteer fire department loves rushing into burning buildings and as burning buildings love to chase them back out, and as a parachute loves to leave a blimp and as a blimp operator loves to chase after it.I will love you as a dagger loves a certain person’s back, and as a certain person loves to wear dagger proof tunics, and as a dagger proof tunic loves to go to a certain dry cleaning facility, and how a certain employee of a dry cleaning facility loves to stay up late with a pair of binoculars, watching a dagger factory for hours in the hopes of catching a burglar, and as a burglar loves sneaking up behind people with binoculars, suddenly realizing that she has left her dagger at home. I will love you as a drawer loves a secret compartment, and as a secret compartment loves a secret, and as a secret loves to make a person gasp, and as a gasping person loves a glass of brandy to calm their nerves, and as a glass of brandy loves to shatter on the floor, and as the noise of glass shattering loves to make someone else gasp, and as someone else gasping loves a nearby desk to lean against, even if leaning against it presses a lever that loves to open a drawer and reveal a secret compartment. I will love you until all such compartments are discovered and opened, and until all the secrets have gone gasping into the world. I will love you until all the codes and hearts have been broken and until every anagram and egg has been unscrambled.I will love you until every fire is extinguised and until every home is rebuilt from the handsomest and most susceptible of woods, and until every criminal is handcuffed by the laziest of policemen. I will love until M. hates snakes and J. hates grammar, and I will love you until C. realizes S. is not worthy of his love and N. realizes he is not worthy of the V. I will love you until the bird hates a nest and the worm hates an apple, and until the apple hates a tree and the tree hates a nest, and until a bird hates a tree and an apple hates a nest, although honestly I cannot imagine that last occurrence no matter how hard I try. I will love you as we grow older, which has just happened, and has happened again, and happened several days ago, continuously, and then several years before that, and will continue to happen as the spinning hands of every clock and the flipping pages of every calendar mark the passage of time, except for the clocks that people have forgotten to wind and the calendars that people have forgotten to place in a highly visible area. I will love you as we find ourselves farther and farther from one another, where we once we were so close that we could slip the curved straw, and the long, slender spoon, between our lips and fingers respectively.I will love you until the chances of us running into one another slip from slim to zero, and until your face is fogged by distant memory, and your memory faced by distant fog, and your fog memorized by a distant face, and your distance distanced by the memorized memory of a foggy fog. I will love you no matter where you go and who you see, no matter where you avoid and who you don’t see, and no matter who sees you avoiding where you go. I will love you no matter what happens to you, and no matter how I discover what happens to you, and no matter what happens to me as I discover this, and now matter how I am discovered after what happens to me as I am discovering this.",Lemony Snicket,general,
Hope is a waking dream.,Aristotle,general,
All human wisdom is contained in these two words - Wait and Hope,"Alexandre Dumas,",general,
The good thing about science is that it's true whether or not you believe in it.,Neil deGrasse Tyson,general,
"I don't know who invented high heels, but all women owe him a lot!",Marilyn Monroe,general,
"At the end of the day, we can endure much more than we think we can.",Frida Kahlo,general,
"make a radical change in your lifestyle and begin to boldly do things which you may previously never have thought of doing, or been too hesitant to attempt. So many people live within unhappy circumstances and yet will not take the initiative to change their situation because they are conditioned to a life of security, conformity, and conservation, all of which may appear to give one peace of mind, but in reality nothing is more damaging to the adventurous spirit within a man than a secure future. The very basic core of a man's living spirit is his passion for adventure. The joy of life comes from our encounters with new experiences, and hence there is no greater joy than to have an endlessly changing horizon, for each day to have a new and different sun. If you want to get more out of life, you must lose your inclination for monotonous security and adopt a helter-skelter style of life that will at first appear to you to be crazy. But once you become accustomed to such a life you will see its full meaning and its incredible beauty.","Jon Krakauer,",general,
"Reality doesn't impress me. I only believe in intoxication, in ecstasy, and when ordinary life shackles me, I escape, one way or another. No more walls.","Anaïs Nin,",general,
"Patience, grasshopper,"" said Maia. ""Good things come to those who wait.""""I always thought that was 'Good things come to those who do the wave,'"" said Simon. ""No wonder I've been so confused all my life.","Cassandra Clare,",general,
"This is how you do it: you sit down at the keyboard and you put one word after another until its done. It's that easy, and that hard.",Neil Gaiman,general,
"Mental pain is less dramatic than physical pain, but it is more common and also more hard to bear. The frequent attempt to conceal mental pain increases the burden: it is easier to say “My tooth is aching","C.S. Lewis,",general,
I think; therefore I am.,Rene Descartes,general,
"Silence, I discover, is something you can actually hear.","Haruki Murakami,",general,
"The feelings that hurt most, the emotions that sting most, are those that are absurd - The longing for impossible things, precisely because they are impossible; nostalgia for what never was; the desire for what could have been; regret over not being someone else; dissatisfaction with the world’s existence. All these half-tones of the soul’s consciousness create in us a painful landscape, an eternal sunset of what we are.",Fernando Pessoa,general,
"I believe in God, but not as one thing, not as an old man in the sky. I believe that what people call God is something in all of us. I believe that what Jesus and Mohammed and Buddha and all the rest said was right. It's just that the translations have gone wrong.",John Lennon,general,
"I love you, not just for now, but for always, and I dream of the day that you’ll take me in your arms again.","Nicholas Sparks,",general,
"Be thankful for what you have; you'll end up having more. If you concentrate on what you don't have, you will never, ever have enough.",Oprah Winfrey,general,
"Have you ever asked yourself, do monsters make war, or does war make monsters?","Laini Taylor,",general,
Every day is a new day. It is better to be lucky. But I would rather be exact. Then when luck comes you are ready.,"Ernest Hemingway,",general,
"The trouble was, I had been inadequate all along, I simply hadn't thought about it.","Sylvia Plath,",general,
I'm killing time while I wait for life to shower me with meaning and happiness.,Bill Watterson,general,
"Either you deal with what is the reality, or you can be sure that the reality is going to deal with you.",Alex Haley,general,
"If, then, I were asked for the most important advice I could give, that which I considered to be the most useful to the men of our century, I should simply say: in the name of God, stop a moment, cease your work, look around you.","Leo Tolstoy,",general,
"The more I read, the more I acquire, the more certain I am that I know nothing.",Voltaire,general,
"A love like that was a serious illness, an illness from which you never entirely recover.","Charles Bukowski,",general,
The future is now. It's time to grow up and be strong. Tomorrow may well be too late.,"Neil LaBute,",general,
"Anybody can sympathise with the sufferings of a friend, but it requires a very fine nature to sympathise with a friend's success.",Oscar Wilde,general,
"What is family? They were the people who claimed you. In good, in bad, in parts or in whole, they were the ones who showed up, who stayed in there, regardless. It wasn't just about blood relations or shared chromosomes, but something wider, bigger. We had many families over time. Our family of origin, the family we created, and the groups you moved through while all of this was happening: friends, lovers, sometimes even strangers. None of them perfect, and we couldn't expect them to be. You can't make any one person your world. The trick was to take what each could give you and build your world from it.","Sarah Dessen,",general,
"We sometimes encounter people, even perfect strangers, who begin to interest us at first sight, somehow suddenly, all at once, before a word has been spoken.","Fyodor Dostoyevsky,",general,
"If the real world were a book, it would never find a publisher. Overlong, detailed to the point of distraction-and ultimately, without a major resolution.","Jasper Fforde,",general,
"You should write because you love the shape of stories and sentences and the creation of different words on a page. Writing comes from reading, and reading is the finest teacher of how to write.",Annie Proulx,general,
you have to love something before you can hate it.,"Nicholas Sparks,",general,
"He died not for men, but for each man. If each man had been the only man made, He would have done no less.",C.S. Lewis,general,
The future depends on what you do today.,Mahatma Gandhi,general,
And then I am going to rattle the stars.,"Sarah J. Maas,",general,
When will you learn that there isn't a word for everything?,"Nicole Krauss,",general,
Intelligence plus character-that is the goal of true education.,Martin Luther King Jr.,general,
"You’re dangerous,","Simone Elkeles,",general,
"To put everything in balance is good, to put everything in harmony is better.",Victor Hugo,general,
"It would seem that Our Lord finds our desires not too strong, but too weak. We are half-hearted creatures, fooling about with drink and sex and ambition when infinite joy is offered us, like an ignorant child who wants to go on making mud pies in a slum because he cannot imagine what is meant by the offer of a holiday at the sea. We are far too easily pleased.","C.S. Lewis,",general,
"When someone is in your heart, they're never truly gone. They can come back to you, even at unlikely times.","Mitch Albom,",general,
"And then something invisible snapped insider her, and that which had come together commenced to fall apart.","John Green,",general,
"What a blessing it is to love books as I love them;- to be able to converse with the dead, and to live amidst the unreal!","Thomas Babington Macaulay,",general,
"Absence diminishes small loves and increases great ones, as the wind blows out the candle and fans the bonfire.","Francois Duc de la Rochefoucauld,",general,
Books are no more threatened by Kindle than stairs by elevators.,Stephen Fry,general,
It takes something more than intelligence to act intelligently.,"Fyodor Dostoyevsky,",general,
If death meant just leaving the stage long enough to change costume and come back as a new character...Would you slow down? Or speed up?,"Chuck Palahniuk,",general,
"The power of a glance has been so much abused in love stories, that it has come to be disbelieved in. Few people dare now to say that two beings have fallen in love because they have looked at each other. Yet it is in this way that love begins, and in this way only.","Victor Hugo,",general,
Life starts all over again when it gets crisp in the fall.,"F. Scott Fitzgerald,",general,
"When you have lost hope, you have lost everything. And when you think all is lost, when all is dire and bleak, there is always hope.","Pittacus Lore,",general,
"Heard melodies are sweet, but those unheard, are sweeter","John Keats,",general,
No winter lasts forever; no spring skips its turn.,Hal Borland,general,
"You're the first Shadowhunter I've ever met."" “That’s too bad,","Cassandra Clare,",general,
"It's going to be all right, sir,"" Harry said over and over again, more worried by Dumbledore's silence than he had been by his weakened voice. ""We're nearly there ... I can Apparate us both back ... don't worry ...""""I am not worried, Harry,"" said Dumbledore, his voice a little stronger despite the freezing water. ""I am with you.","J.K. Rowling,",general,
The homemaker has the ultimate career. All other careers exist for one purpose only - and that is to support the ultimate career.,C.S. Lewis,general,
"The things you used to own, now they own you.","Chuck Palahniuk,",general,
Wanting to be someone else is a waste of the person you are.,Marilyn Monroe,general,
"...you know that a good, long session of weeping can often make you feel better, even if your circumstances have not changed one bit.","Lemony Snicket,",general,
"Alec looked at her and shook his head. ""How do you manage never to get mud on your clothes?""Isabelle shrugged philosophically. ""I'm pure at heart. It repels the dirt.","Cassandra Clare,",general,
"The purpose of a storyteller is not to tell you how to think, but to give you questions to think upon.","Brandon Sanderson,",general,
A man's face is his autobiography. A woman's face is her work of fiction.,Oscar Wilde,general,
The only truth is music.,Jack Kerouac,general,
Open a book this minute and start reading. Don’t move until you’ve reached page fifty. Until you’ve buried your thoughts in print. Cover yourself with words. Wash yourself away. Dissolve.,"Carol Shields,",general,
A bit of trash now and then is good for the severest reader. It provides the necessary roughage in the literary diet.,Phyllis McGinley,general,
"I was dead until you found me, though I breathed. I was sightless, though I could see. And then you came...and I was awakened.","J.R. Ward,",general,
The most certain sign of wisdom is cheerfulness.,Michel de Montaigne,general,
The best way to cheer yourself is to cheer somebody else up.,Albert Einstein,general,
Scars have the strange power to remind us that our past is real.,"Cormac McCarthy,",general,
"Do you think that I count the days? There is only one day left, always starting over: it is given to us at dawn and taken away from us at dusk.",Jean-Paul Sartre,general,
I hope that one day you will have the experience of doing something you do not understand for someone you love.,"Jonathan Safran Foer,",general,
I’m not in this world to live up to your expectations and you’re not in this world to live up to mine.,Bruce Lee,general,
The soul is healed by being with children.,Fyodor Dostoevsky,general,
"I’ve been fighting to be who I am all my life. What’s the point of being who I am, if I can’t have the person who was worth all the fighting for?","Stephanie Lennox,",general,
"You forget what you want to remember, and you remember what you want to forget.","Cormac McCarthy,",general,
"Dignity/ˈdignitē/ noun 1. The moment you realize that the person you cared for has nothing intellectually or spiritually to offer you, but a headache. 2. The moment you realize God had greater plans for you that don’t involve crying at night or sad Pinterest quotes.3. The moment you stop comparing yourself to others because it undermines your worth, education and your parent’s wisdom.4. The moment you live your dreams, not because of what it will prove or get you, but because that is all you want to do. People’s opinions don’t matter. 5. The moment you realize that no one is your enemy, except yourself.6. The moment you realize that you can have everything you want in life. However, it takes timing, the right heart, the right actions, the right passion and a willingness to risk it all. If it is not yours, it is because you really didn’t want it, need it or God prevented it. 7. The moment you realize the ghost of your ancestors stood between you and the person you loved. They really don't want you mucking up the family line with someone that acts anything less than honorable.8. The moment you realize that happiness was never about getting a person. They are only a helpmate towards achieving your life mission.9. The moment you believe that love is not about losing or winning. It is just a few moments in time, followed by an eternity of situations to grow from.10. The moment you realize that you were always the right person. Only ignorant people walk away from greatness.",Shannon L. Alder,general,
Incredible change happens in your life when you decide to take control of what you do have power over instead of craving control over what you don't.,"Steve Maraboli,",general,
"I write differently from what I speak, I speak differently from what I think, I think differently from the way I ought to think, and so it all proceeds into deepest darkness.",Franz Kafka,general,
"If you want to get laid, go to college. If you want an education, go to the library.",Frank Zappa,general,
"If you want a picture of the future, imagine a boot stamping on a human face—for ever.","George Orwell,",general,
"We learn from failure, not from success!","Bram Stoker,",general,
Most men would rather deny a hard truth than face it.,"George R.R. Martin,",general,
"Magnus, standing by the door, snapped his fingers impatiently. ""Move it along, teenagers. The only person who gets to canoodle in my bedroom is my magnificent self.""""Canoodle?"" repeated Clary, never having heard the word before.""Magnificent?"" repeated Jace, who was just being nasty. Magnus growled. The growl sounded like ""Get out.","Cassandra Clare,",general,
No great mind has ever existed without a touch of madness.,Aristotle,general,
A paranoid is someone who knows a little of what's going on.,William S. Burroughs,general,
Trees that are slow to grow bear the best fruit.,Moliere,general,
The earth has its music for those who will listen,"Reginald Vincent Holmes,",general,
"Alone. Yes, that's the key word, the most awful word in the English tongue. Murder doesn't hold a candle to it and hell is only a poor synonym.",Stephen King,general,
"there are two types of people in the world: those who prefer to be sad among others, and those who prefer to be sad alone.","Nicole Krauss,",general,
He felt that his whole life was some kind of dream and he sometimes wondered whose it was and whether they were enjoying it.,"Douglas Adams,",general,
Instructions for living a life. Pay attention. Be astonished. Tell about it.,Mary Oliver,general,
"You might want to lie down,"" Magnus advised. ""I find that it helps when the crushing sense of horrible realization sets in.","Cassandra Clare,",general,
لا تجالس أنصاف العشاق، ولا تصادق أنصاف الأصدقاء، لا تقرأ لأنصاف الموهوبين،لا تعش نصف حياة، ولا تمت نصف موت،لا تختر نصف حل، ولا تقف في منتصف الحقيقة، لا تحلم نصف حلم، ولا تتعلق بنصف أمل، إذا صمتّ.. فاصمت حتى النهاية، وإذا تكلمت.. فتكلّم حتى النهاية، لا تصمت كي تتكلم، ولا تتكلم كي تصمت. إذا رضيت فعبّر عن رضاك، لا تصطنع نصف رضا، وإذا رفضت.. فعبّر عن رفضك، لأن نصف الرفض قبول.. النصف هو حياة لم تعشها، وهو كلمة لم تقلها،وهو ابتسامة أجّلتها، وهو حب لم تصل إليه، وهو صداقة لم تعرفها.. النصف هو ما يجعلك غريباً عن أقرب الناس إليك، وهو ما يجعل أقرب الناس إليك غرباء عنك. النصف هو أن تصل وأن لاتصل، أن تعمل وأن لا تعمل،أن تغيب وأن تحضر.. النصف هو أنت، عندما لا تكون أنت.. لأنك لم تعرف من أنت، النصف هو أن لا تعرف من أنت.. ومن تحب ليس نصفك الآخر.. هو أنت في مكان آخر في الوقت نفسه. نصف شربة لن تروي ظمأك، ونصف وجبة لن تشبع جوعك،نصف طريق لن يوصلك إلى أي مكان، ونصف فكرة لن تعطي لك نتيجة النصف هو لحظة عجزك وأنت لست بعاجز.. لأنك لست نصف إنسان. أنت إنسان وجدت كي تعيش الحياة، وليس كي تعيش نصف حياة ليست حقيقة الإنسان بما يظهره لك.. بل بما لا يستطيع أن يظهره، لذلك.. إذا أردت أن تعرفه فلا تصغي إلى ما يقوله .. بل إلى ما لا يقوله.,جبران خليل جبران,general,
Man is the cruelest animal.,Friedrich Nietzsche,general,
Men go to far greater lengths to avoid what they fear than to obtain what they desire.,"Dan Brown,",general,
"Have you ever lost someone you love and wanted one more conversation, one more chance to make up for the time when you thought they would be here forever? If so, then you know you can go your whole life collecting days, and none will outweigh the one you wish you had back.","Mitch Albom,",general,
"Shoot for the moon. Even if you miss, you'll land among the stars.",Norman Vincent Peale,general,
A person often meets his destiny on the road he took to avoid it.,"Jean de La Fontaine,",general,
"Nothing travels faster than the speed of light, with the possible exception of bad news, which obeys its own special laws.","Douglas Adams,",general,
there is a place in the heart thatwill never be filleda spaceand even during thebest momentsandthe greatest timestimeswe will know itwe will know itmore thaneverthere is a place in the heart thatwill never be filledandwe will waitandwaitin that space.,Charles bukowski,general,
"Don't aim at success. The more you aim at it and make it a target, the more you are going to miss it. For success, like happiness, cannot be pursued; it must ensue, and it only does so as the unintended side effect of one's personal dedication to a cause greater than oneself or as the by-product of one's surrender to a person other than oneself. Happiness must happen, and the same holds for success: you have to let it happen by not caring about it. I want you to listen to what your conscience commands you to do and go on to carry it out to the best of your knowledge. Then you will live to see that in the long-run—in the long-run, I say!—success will follow you precisely because you had forgotten to think about it","Viktor E. Frankl,",general,
"Why are you worrying about YOU-KNOW-WHO, when you should be worrying about YOU-NO-POO? The constipation sensation that's gripping the nation!","J.K. Rowling,",general,
"Stars, hide your fires; Let not light see my black and deep desires.","William Shakespeare,",general,
Let the rain kiss you. Let the rain beat upon your head with silver liquid drops. Let the rain sing you a lullaby.,Langston Hughes,general,
"We can't be afraid of change. You may feel very secure in the pond that you are in, but if you never venture out of it, you will never know that there is such a thing as an ocean, a sea. Holding onto something that is good for you now, may be the very reason why you don't have something better.",C. JoyBell C.,general,
"When we are young, the words are scattered all around us. As they are assembled by experience, so also are we, sentence by sentence, until the story takes shape.","Louise Erdrich,",general,
Keep your face always toward the sunshine - and shadows will fall behind you.,Walt Whitman,general,
It is nothing to die. It is frightful not to live.,"Victor Hugo,",general,
"Marriage can wait, education cannot.","Khaled Hosseini,",general,
The water hears and understands. The ice does not forgive.,"Leigh Bardugo,",general,
You alone are enough. You have nothing to prove to anybody.,Maya Angelou,general,
I write to give myself strength. I write to be the characters that I am not. I write to explore all the things I'm afraid of.,Joss Whedon,general,
She feels in italics and thinks in CAPITALS.,Henry James,general,
You’ll miss the best things if you keep your eyes shut.,"Dr. Seuss,",general,
"Stories you read when you're the right age never quite leave you. You may forget who wrote them or what the story was called. Sometimes you'll forget precisely what happened, but if a story touches you it will stay with you, haunting the places in your mind that you rarely ever visit.","Neil Gaiman,",general,
There are two ways of spreading light: to be the candle or the mirror that receives it.,Edith Wharton,general,
"Anti-intellectualism has been a constant thread winding its way through our political and cultural life, nurtured by the false notion that democracy means that 'my ignorance is just as good as your knowledge.'",Isaac Asimov,general,
Whoever is careless with the truth in small matters cannot be trusted with important matters,Albert Einstein,general,
"The impossible could not have happened, therefore the impossible must be possible in spite of appearances.","Agatha Christie,",general,
Don't cry over someone who wouldn't cry over you.,Lauren Conrad,general,
"You deal with mythological stuff for a few years, you learn that paradises are usually places where you get killed.","Rick Riordan,",general,
Life is either a daring adventure or nothing at all.,"Helen Keller,",general,
"to love life, to love it evenwhen you have no stomach for itand everything you've held dearcrumbles like burnt paper in your hands,your throat filled with the silt of it.When grief sits with you, its tropical heatthickening the air, heavy as watermore fit for gills than lungs;when grief weights you like your own fleshonly more of it, an obesity of grief,you think, How can a body withstand this?Then you hold life like a facebetween your palms, a plain face,no charming smile, no violet eyes,and you say, yes, I will take youI will love you, again.",Ellen Bass,general,
"If no one cares for you at all, do you even really exist?","Cassandra Clare,",general,
"There must be something in books, something we can’t imagine, to make a woman stay in a burning house; there must be something there. You don’t stay for nothing.","Ray Bradbury,",general,
Great minds discuss ideas. Average minds discuss events. Small minds discuss people.,Henry Thomas Buckle,general,
But how could you live and have no story to tell?,"Fyodor Dostoevsky,",general,
"God does not play dice with the universe; He plays an ineffable game of His own devising, which might be compared, from the perspective of any of the other players [i.e. everybody], to being involved in an obscure and complex variant of poker in a pitch-dark room, with blank cards, for infinite stakes, with a Dealer who won't tell you the rules, and who smiles all the time.","Terry Pratchett,",general,
Fashion is a form of ugliness so intolerable that we have to alter it every six months.,Oscar Wilde,general,
I want to be in a relationship where you telling me you love me is just a ceremonious validation of what you already show me.,"Steve Maraboli,",general,
"I know it's wrong - God, it's all kinds of wrong - but I just want to lie down with you and wake up with you, just once, just once ever in my life.","Cassandra Clare,",general,
I hate men who are afraid of women's strength.,"Anaïs Nin,",general,
I opened myself to the gentle indifference of the world.,"Albert Camus,",general,
There is more than one way to burn a book. And the world is full of people running about with lit matches.,Ray Bradbury,general,
"The thing that makes you exceptional, if you are at all, is inevitably that which must also make you lonely.",Lorraine Hansberry,general,
Only a generation of readers will spawn a generation of writers.,Steven Spielberg,general,
"An intellectual? Yes. And never deny it. An intellectual is someone whose mind watches itself. I like this, because I am happy to be both halves, the watcher and the watched. ""Can they be brought together?"" This is a practical question. We must get down to it. ""I despise intelligence"" really means: ""I cannot bear my doubts.",Albert Camus,general,
"I am both happy and sad at the same time, and I'm still trying to figure out how that could be.","Stephen Chbosky,",general,
There are nights when the wolves are silent and only the moon howls.,George Carlin,general,
Courage isn't having the strength to go on - it is going on when you don't have strength.,Napoleon Bonaparte,general,
"You will lose what you value most, so treasure it while you can.","Richelle Mead,",general,
"Laughter is wine for the soul - laughter soft, or loud and deep, tinged through with seriousness - the hilarious declaration made by man that life is worth living.",Sean O'Casey,general,
You can only be young once. But you can always be immature.,Pat Monahan,general,
"The best way to not feel hopeless is to get up and do something. Don’t wait for good things to happen to you. If you go out and make some good things happen, you will fill the world with hope, you will fill yourself with hope.",Barack Obama,general,
If you never did you should. These things are fun and fun is good.,Dr. Seuss,general,
"The mystery of human existence lies not in just staying alive, but in finding something to live for.","Fyodor Dostoyevsky,",general,
Whenever people agree with me I always feel I must be wrong.,Oscar Wilde,general,
"We do not believe in ourselves until someone reveals that deep inside us something is valuable, worth listening to, worthy of our trust, sacred to our touch. Once we believe in ourselves we can risk curiosity, wonder, spontaneous delight or any experience that reveals the human spirit.",E.E. Cummings,general,
Fire-breathing bitch-queen.,"Sarah J. Maas,",general,
"It isn't what we say or think that defines us, but what we do.","Jane Austen,",general,
All a girl really wants is for one guy to prove to her that they are not all the same.,Marilyn Monroe,general,
"All right,"" said Susan. ""I'm not stupid. You're saying humans need... fantasies to make life bearable.""REALLY? AS IF IT WAS SOME KIND OF PINK PILL? NO. HUMANS NEED FANTASY TO BE HUMAN. TO BE THE PLACE WHERE THE FALLING ANGEL MEETS THE RISING APE.""Tooth fairies? Hogfathers? Little—""YES. AS PRACTICE. YOU HAVE TO START OUT LEARNING TO BELIEVE THE LITTLE LIES.""So we can believe the big ones?""YES. JUSTICE. MERCY. DUTY. THAT SORT OF THING.""They're not the same at all!""YOU THINK SO? THEN TAKE THE UNIVERSE AND GRIND IT DOWN TO THE FINEST POWDER AND SIEVE IT THROUGH THE FINEST SIEVE AND THEN SHOW ME ONE ATOM OF JUSTICE, ONE MOLECULE OF MERCY. AND YET—Death waved a hand. AND YET YOU ACT AS IF THERE IS SOME IDEAL ORDER IN THE WORLD, AS IF THERE IS SOME...SOME RIGHTNESS IN THE UNIVERSE BY WHICH IT MAY BE JUDGED.""Yes, but people have got to believe that, or what's the point—""MY POINT EXACTLY.","Terry Pratchett,",general,
We do not need magic to transform our world. We carry all of the power we need inside ourselves already.,"J.K. Rowling,",general,
Freedom lies in being bold.,Robert Frost,general,
"Watch out for intellect,because it knows so much it knows nothingand leaves you hanging upside down,mouthing knowledge as your heartfalls out of your mouth.","Anne Sexton,",general,
There are moments when troubles enter our lives and we can do nothing to avoid them.But they are there for a reason. Only when we have overcome them will we understand why they were there.,"Paulo Coelho,",general,
Only you can control your future.,Dr. Seuss,general,
"I know not all that may be coming, but be it what it will, I'll go to it laughing.","Herman Melville,",general,
"You think because he doesn't love you that you are worthless. You think that because he doesn't want you anymore that he is right -- that his judgement and opinion of you are correct. If he throws you out, then you are garbage. You think he belongs to you because you want to belong to him. Don't. It's a bad word, 'belong.' Especially when you put it with somebody you love. Love shouldn't be like that. Did you ever see the way the clouds love a mountain? They circle all around it; sometimes you can't even see the mountain for the clouds. But you know what? You go up top and what do you see? His head. The clouds never cover the head. His head pokes through, beacuse the clouds let him; they don't wrap him up. They let him keep his head up high, free, with nothing to hide him or bind him. You can't own a human being. You can't lose what you don't own. Suppose you did own him. Could you really love somebody who was absolutely nobody without you? You really want somebody like that? Somebody who falls apart when you walk out the door? You don't, do you? And neither does he. You're turning over your whole life to him. Your whole life, girl. And if it means so little to you that you can just give it away, hand it to him, then why should it mean any more to him? He can't value you more than you value yourself.",Toni Morrison,general,
It's so much darker when a light goes out than it would have been if it had never shone.,"John Steinbeck,",general,
"A person who has good thoughts cannot ever be ugly. You can have a wonky nose and a crooked mouth and a double chin and stick-out teeth, but if you have good thoughts they will shine out of your face like sunbeams and you will always look lovely.","Roald Dahl,",general,
You’ll get over it…,"Jeanette Winterson,",general,
"I don't go out with strangers,"" I said.""Good thing I do. I'll pick you up at five.","Becca Fitzpatrick,",general,
"It is better, I think, to grab at the stars than to sit flustered because you know you cannot reach them.","R.A. Salvatore,",general,
"A mother is the truest friend we have, when trials heavy and sudden fall upon us; when adversity takes the place of prosperity; when friends desert us; when trouble thickens around us, still will she cling to us, and endeavor by her kind precepts and counsels to dissipate the clouds of darkness, and cause peace to return to our hearts.",Washington Irving,general,
Do you not see how necessary a world of pains and troubles is to school an intelligence and make it a soul?,"John Keats,",general,
He who knows all the answers has not been asked all the questions.,Confucius,general,
"Atticus said to Jem one day, ""I’d rather you shot at tin cans in the backyard, but I know you’ll go after birds. Shoot all the blue jays you want, if you can hit ‘em, but remember it’s a sin to kill a mockingbird."" That was the only time I ever heard Atticus say it was a sin to do something, and I asked Miss Maudie about it. ""Your father’s right,"" she said. ""Mockingbirds don’t do one thing except make music for us to enjoy. They don’t eat up people’s gardens, don’t nest in corn cribs, they don’t do one thing but sing their hearts out for us. That’s why it’s a sin to kill a mockingbird.","Harper Lee,",general,
"The worst type of crying wasn't the kind everyone could see--the wailing on street corners, the tearing at clothes. No, the worst kind happened when your soul wept and no matter what you did, there was no way to comfort it. A section withered and became a scar on the part of your soul that survived. For people like me and Echo, our souls contained more scar tissue than life.","Katie McGarry,",general,
It stops here. With me and you. It ends with us.,"Colleen Hoover,",general,
There are much worse games to play.,"Suzanne Collins,",general,
"If someone were to harm my family or a friend or somebody I love, I would eat them. I might end up in jail for 500 years, but I would eat them.",Johnny Depp,general,
"The more clearly we can focus our attention on the wonders and realities of the universe about us, the less taste we shall have for destruction.",Rachel Carson,general,
Be glad. Be good. Be brave.,Eleanor Hodgman Porter,general,
"Your assumptions are your windows on the world. Scrub them off every once in a while, or the light won't come in.",Alan Alda,general,
"I decided as long as I'm going to hell, I might as well do it thoroughly.","Stephenie Meyer,",general,
A well-composed book is a magic carpet on which we are wafted to a world that we cannot enter in any other way.,Caroline Gordon,general,
Sometimes love means letting go when you want to hold on tighter.,"Melissa Marr,",general,
"How long was I asleep?"" she whispered. He didn't respond. ""How long was I asleep?"" she asked again, and noticed a hint of red in his cheeks. ""You were asleep, too?"" ""Until you began drooling on my shoulder.","Sarah J. Maas,",general,
"To do the useful thing, to say the courageous thing, to contemplate the beautiful thing: that is enough for one man's life.","T.S. Eliot,",general,
"Literature is a textually transmitted disease, normally contracted in childhood.","Jane Yolen,",general,
The past is never where you think you left it.,Katherine Anne Porter,general,
"When I do good, I feel good. When I do bad, I feel bad. That's my religion.",Abraham Lincoln,general,
We shall meet in the place where there is no darkness.,"George Orwell,",general,
You can't wait for inspiration. You have to go after it with a club.,Jack London,general,
"Forgive me, for all the things I did but mostly for the ones that I did not.","Donna Tartt,",general,
This is a new year. A new beginning. And things will change.,Taylor Swift,general,
ليس هناك كتابا أقرأه و لا أستفيد منه شيئا جديدا ، فحتى الكتاب التافه أستفيد من قراءته ، أني تعلمت شيئا جديدا هو ما هي التفاهة ؟ و كيف يكتب الكتاب التافهون ؟ و فيم يفكرون ؟,عباس محمود العقاد,general,
"If you have the words, there's always a chance that you'll find the way.","Seamus Heaney,",general,
Never miss a good chance to shut up.,Will Rogers,general,
"When I look at my life and its secret colours, I feel like bursting into tears.","Albert Camus,",general,
Fiction is the lie through which we tell the truth.,Albert Camus,general,
"My life has a superb cast, but I cannot figure out the plot.",Ashleigh Brilliant,general,
"When people say impossible, they usually mean improbable.","Leigh Bardugo,",general,
"Many people will walk in and out of your life, but only true friends will leave footprints in your heart",Eleanor Roosevelt,general,
"The thing I realize is, that it's not what you take, it's what you leave.","Jennifer Niven,",general,
The best way out is always through.,Robert Frost,general,
Look at everything always as though you were seeing it either for the first or last time: Thus is your time on earth filled with glory.,"Betty Smith,",general,
"Dreams are always crushing when they don't come true. But it's the simple dreams that are often the most painful because they seem so personal, so reasonable, so attainable. You're always close enough to touch, but never quite close enough to hold and it's enough to break your heart.","Nicholas Sparks,",general,
"When you trip over love, it is easy to get up. But when you fall in love, it is impossible to stand again.",Albert Einstein,general,
"I am beginning to learn that it is the sweet, simple things of life which are the real ones after all.",Laura Ingalls Wilder,general,
All thinking men are atheists.,"Ernest Hemingway,",general,
"When you consider things like the stars, our affairs don't seem to matter very much, do they?",Virginia Woolf,general,
"We dream to give ourselves hope. To stop dreaming - well, that’s like saying you can never change your fate.","Amy Tan,",general,
"The longer I live, the more I observe that carrying around anger is the most debilitating to the person who bears it.",Katharine Graham,general,
"And Lot's wife, of course, was told not to look back where all those people and their homes had been. But she did look back, and I love her for that, because it was so human. So she was turned into a pillar of salt. So it goes.","Kurt Vonnegut,",general,
Behind this mask there is more than just flesh. Beneath this mask there is an idea... and ideas are bulletproof.,"Alan Moore,",general,
"You are okay?"" he asked. ""Not eaten by monsters?""""Not even a little bit."" I showed him that I still had both arms and both legs, and Tyson clapped happily.""Yay!"" he said. ""Now we can eat peanut butter sandwiches and ride fish ponies! We can fight monsters and see Annabeth and make things go BOOM!""I hoped he didn't mean all at the same time, but I told him absolutely, we'd have a lot of fun this summer.","Rick Riordan,",general,
"Usually we walk around constantly believing ourselves. ""I'm okay"" we say. ""I'm alright"". But sometimes the truth arrives on you and you can't get it off. That's when you realize that sometimes it isn't even an answer--it's a question. Even now, I wonder how much of my life is convinced.","Markus Zusak,",general,
It is easy in the world to live after the world's opinion; it is easy in solitude to live after our own; but the great man is he who in the midst of the crowd keeps with perfect sweetness the independence of solitude.,"Ralph Waldo Emerson,",general,
"He was the crazy one who had painted himself black and defeated the world.She was the book thief without the words.Trust me, though, the words were on their way, and when they arrived, Liesel would hold them in her hands like the clouds, and she would wring them out like rain.","Markus Zusak,",general,
"There is nothing like looking, if you want to find something. You certainly usually find something, if you look, but it is not always quite the something you were after.","J.R.R. Tolkien,",general,
"A man is but the product of his thoughts. What he thinks, he becomes.",Mahatma Gandhi,general,
Lovers don't finally meet somewhere. They're in each other all along.,Mawlana Jalal-al-Din Rumi,general,
"In one aspect, yes, I believe in ghosts, but we create them. We haunt ourselves.","Laurie Halse Anderson,",general,
"I don't mind making jokes, but I don't want to look like one.",Marilyn Monroe,general,
Name the greatest of all inventors. Accident.,Mark Twain,general,
"If books could have more, give more, be more, show more, they would still need readers who bring to them sound and smell and light and all the rest that can’t be in books. The book needs you.","Gary Paulsen,",general,
Well-read people are less likely to be evil.,"Lemony Snicket,",general,
Feminism is the radical notion that women are human beings.,Cheris Kramarae,general,
"Another belief of mine: that everyone else my age is an adult, whereas I am merely in disguise.","Margaret Atwood,",general,
"Demon pox, oh demon poxJust how is it acquired?One must go down to the bad part of townUntil one is very tired.Demon pox, oh demon pox, I had it all along—Not the pox, you foolish blocks,I mean this very song—For I was right, and you were wrong!""""Will!"" Charlotte shouted over the noise, ""Have you LOST YOUR MIND? CEASE THAT INFERNAL RACKET! Jem—"" Jem, rising to his feet, clapped his hands over Will's mouth. ""Do you promise to be quiet?"" he hissed into his friend's ear.Will nodded, blue eyes blazing. Tessa was staring at him in amazement; they all were. She had seen Will many things—amused, bitter, condescending, angry, pitying—but never giddy before.Jem let him go. ""All right, then.""Will slid to the floor, his back against the armchair, and threw up his arms. ""A demon pox on all your houses!"" he announced, and yawned.""Oh, God, weeks of pox jokes,"" said Jem. ""We're in for it now.","Cassandra Clare,",general,
The way to get started is to quit talking and begin doing.,Walt Disney,general,
I think there should be a rule that everyone in the world should get a standing ovation at least once in their lives.,"R.J. Palacio,",general,
"I guess that's what saying good-bye is always like--like jumping off an edge. The worst part is making the choice to do it. Once you're in the air, there's nothing you can do but let go.","Lauren Oliver,",general,
Maybe this world is another planet’s hell.,Aldous Huxley,general,
"All our dreams can come true, if we have the courage to pursue them.",Walt Disney,general,
Do not set aside your happiness. Do not wait to be happy in the future. The best time to be happy is always now.,Roy T. Bennett,general,
"I’m on a roller coaster that only goes up, my friend.","John Green,",general,
"For to know a man's library is, in some measure, to know his mind.","Geraldine Brooks,",general,
"Tiger got to hunt, bird got to fly;Man got to sit and wonder 'why, why, why?'Tiger got to sleep, bird got to land;Man got to tell himself he understand.","Kurt Vonnegut,",general,
What is right is not always popular and what is popular is not always right.,Albert Einstein,general,
"If I read a book and it makes my whole body so cold no fire can ever warm me, I know that is poetry.",Emily Dickinson,general,
"Well, she's not responding to my advances,"" he observed more brightly than he felt, ""so she must be dead."" ""Or she's a woman of good taste and sense.","Cassandra Clare,",general,
"If you're texting Magnus to say 'I think u r kewl,' I'm going to kill you.""""Who's Magnus?"" Max inquired.""He's a warlock,"" said Alec.""A sexy, sexy warlock,"" Isabelle told Max, ignoring Alec's look of total fury.""But warlocks are bad,"" protested Max, looking baffled.""Exactly,"" said Isabelle.","Cassandra Clare,",general,
Children learn more from what you are than what you teach.,W.E.B. DuBois,general,
The desire to reach for the stars is ambitious. The desire to reach hearts is wise.,Maya Angelou,general,
"Grown-ups never understand anything by themselves, and it is tiresome for children to be always and forever explaining things to them","Antoine de Saint-Exupéry,",general,
"The course of true love never did run smooth; But, either it was different in blood,O cross! too high to be enthrall’d to low. Or else misgraffed in respect of years, O spite! too old to be engag’d to young. Or else it stood upon the choice of friends,O hell! to choose love by another’s eye.","William Shakespeare,",general,
"I am not what happened to me, I am what I choose to become.",Carl Gustav Jung,general,
"I know how devastated you must be to miss me, but leave a message, and I'll try to ease your agony","Richelle Mead,",general,
"God alert!"" Blackjack yelled. ""It's the wine dude!Mr. D sighed in exasperation. ""The next person, or horse, who calls me the 'wine dude' will end up in a bottle of Merlot!","Rick Riordan,",general,
"It was a bright cold day in April, and the clocks were striking thirteen.","George Orwell,",general,
"Five exclamation marks, the sure sign of an insane mind.","Terry Pratchett,",general,
"Good sex is like good bridge. If you don't have a good partner, you'd better have a good hand.",Mae West,general,
"There's a bluebird in my heart that wants to get outbut I'm too tough for him,I say, stay in there, I'm not going to let anybody see you.",Charles Bukowski,general,
No good deed goes unpunished.,Oscar Wilde,general,
"Luxury is not a necessity to me, but beautiful and good things are.",Anais Nin,general,
District 12: Where you can starve to death in safety.,"Suzanne Collins,",general,
"When someone you love dies, and you're not expecting it, you don't lose her all at once; you lose her in pieces over a long time—the way the mail stops coming, and her scent fades from the pillows and even from the clothes in her closet and drawers. Gradually, you accumulate the parts of her that are gone. Just when the day comes—when there's a particular missing part that overwhelms you with the feeling that she's gone, forever—there comes another day, and another specifically missing part.","John Irving,",general,
"Jane, be still; don't struggle so like a wild, frantic bird, that is rending its own plumage in its desperation.""""I am no bird; and no net ensnares me; I am a free human being, with an independent will; which I now exert to leave you.","Charlotte Brontë ,",general,
"What is straight? A line can be straight, or a street, but the human heart, oh, no, it's curved like a road through mountains.","Tennessee Williams,",general,
How do I love thee? Let me count the ways.I love thee to the depth and breadth and heightMy soul can reach,Elizabeth Barrett Browning,general,
"Love is like a tree: it grows by itself, roots itself deeply in our being and continues to flourish over a heart in ruin. The inexplicable fact is that the blinder it is, the more tenacious it is. It is never stronger than when it is completely unreasonable.","Victor Hugo,",general,
"Of course motivation is not permanent. But then, neither is bathing; but it is something you should do on a regular basis.","Zig Ziglar,",general,
Sex is part of nature. I go along with nature.,Marilyn Monroe,general,
"Do not train a child to learn by force or harshness; but direct them to it by what amuses their minds, so that you may be better able to discover with accuracy the peculiar bent of the genius of each.",Plato,general,
"He allowed himself to be swayed by his conviction that human beings are not born once and for all on the day their mothers give birth to them, but that life obliges them over and over again to give birth to themselves.","Gabriel García Márquez,",general,
"Talking to a drunk person was like talking to an extremely happy, severely brain-damaged three-year-old.","John Green,",general,
"You live like this, sheltered, in a delicate world, and you believe you are living. Then you read a book… or you take a trip… and you discover that you are not living, that you are hibernating. The symptoms of hibernating are easily detectable: first, restlessness. The second symptom (when hibernating becomes dangerous and might degenerate into death): absence of pleasure. That is all. It appears like an innocuous illness. Monotony, boredom, death. Millions live like this (or die like this) without knowing it. They work in offices. They drive a car. They picnic with their families. They raise children. And then some shock treatment takes place, a person, a book, a song, and it awakens them and saves them from death. Some never awaken.","Anaïs Nin,",general,
Literature is a luxury; fiction is a necessity.,G.K. Chesterton,general,
"You make me want to live, Rowan. Not survive; not exist. Live.","Sarah J. Maas,",general,
"I am a forest, and a night of dark trees: but he who is not afraid of my darkness, will find banks full of roses under my cypresses.","Friedrich Nietzsche,",general,
Believe in your infinite potential. Your only limitations are those you set upon yourself.,"Roy T. Bennett,",general,
The unfed mind devours itself.,Gore Vidal,general,
I like this place and could willingly waste my time in it.,William Shakespeare,general,
"Without you in my arms, I feel an emptiness in my soul. I find myself searching the crowds for your face - I know it's an impossibility, but I cannot help myself.","Nicholas Sparks,",general,
"Imagination is like a muscle. I found out that the more I wrote, the bigger it got.",Philip José Farmer,general,
"With enough courage, you can do without a reputation.",Margaret Mitchell,general,
What draws people to be friends is that they see the same truth. They share it.,C. S. Lewis,general,
Nobody gets everything in this life. You decide your priorities and you make your choices. I'd decided long ago that any cake I had would be eaten.,"Donald E. Westlake,",general,
"Life is a mirror: if you frown at it, it frowns back; if you smile, it returns the greeting.",William Makepeace Thackeray,general,
"Now that she had nothing to lose, she was free.","Paulo Coelho,",general,
"It is not the length of life, but the depth.",Ralph Waldo Emerson,general,
"Too many of us are hung up on what we don't have, can't have, or won't ever have. We spend too much energy being down, when we could use that same energy – if not less of it – doing, or at least trying to do, some of the things we really want to do.","Terry McMillan ,",general,
I suffer from girlnextdooritis where the guy is friends with you and that's it.,Taylor Swift,general,
I'm happy. Which often looks like crazy.,"David Henry Hwang,",general,
"Death is so terribly final, while life is full of possibilities.","George R.R. Martin,",general,
Real generosity towards the future lies in giving all to the present.,"Albert Camus,",general,
"She was a genius of sadness, immersing herself in it, separating its numerous strands, appreciating its subtle nuances. She was a prism through which sadness could be divided into its infinite spectrum.","Jonathan Safran Foer,",general,
"You could say sorry,"" suggested Harry bluntly. ""What, and get attacked by another flock of canaries?"" muttered Ron.""What did you have to imitate her for?""""She laughed at my mustache!""""So did I, it was the stupidest thing I've ever seen.","J.K. Rowling,",general,
The greatness of a nation and its moral progress can be judged by the way its animals are treated.,Mahatma Gandhi,general,
"We dream in our waking moments, and walk in our sleep.","Nathaniel Hawthorne,",general,
"There will be a few times in your life when all your instincts will tell you to do something, something that defies logic, upsets your plans, and may seem crazy to others. When that happens, you do it. Listen to your instincts and ignore everything else. Ignore logic, ignore the odds, ignore the complications, and just go for it.","Judith McNaught,",general,
"However many holy words you read, however many you speak, what good will they do you if you do not act on upon them?",Buddha Siddhartha Guatama Shakyamuni,general,
"You believe in a book that has talking animals, wizards, witches, demons, sticks turning into snakes, burning bushes, food falling from the sky, people walking on water, and all sorts of magical, absurd and primitive stories, and you say that we are the ones that need help?",Mark Twain,general,
"Gus: ""It tastes like...""Me: ""Food.""Gus: ""Yes, precisely. It tastes like food, excellently prepared. But it does not taste, how do I put this delicately...?""Me: ""It does not taste like God Himself cooked heaven into a series of five dishes which were then served to you accompanied by several luminous balls of fermented, bubbly plasma while actual and literal flower petals floated down around your canal-side dinner table.""Gus: ""Nicely phrased.""Gus's father: ""Our children are weird.""My dad: ""Nicely phrased.","John Green,",general,
"If he loved with all the powers of his puny being, he couldn't love as much in eighty years as I could in a day.","Emily Brontë,",general,
"One should always be drunk. That's all that matters...But with what? With wine, with poetry, or with virtue, as you chose. But get drunk.","Charles Baudelaire,",general,
Some things in life are out of your control. You can make it a party or a tragedy.,"Nora Roberts,",general,
"The sunlight claps the earth, and the moonbeams kiss the sea: what are all these kissings worth, if thou kiss not me?",Percy Bysshe Shelley,general,
"The things we love destroy us every time, lad. Remember that.","George R.R. Martin,",general,
"If you stay, I'll do whatever you want. I'll quit the band, go with you to New York. But if you need me to go away, I'll do that, too. I was talking to Liz and she said maybe coming back to your old life would be too painful, that maybe it'd be easier for you to erase us. And that would suck, but I'd do it. I can lose you like that if I don't lose you today. I'll let you go. If you stay.","Gayle Forman,",general,
"Women want love to be a novel. Men, a short story.",Daphne du Maurier,general,
"Unfortunately, the clock is ticking, the hours are going by. The past increases, the future recedes. Possibilities decreasing, regrets mounting.","Haruki Murakami,",general,
"So light a fire!"" Harry choked. ""Yes...of course...but there's no wood!"" ... ""HAVE YOU GONE MAD!"" Ron bellowed. ""ARE YOU A WITCH OR NOT!","J.K. Rowling,",general,
The man who moves a mountain begins by carrying away small stones.,"Confucius,",general,
I decided it is better to scream. Silence is the real crime against humanity.,"Nadezhda Mandelstam,",general,
There is nothing more deceptive than an obvious fact.,"Arthur Conan Doyle,",general,
"If there's one thing I've learned, it's this: We all want everything to be okay. We don't even wish so much for fantastic or marvelous or outstanding. We will happily settle for okay, because most of the time, okay is enough.","David Levithan,",general,
"To die, it's easy. But you have to struggle for life.","Art Spiegelman,",general,
You get what anybody gets - you get a lifetime.,"Neil Gaiman,",general,
Music is ... A higher revelation than all Wisdom & Philosophy,Ludwig van Beethoven,general,
Nothing takes the taste out of peanut butter quite like unrequited love.,Charles M. Schulz,general,
"The role of a writer is not to say what we can all say, but what we are unable to say.",Anais Nin,general,
That which you believe becomes your world.,"Richard Matheson,",general,
"When they asked me what I wanted to be I said I didn’t know.""Oh, sure you know,"" the photographer said.""She wants,"" said Jay Cee wittily, ""to be everything.","Sylvia Plath,",general,
Being with you never felt wrong. It's the one thing I did right. You're the one thing I did right.,"Becca Fitzpatrick,",general,
Freedom (n.): To ask nothing. To expect nothing. To depend on nothing.,"Ayn Rand,",general,
"Will rolled up his sleeves. ""We'll probably have to knock down the door--"" ""Or,"" said Jem, reaching out and giving the knob a twist, ""not."" The door swung open onto a rectangle of darkness. ""Now, that's simply laziness,"" said Will.","Cassandra Clare,",general,
"Have you tried talking to her?"" ""No. We've been punching her in the face repeatedly. What? You don't think that will work?","Cassandra Clare,",general,
"I love you as certain dark things are loved, secretly, between the shadow and the soul.","Pablo Neruda,",general,
"When you read a book, you hold another's mind in your hands.",James Burke,general,
"A girl calls and asks, ""Does it hurt very much to die?""""Well, sweetheart,"" I tell her, ""yes, but it hurts a lot more to keep living.","Chuck Palahniuk,",general,
The only person you are destined to become is the person you decide to be.,Ralph Waldo Emerson,general,
"The most terrible poverty is loneliness, and the feeling of being unloved.",Mother Teresa,general,
"People speak sometimes about the ""bestial"" cruelty of man, but that is terribly unjust and offensive to beasts, no animal could ever be so cruel as a man, so artfully, so artistically cruel.",Fyodor Dostoyevsky,general,
"But until a person can say deeply and honestly, ""I am what I am today because of the choices I made yesterday,"" that person cannot say, ""I choose otherwise.","Stephen R. Covey,",general,
"I never forget a face, but in your case I'll be glad to make an exception.",Groucho Marx,general,
The mountains are calling and I must go.,John Muir,general,
"Listen with curiosity. Speak with honesty. Act with integrity. The greatest problem with communication is we don’t listen to understand. We listen to reply. When we listen with curiosity, we don’t listen with the intent to reply. We listen for what’s behind the words.","Roy T. Bennett,",general,
Always be a first rate version of yourself and not a second rate version of someone else.,Judy Garland,general,
"As long as she thinks of a man, nobody objects to a woman thinking.","Virginia Woolf,",general,
"If you are a student you should always get a good nights sleep unless you have come to the good part of your book, and then you should stay up all night and let your schoolwork fall by the wayside, a phrase which means 'flunk'.",Lemony Snicket,general,
Adults are always asking little kids what they want to be when they grow up ’cause they’re looking for ideas.,Paula Poundstone,general,
"If you win, you need not have to explain...If you lose, you should not be there to explain!",Adolf Hitler,general,
Why do beautiful songs make you sad?' 'Because they aren't true.' 'Never?' 'Nothing is beautiful and true.,"Jonathan Safran Foer,",general,
Humor is reason gone mad.,Groucho Marx,general,
I guess by now I should know enough about loss to realize that you never really stop missing someone-you just learn to live around the huge gaping hole of their absence.,"Alyson Noel,",general,
"Let no one ever come to you without leaving better and happier. Be the living expression of God's kindness: kindness in your face, kindness in your eyes, kindness in your smile.",Mother Teresa,general,
She looked at nice young men as if she could smell their stupidity.,Flannery O'Connor,general,
"But I believe in true love, you know? I don't believe that everybody gets to keep their eyes or not get sick or whatever, but everybody should have true love, and it should last at least as long as your life does.","John Green,",general,
"Sometimes, the best way to help someone is just to be near them.","Veronica Roth,",general,
A concept is a brick. It can be used to build a courthouse of reason. Or it can be thrown through the window.,"Gilles Deleuze,",general,
In the world I amAlways a strangerI do not understand its languageIt does not understand my silence,Bei Dao,general,
"There is no such thing as a ""broken family."" Family is family, and is not determined by marriage certificates, divorce papers, and adoption documents. Families are made in the heart. The only time family becomes null is when those ties in the heart are cut. If you cut those ties, those people are not your family. If you make those ties, those people are your family. And if you hate those ties, those people will still be your family because whatever you hate will always be with you.",C. JoyBell C.,general,
A short story is a different thing altogether – a short story is like a quick kiss in the dark from a stranger.,"Stephen King,",general,
"Lord, what fools these mortals be!","William Shakespeare,",general,
"If you are distressed by anything external, the pain is not due to the thing itself, but to your estimate of it; and this you have the power to revoke at any moment.","Marcus Aurelius,",general,
"I don’t know what’s worse: to not know what you are and be happy, or to become what you’ve always wanted to be, and feel alone.","Daniel Keyes,",general,
My religion is very simple. My religion is kindness.,Dalai Lama XIV,general,
"After a good dinner one can forgive anybody, even one's own relations.","Oscar Wilde,",general,
Sometimes you lose a battle. But mischief always wins the war,"John Green,",general,
"When you go into the ER, one of the first things they ask you to do is rate your pain on a scale of one to ten, and from there they decide which drugs to use and how quickly to use them. I'd been asked this question hundreds of times over the years, and I remember once early on when I couldn't get my breath and it felt like my chest was on fire, flames licking the inside of my ribs fighting for a way to burn out of my body, my parents took me to the ER. nurse asked me about the pain, and I couldn't even speak, so I held up nine fingers.Later, after they'd given me something, the nurse came in and she was kind of stroking my head while she took my blood pressure and said, ""You know how I know you're a fighter? You called a ten a nine.""But that wasn't quite right. I called it a nine because I was saving my ten. And here it was, the great and terrible ten, slamming me again and again as I lay still and alone in my bed staring at the ceiling, the waves tossing me against the rocks then pulling me back out to sea so they could launch me again into the jagged face of the cliff, leaving me floating faceup on the water, undrowned.","John Green,",general,
"I'm always happy,"" Sasha said. ""Sometimes I just forget.","Jennifer Egan,",general,
"To survive, you must tell stories.","Umberto Eco,",general,
"This is where it all begins. Everything starts here, today.","David Nicholls,",general,
I want everyone to meet you. You're my favorite person of all time.,"Rainbow Rowell,",general,
The easy confidence with which I know another man's religion is folly teaches me to suspect that my own is also.,Mark Twain,general,
"Reading is like thinking, like praying, like talking to a friend, like expressing your ideas, like listening to other people's ideas, like listening to music, like looking at the view, like taking a walk on the beach.","Roberto Bolaño,",general,
"We don’t need a list of rights and wrongs, tables of dos and don’ts: we need books, time, and silence. Thou shalt not is soon forgotten, but Once upon a time lasts forever.",Philip Pullman,general,
It is better to offer no excuse than a bad one.,George Washington,general,
"Because,' she said, 'when you're scared but you still do it anyway, that's brave.","Neil Gaiman,",general,
"So we shall let the reader answer this question for himself: who is the happier man, he who has braved the storm of life and lived or he who has stayed securely on shore and merely existed?",Hunter S. Thompson,general,
"The Darkling slumped back in his chair. “Fine,","Leigh Bardugo,",general,
"The mass of men lead lives of quiet desperation. What is called resignation is confirmed desperation. From the desperate city you go into the desperate country, and have to console yourself with the bravery of minks and muskrats. A stereotyped but unconscious despair is concealed even under what are called the games and amusements of mankind. There is no play in them, for this comes after work. But it is a characteristic of wisdom not to do desperate things..","Henry David Thoreau,",general,
"You never know what life is like, until you have lived it.",Marilyn Monroe,general,
"Crows remember human faces. They remember the people who feed them, who are kind to them. And the people who wrong them too. They don’t forget. They tell each other who to look after and who to watch out for.","Leigh Bardugo,",general,
I feel like someone breathed new air into my lungs. I am not Abnegation. I am not Dauntless. I am Divergent.,"Veronica Roth,",general,
"You - you alone will have the stars as no one else has them...In one of the stars I shall be living. In one of them I shall be laughing. And so it will be as if all the stars were laughing, when you look at the sky at night...You - only you - will have stars that can laugh.","Antoine de Saint-Exupéry,",general,
"There is a saying in Tibetan, 'Tragedy should be utilized as a source of strength.'No matter what sort of difficulties, how painful experience is, if we lose our hope, that's our real disaster.",Dalai Lama XIV,general,
I'm not a religious person but I do sometimes think God made you for me.,"Sally Rooney,",general,
"Man often becomes what he believes himself to be. If I keep on saying to myself that I cannot do a certain thing, it is possible that I may end by really becoming incapable of doing it. On the contrary, if I have the belief that I can do it, I shall surely acquire the capacity to do it even if I may not have it at the beginning.",Mahatma Gandhi,general,
No one is useless in this world who lightens the burdens of another.,Charles Dickens,general,
Life before Death.Strength before Weakness.Journey before Destination.,"Brandon Sanderson,",general,
"It's only those who do nothing that make no mistakes, I suppose.","Joseph Conrad,",general,
"There are perhaps many causes worth dying for, but to me, certainly, there are none worth killing for.","Albert Dietrich,",general,
"Throw your dreams into space like a kite, and you do not know what it will bring back, a new life, a new friend, a new love, a new country.",Anais Nin,general,
The mind I love must have wild places.,Katherine Mansfield,general,
I hope you find someone you can't live without.I really do. And I hope you never have to know what it's like to have to try and live without them.,"Kiera Cass,",general,
Every weirdo in the world is on my wavelength.,Thomas Pynchon,general,
Ask for what you want and be prepared to get it!,Maya Angelou,general,
"Happiness is not the absence of problems, it's the ability to deal with them.","Steve Maraboli,",general,
"We are all born sexual creatures,thank God, but it's a pity so many people despise and crush this natural gift.",Marilyn Monroe,general,
To give pleasure to a single heart by a single act is better than a thousand heads bowing in prayer.,Mahatma Gandhi,general,
"Life is really simple, but we insist on making it complicated.",Confucius,general,
What's terrible is to pretend that second-rate is first-rate. To pretend that you don't need love when you do; or you like your work when you know quite well you're capable of better.,"Doris Lessing,",general,
"What is that feeling when you're driving away from people and they recede on the plain till you see their specks dispersing? - it's the too-huge world vaulting us, and it's good-bye. But we lean forward to the next crazy venture beneath the skies.","Jack Kerouac,",general,
"When I'm good, I'm very good, but when I'm bad, I'm better.",Mae West,general,
Others have seen what is and asked why. I have seen what could be and asked why not.,"Pablo Picasso,",general,
Poetry is what gets lost in translation.,Robert Frost,general,
True friends are always together in spirit.,"L.M. Montgomery,",general,
"I am not an angel,' I asserted; 'and I will not be one till I die: I will be myself. Mr. Rochester, you must neither expect nor exact anything celestial of me - for you will not get it, any more than I shall get it of you: which I do not at all anticipate.","Charlotte Brontë,",general,
"I am broken and healing, but every piece of my heart belong to you.","Sarah J. Maas,",general,
"Stop fighting me!"" he said, trying to pull on the arm he held.He was in a precarious position himself, straddling the rail as he tried to lean over far enough to get me and actually hold onto me.“Let go of me!","Richelle Mead,",general,
"If I am not good to myself, how can I expect anyone else to be good to me?",Maya Angelou,general,
"We do not remember days, we remember moments.","Jennifer Niven,",general,
"Learn the rules, break the rules, make up new rules, break the new rules.",Marvin Bell,general,
I'm afraid that sometimes you'll play lonely games too. Games you can't win 'cause you'll play against you.,Dr. Seuss,general,
"What's up?"" I asked.You tell me,"" he said. ""You were the one about ready to start making out with Adrian.""It was an experiment,"" I said. ""It was part of my therapy.""What the hell kind of therapy are you in?","Richelle Mead,",general,
Morality is simply the attitude we adopt towards people we personally dislike.,"Oscar Wilde,",general,
"History does not always repeat itself. Sometimes it just yells, 'Can't you remember anything I told you?' and lets fly with a club.",John W. Campbell Jr.,general,
"Oh, we're playing nice now? Shall we have tea first? Brew up a nice pot of kiss-my-ass?","Julie Kagawa,",general,
Life has no remote....get up and change it yourself!,"Mark A. Cooper,",general,
To lose balance sometimes for love is part of living a balancedlife.,"Elizabeth Gilbert,",general,
"But the Hebrew word, the word timshel—‘Thou mayest’— that gives a choice. It might be the most important word in the world. That says the way is open. That throws it right back on a man. For if ‘Thou mayest’—it is also true that ‘Thou mayest not.","John Steinbeck,",general,
"May your trails be crooked, winding, lonesome, dangerous, leading to the most amazing view.",Edward Abbey,general,
"Passion makes a person stop eating, sleeping, working, feeling at peace. A lot of people are frightened because, when it appears, it demolishes all the old things it finds in its path. No one wants their life thrown into chaos. That is why a lot of people keep that threat under control, and are somehow capable of sustaining a house or a structure that is already rotten. They are the engineers of the superseded. Other people think exactly the opposite: they surrender themselves without a second thought, hoping to find in passion the solutions to all their problems. They make the other person responsible for their happiness and blame them for their possible unhappiness. They are either euphoric because something marvelous has happened or depressed because something unexpected has just ruined everything. Keeping passion at bay or surrendering blindly to it - which of these two attitudes is the least destructive? I don't know.","Paulo Coelho,",general,
"I am going to take this bucket of water and pour it on the flames of hell, and then I am going to use this torch to burn down the gates of paradise so that people will not love God for want of heaven or fear of hell, but because He is God.","John Green,",general,
"You may tell a tale that takes up residence in someone's soul, becomes their blood and self and purpose. That tale will move them and drive them and who knows that they might do because of it, because of your words. That is your role, your gift.","Erin Morgenstern,",general,
"I think and think and think, I‘ve thought myself out of happiness one million times, but never once into it.",Jonathan Safran Foer,general,
"Whenever you think or you believe or you know, you're a lot of other people: but the moment you feel, you're nobody-but-yourself.",e.e. cummings,general,
"Man, when you lose your laugh you lose your footing.","Ken Kesey,",general,
"Ideally, what should be said to every child, repeatedly, throughout his or her school life is something like this: 'You are in the process of being indoctrinated. We have not yet evolved a system of education that is not a system of indoctrination. We are sorry, but it is the best we can do. What you are being taught here is an amalgam of current prejudice and the choices of this particular culture. The slightest look at history will show how impermanent these must be. You are being taught by people who have been able to accommodate themselves to a regime of thought laid down by their predecessors. It is a self-perpetuating system. Those of you who are more robust and individual than others will be encouraged to leave and find ways of educating yourself — educating your own judgements. Those that stay must remember, always, and all the time, that they are being moulded and patterned to fit into the narrow and particular needs of this particular society.","Doris Lessing,",general,
"If you want to be happy, be.",Tolstoy Leo,general,
Never let anyone make you feel ordinary.,"Taylor Jenkins Reid,",general,
"The starting point of all achievement is DESIRE. Keep this constantly in mind. Weak desire brings weak results, just as a small fire makes a small amount of heat.","Napoleon Hill,",general,
"What is honor compared to a woman's love? What is duty against the feel of a newborn son in your arms . . . or the memory of a brother's smile? Wind and words. Wind and words. We are only human, and the gods have fashioned us for love. That is our great glory, and our great tragedy.","George R.R. Martin,",general,
You're something between a dream and a miracle.,Elizabeth Barrett Browning,general,
Never leave a friend behind. Friends are all we have to get us through this life--and they are the only things from this world that we could hope to see in the next.,"Dean Koontz,",general,
When we are children we seldom think of the future. This innocence leaves us free to enjoy ourselves as few adults can. The day we fret about the future is the day we leave our childhood behind.,"Patrick Rothfuss,",general,
"That's the thing about girls. Every time they do something pretty, even if they're not much to look at, or even if they're sort of stupid, you fall in love with them, and then you never know where the hell you are. Girls. Jesus Christ. They can drive you crazy. They really can.","J.D. Salinger,",general,
"When things break, it's not the actual breaking that prevents them from getting back together again. It's because a little piece gets lost - the two remaining ends couldn't fit together even if they wanted to. The whole shape has changed.","John Green,",general,
Poetry is what happens when nothing else can.,Charles Bukowski,general,
Help others without any reason and give without the expectation of receiving anything in return.,"Roy T. Bennett,",general,
"And then I felt sad because I realized that once people are broken in certain ways, they can't ever be fixed, and this is something nobody ever tells you when you are young and it never fails to surprise you as you grow older as you see the people in your life break one by one. You wonder when your turn is going to be, or if it's already happened.","Douglas Coupland,",general,
"Seventeen, eh!"" said Hagrid as he accepted a bucket-sized glass of wine from Fred.""Six years to the day we met, Harry, d’yeh remember it?""""Vaguely,"" said Harry, grinning up at him. ""Didn’t you smash down the front door, give Dudley a pig’s tail, and tell me I was a wizard?""""I forge’ the details,"" Hagrid chortled.","J.K. Rowling,",general,
The sad truth is the truth is sad.,"Lemony Snicket,",general,
We live as we dream--alone....,"Joseph Conrad,",general,
"Don't waste your love on somebody, who doesn't value it.","William Shakespeare,",general,
"It may help to understand human affairs to be clear that most of the great triumphs and tragedies of history are caused, not by people being fundamentally good or fundamentally bad, but by people being fundamentally people.","Neil Gaiman,",general,
"Not everything that is faced can be changed, but nothing can be changed until it is faced.",James Baldwin,general,
You have everything needed for the extravagant journey that is your life.,Carlos Castaneda,general,
Love makes your soul crawl out from its hiding place.,Zora Neale Hurston,general,
"I don't want to be married just to be married. I can't think of anything lonelier than spending the rest of my life with someone I can't talk to, or worse, someone I can't be silent with.","Mary Ann Shaffer,",general,
I just want you to know that you’re very special… and the only reason I’m telling you is that I don’t know if anyone else ever has.,"Stephen Chbosky,",general,
Don't let the muggles get you down.,"J.K. Rowling,",general,
"Sleep, those little slices of death — how I loathe them.",Edgar Allan Poe,general,
"My grandmother started walking five miles a day when she was sixty. She's ninety-seven now, and we don't know where the heck she is.",Ellen DeGeneres,general,
Life is like a prism. What you see depends on how you turn the glass.,Jonathan Kellerman,general,
Imagination is everything. It is the preview of life's coming attractions.,Albert Einstein,general,
Dare to live the life you have dreamed for yourself. Go forward and make your dreams come true.,Ralph Waldo Emerson,general,
"The unhappiest people in this world, are those who care the most about what other people think.",C. JoyBell C.,general,
Peace cannot be kept by force; it can only be achieved by understanding.,Albert Einstein,general,
Silly things do cease to be silly if they are done by sensible people in an impudent way.,"Jane Austen,",general,
Sometimes it takes a good fall to really know where you stand,Hayley Williams,general,
I know some who are constantly drunk on books as other men are drunk on whiskey.,H.L. Mencken,general,
"I didn’t go to religion to make me happy. I always knew a bottle of Port would do that. If you want a religion to make you feel really comfortable, I certainly don’t recommend Christianity.",C. S. Lewis,general,
I'm going to keep going until I succeed — or die. Don't think I don't know how this might end. I've known it for years.,"J.K. Rowling,",general,
"If everybody minded their own business, the world would go around a great deal faster than it does.","Lewis Caroll,",general,
Listen up - there's no war that will end all wars.,"Haruki Murakami,",general,
"Life doesn't imitate art, it imitates bad television.",Woody Allen,general,
Happiness is something that comes into our lives through doors we don't even remember leaving open.,Rose Wilder Lane,general,
We are always the same age inside.,Gertrude Stein,general,
Being the richest man in the cemetery doesn't matter to me. Going to bed at night saying we've done something wonderful... that's what matters to me.,Steve Jobs,general,
sex is the consolation you have when you can't have love,Gabriel García Márquez,general,
I restore myself when I'm alone.,Marilyn Monroe,general,
"People are capable, at any time in their lives, of doing what they dream of.","Paulo Coelho,",general,
"It is easy to forget how full the world is of people, full to bursting, and each of them imaginable and consistently misimagined.","John Green,",general,
"This is what we call love. When you are loved, you can do anything in creation. When you are loved, there's no need at all to understand what's happening, because everything happens within you.","Paulo Coelho,",general,
"So it’s true, when all is said and done, grief is the price we pay for love.","E.A. Bucchianeri,",general,
"There is no point treating a depressed person as though she were just feeling sad, saying, 'There now, hang on, you'll get over it.' Sadness is more or less like a head cold- with patience, it passes. Depression is like cancer.","Barbara Kingsolver,",general,
"If you try to fail, and succeed, which have you done?",George Carlin,general,
Spring is the time of plans and projects.,"Leo Tolstoy,",general,
"What do you fear, lady?"" [Aragorn] asked. ""A cage,"" [Éowyn] said. ""To stay behind bars, until use and old age accept them, and all chance of doing great deeds is gone beyond recall or desire.","J.R.R. Tolkien,",general,
"If we listened to our intellect we'd never have a love affair. We'd never have a friendship. We'd never go in business because we'd be cynical: ""It's gonna go wrong."" Or ""She's going to hurt me."" Or,""I've had a couple of bad love affairs, so therefore . . ."" Well, that's nonsense. You're going to miss life. You've got to jump off the cliff all the time and build your wings on the way down.",Ray Bradbury,general,
All humans make mistakes. What determines a person's character aren't the mistakes we make. It's how we take those mistakes and turn them into lessons rather than excuses.,"Colleen Hoover,",general,
I don't suffer from my insanity -- I enjoy every minute of it.,"Sherrilyn Kenyon,",general,
Threats are the last resort of a man with no vocabulary.,"Tamora Pierce,",general,
If I should have a daughter…“Instead of “Mom,Sarah Kay,general,
In the middle of difficulty lies opportunity,Albert Einstein,general,
"Come home and shout at me. Come home and fight with me. Come home and break my heart, if you must.","Holly Black,",general,
"If you let people into your life a little bit, they can be pretty damn amazing.","Sherman Alexie,",general,
"Dogs are our link to paradise. They don't know evil or jealousy or discontent. To sit with a dog on a hillside on a glorious afternoon is to be back in Eden, where doing nothing was not boring--it was peace.",Milan Kundera,general,
Push yourself. Don't Settle. Just live well. Just LIVE.,"Jojo Moyes,",general,
I like it when a flower or a little tuft of grass grows through a crack in the concrete. It's so fuckin' heroic.,George Carlin,general,
"Whatever you do, you need courage. Whatever course you decide upon, there is always someone to tell you that you are wrong. There are always difficulties arising that tempt you to believe your critics are right. To map out a course of action and follow it to an end requires some of the same courage that a soldier needs. Peace has its victories, but it takes brave men and women to win them.",Ralph Waldo Emerson,general,
Nothing on earth can make up for the loss of one who has loved you.,Selma Lagerlöf,general,
"I clench his hands to the point of pain. ""Stay with me.""His pupils contract to pinpoints, dialate again rapidly, and then return to something resembling normalcy. ""Always,"" he murmurs.","Suzanne Collins,",general,
"How happy is the blameless vestal’s lot!The world forgetting, by the world forgot.Eternal sunshine of the spotless mind!Each pray’r accepted, and each wish resign’d","Alexander Pope,",general,
One of the deep secrets of life is that all that is really worth the doing is what we do for others.,Lewis Carroll,general,
The thought of suicide is a great consolation: by means of it one gets through many a dark night.,Nietzsche,general,
Never attempt to teach a pig to sing; it wastes your time and annoys the pig.,"Robert Heinlein,",general,
"Half the world is composed of people who have something to say and can't, and the other half who have nothing to say and keep on saying it.",Robert Frost,general,
"Question everything. Your love, your religion, your passion. If you don't have questions, you'll never find answers.","Colleen Hoover,",general,
"I address you all tonight for who you truly are: wizards, mermaids, travelers, adventurers, and magicians. You are the true dreamers.","Brian Selznick,",general,
"Holding people away from you, and denying yourself love, that doesn't make you strong. if anything, it makes you weaker. Because you're doing it out of fear.","Sarah Dessen,",general,
"We are travelers on a cosmic journey,stardust,swirling and dancing in the eddies and whirlpools of infinity. Life is eternal. We have stopped for a moment to encounter each other, to meet, to love, to share.This is a precious moment. It is a little parenthesis in eternity.","Paulo Coelho,",general,
"We should meet in another life, we should meet in air, me and you.",Sylvia Plath,general,
"People, generally, suck.","Christopher Moore,",general,
"One could not count the moons that shimmer on her roofs,Or the thousand splendid suns that hide behind her walls.","Khaled Hosseini,",general,
"...things get broken, and sometimes they get repaired, and in most cases, you realize that no matter what gets damaged, life rearranges itself to compensate for your loss, sometimes wonderfully.","Hanya Yanagihara,",general,
"My only love sprung from my only hate!Too early seen unknown, and known too late!Prodigious birth of love it is to me,That I must love a loathed enemy.",William Shakespeare,general,
You think the dead we loved ever truly leave us? You think that we don't recall them more clearly in times of great trouble?,"J.K. Rowling,",general,
"None of us knows what might happen even the next minute, yet still we go forward. Because we trust. Because we have faith.",Paulo Coelho,general,
"Demons run when a good man goes to warNight will fall and drown the sunWhen a good man goes to warFriendship dies and true love liesNight will fall and the dark will riseWhen a good man goes to warDemons run, but count the costThe battle's won, but the child is lost",Steven Moffat,general,
Seek freedom and become captive of your desires. Seek discipline and find your liberty.,"Frank Herbert,",general,
One must dare to be happy.,Gertrude Stein,general,
"The most authentic thing about us is our capacity to create, to overcome, to endure, to transform, to love and to be greater than our suffering.",Ben Okri,general,
"A man should hear a little music, read a little poetry, and see a fine picture every day of his life, in order that worldly cares may not obliterate the sense of the beautiful which God has implanted in the human soul.",Johann Wolfgang von Goethe,general,
A question that sometimes drives me hazy: am I or are the others crazy?,Albert Einstein,general,
The past beats inside me like a second heart.,"John Banville,",general,
"Damn, Claire. Warn a guy before you do a face-plant on the floor next time. I could have looked all heroic and caught you or something -Shane","Rachel Caine,",general,
"Can you be a girl for a few seconds?""""I'm always a girl"" I frown.""You know what I mean. Like a silly, annoying girl""I twirl my hair around my finger. ""Kay.","Veronica Roth,",general,
That's what fiction is for. It's for getting at the truth when the truth isn't sufficient for the truth.,Tim O'Brien,general,
"If we have no peace, it is because we have forgotten that we belong to each other.",Mother Teresa,general,
“The world as we have created it is a process of our thinking. It cannot be changed without changing our thinking.”,Albert Einstein,general,
"“It is our choices, Harry, that show what we truly are, far more than our abilities.”",J.K. Rowling,general,
“There are only two ways to live your life. One is as though nothing is a miracle. The other is as though everything is a miracle.”,Albert Einstein,general,
"“The person, be it gentleman or lady, who has not pleasure in a good novel, must be intolerably stupid.”",Jane Austen,general,
"“Imperfection is beauty, madness is genius and it's better to be absolutely ridiculous than absolutely boring.”",Marilyn Monroe,general,
“Try not to become a man of success. Rather become a man of value.”,Albert Einstein,general,
“It is better to be hated for what you are than to be loved for what you are not.”,André Gide,general,
"“I have not failed. I've just found 10,000 ways that won't work.”",Thomas A. Edison,general,
“A woman is like a tea bag; you never know how strong it is until it's in hot water.”,Eleanor Roosevelt,general,
"“A day without sunshine is like, you know, night.”",Steve Martin,general,
"“This life is what you make it. No matter what, you're going to mess up sometimes, it's a universal truth. But the good part is you get to decide how you're going to mess it up. Girls will be your friends - they'll act like it anyway. But just remember, some come, some go. The ones that stay with you through everything - they're your true best friends. Don't let go of them. Also remember, sisters make the best friends in the world. As for lovers, well, they'll come and go too. And baby, I hate to say it, most of them - actually pretty much all of them are going to break your heart, but you can't give up because if you give up, you'll never find your soulmate. You'll never find that half who makes you whole and that goes for everything. Just because you fail once, doesn't mean you're gonna fail at everything. Keep trying, hold on, and always, always, always believe in yourself, because if you don't, then who will, sweetie? So keep your head high, keep your chin up, and most importantly, keep smiling, because life's a beautiful thing and there's so much to smile about.”",Marilyn Monroe,general,
"“It takes a great deal of bravery to stand up to our enemies, but just as much to stand up to our friends.”",J.K. Rowling,general,
"“If you can't explain it to a six year old, you don't understand it yourself.”",Albert Einstein,general,
"“You may not be her first, her last, or her only. She loved before she may love again. But if she loves you now, what else matters? She's not perfect—you aren't either, and the two of you may never be perfect together but if she can make you laugh, cause you to think twice, and admit to being human and making mistakes, hold onto her and give her the most you can. She may not be thinking about you every second of the day, but she will give you a part of her that she knows you can break—her heart. So don't hurt her, don't change her, don't analyze and don't expect more than she can give. Smile when she makes you happy, let her know when she makes you mad, and miss her when she's not there.”",Bob Marley,general,
"“I like nonsense, it wakes up the brain cells. Fantasy is a necessary ingredient in living.”",Dr. Seuss,general,
"“I may not have gone where I intended to go, but I think I have ended up where I needed to be.”",Douglas Adams,general,
"“The opposite of love is not hate, it's indifference. The opposite of art is not ugliness, it's indifference. The opposite of faith is not heresy, it's indifference. And the opposite of life is not death, it's indifference.”",Elie Wiesel,general,
"“It is not a lack of love, but a lack of friendship that makes unhappy marriages.”",Friedrich Nietzsche,general,
"“Good friends, good books, and a sleepy conscience: this is the ideal life.”",Mark Twain,general,
“Life is what happens to us while we are making other plans.”,Allen Saunders,general,
"“I love you without knowing how, or when, or from where. I love you simply, without problems or pride: I love you in this way because I do not know any other way of loving but this, in which there is no I or you, so intimate that your hand upon my chest is my hand, so intimate that when I fall asleep your eyes close.”",Pablo Neruda,general,
“For every minute you are angry you lose sixty seconds of happiness.”,Ralph Waldo Emerson,general,
"“If you judge people, you have no time to love them.”",Mother Teresa,general,
“Anyone who thinks sitting in church can make you a Christian must also think that sitting in a garage can make you a car.”,Garrison Keillor,general,
“Beauty is in the eye of the beholder and it may be necessary from time to time to give a stupid or misinformed beholder a black eye.”,Jim Henson,general,
"“Today you are You, that is truer than true. There is no one alive who is Youer than You.”",Dr. Seuss,general,
"“If you want your children to be intelligent, read them fairy tales. If you want them to be more intelligent, read them more fairy tales.”",Albert Einstein,general,
"“It is impossible to live without failing at something, unless you live so cautiously that you might as well not have lived at all - in which case, you fail by default.”",J.K. Rowling,general,
“Logic will get you from A to Z; imagination will get you everywhere.”,Albert Einstein,general,
"“One good thing about music, when it hits you, you feel no pain.”",Bob Marley,general,
"“The more that you read, the more things you will know. The more that you learn, the more places you'll go.”",Dr. Seuss,general,
"“Of course it is happening inside your head, Harry, but why on earth should that mean that it is not real?”",J.K. Rowling,general,
"“The truth is, everyone is going to hurt you. You just got to find the ones worth suffering for.”",Bob Marley,general,
“Not all of us can do great things. But we can do small things with great love.”,Mother Teresa,general,
"“To the well-organized mind, death is but the next great adventure.”",J.K. Rowling,general,
“All you need is love. But a little chocolate now and then doesn't hurt.”,Charles M. Schulz,general,
“We read to know we're not alone.”,William Nicholson,general,
“Any fool can know. The point is to understand.”,Albert Einstein,general,
“I have always imagined that Paradise will be a kind of library.”,Jorge Luis Borges,general,
“It is never too late to be what you might have been.”,George Eliot,general,
"“A reader lives a thousand lives before he dies, said Jojen. The man who never reads lives only one.”",George R.R. Martin,general,
“You can never get a cup of tea large enough or a book long enough to suit me.”,C.S. Lewis,general,
“You believe lies so you eventually learn to trust no one but yourself.”,Marilyn Monroe,general,
"“If you can make a woman laugh, you can make her do anything.”",Marilyn Monroe,general,
"“Life is like riding a bicycle. To keep your balance, you must keep moving.”",Albert Einstein,general,
“The real lover is the man who can thrill you by kissing your forehead or smiling into your eyes or just staring into space.”,Marilyn Monroe,general,
"“A wise girl kisses but doesn't love, listens but doesn't believe, and leaves before she is left.”",Marilyn Monroe,general,
“Only in the darkness can you see the stars.”,Martin Luther King Jr.,general,
"“It matters not what someone is born, but what they grow to be.”",J.K. Rowling,general,
"“Love does not begin and end the way we seem to think it does. Love is a battle, love is a war; love is a growing up.”",James Baldwin,general,
"“There is nothing I would not do for those who are really my friends. I have no notion of loving people by halves, it is not my nature.”",Jane Austen,general,
“Do one thing every day that scares you.”,Eleanor Roosevelt,general,
"“I am good, but not an angel. I do sin, but I am not the devil. I am just a small girl in a big world trying to find someone to love.”",Marilyn Monroe,general,
"“If I were not a physicist, I would probably be a musician. I often think in music. I live my daydreams in music. I see my life in terms of music.”",Albert Einstein,general,
"“If you only read the books that everyone else is reading, you can only think what everyone else is thinking.”",Haruki Murakami,general,
“The difference between genius and stupidity is: genius has its limits.”,Alexandre Dumas fils,general,
"“He's like a drug for you, Bella.”",Stephenie Meyer,general,
“There is no friend as loyal as a book.”,Ernest Hemingway,general,
"“When one door of happiness closes, another opens; but often we look so long at the closed door that we do not see the one which has been opened for us.”",Helen Keller,general,
“Life isn't about finding yourself. Life is about creating yourself.”,George Bernard Shaw,general,
"“That's the problem with drinking, I thought, as I poured myself a drink. If something bad happens you drink in an attempt to forget; if something good happens you drink in order to celebrate; and if nothing happens you drink to make something happen.”",Charles Bukowski,general,
“You don’t forget the face of the person who was your last hope.”,Suzanne Collins,general,
"“Remember, we're madly in love, so it's all right to kiss me anytime you feel like it.”",Suzanne Collins,general,
"“To love at all is to be vulnerable. Love anything and your heart will be wrung and possibly broken. If you want to make sure of keeping it intact you must give it to no one, not even an animal. Wrap it carefully round with hobbies and little luxuries; avoid all entanglements. Lock it up safe in the casket or coffin of your selfishness. But in that casket, safe, dark, motionless, airless, it will change. It will not be broken; it will become unbreakable, impenetrable, irredeemable. To love is to be vulnerable.”",C.S. Lewis,general,
“Not all those who wander are lost.”,J.R.R. Tolkien,general,
"“Do not pity the dead, Harry. Pity the living, and, above all those who live without love.”",J.K. Rowling,general,
“There is nothing to writing. All you do is sit down at a typewriter and bleed.”,Ernest Hemingway,general,
“Finish each day and be done with it. You have done what you could. Some blunders and absurdities no doubt crept in; forget them as soon as you can. Tomorrow is a new day. You shall begin it serenely and with too high a spirit to be encumbered with your old nonsense.”,Ralph Waldo Emerson,general,
“I have never let my schooling interfere with my education.”,Mark Twain,general,
“I have heard there are troubles of more than one kind. Some come from ahead and some come from behind. But I've bought a big bat. I'm all ready you see. Now my troubles are going to have troubles with me!”,Dr. Seuss,general,
“If I had a flower for every time I thought of you...I could walk through my garden forever.”,Alfred Tennyson,general,
“Some people never go crazy. What truly horrible lives they must lead.”,Charles Bukowski,general,
"“The trouble with having an open mind, of course, is that people will insist on coming along and trying to put things in it.”",Terry Pratchett,general,
"“Think left and think right and think low and think high. Oh, the thinks you can think up if only you try!”",Dr. Seuss,general,
"“What really knocks me out is a book that, when you're all done reading it, you wish the author that wrote it was a terrific friend of yours and you could call him up on the phone whenever you felt like it. That doesn't happen much, though.”",J.D. Salinger,general,
“The reason I talk to myself is because I’m the only one whose answers I accept.”,George Carlin,general,
"“You may say I'm a dreamer, but I'm not the only one. I hope someday you'll join us. And the world will live as one.”",John Lennon,general,
“I am free of all prejudice. I hate everyone equally. ”,W.C. Fields,general,
“The question isn't who is going to let me; it's who is going to stop me.”,Ayn Rand,general,
“′Classic′ - a book which people praise and don't read.”,Mark Twain,general,
“Anyone who has never made a mistake has never tried anything new.”,Albert Einstein,general,
"“A lady's imagination is very rapid; it jumps from admiration to love, from love to matrimony in a moment.”",Jane Austen,general,
"“Remember, if the time should come when you have to make a choice between what is right and what is easy, remember what happened to a boy who was good, and kind, and brave, because he strayed across the path of Lord Voldemort. Remember Cedric Diggory.”",J.K. Rowling,general,
"“I declare after all there is no enjoyment like reading! How much sooner one tires of any thing than of a book! -- When I have a house of my own, I shall be miserable if I have not an excellent library.”",Jane Austen,general,
"“There are few people whom I really love, and still fewer of whom I think well. The more I see of the world, the more am I dissatisfied with it; and every day confirms my belief of the inconsistency of all human characters, and of the little dependence that can be placed on the appearance of merit or sense.”",Jane Austen,general,
“Some day you will be old enough to start reading fairy tales again.”,C.S. Lewis,general,
“We are not necessarily doubting that God will do the best for us; we are wondering how painful the best will turn out to be.”,C.S. Lewis,general,
“The fear of death follows from the fear of life. A man who lives fully is prepared to die at any time.”,Mark Twain,general,
“A lie can travel half way around the world while the truth is putting on its shoes.”,Mark Twain,general,
"“I believe in Christianity as I believe that the sun has risen: not only because I see it, but because by it I see everything else.”",C.S. Lewis,general,
"“The truth."" Dumbledore sighed. ""It is a beautiful and terrible thing, and should therefore be treated with great caution.”",J.K. Rowling,general,
"“I'm the one that's got to die when it's time for me to die, so let me live my life the way I want to.”",Jimi Hendrix,general,
“To die will be an awfully big adventure.”,J.M. Barrie,general,
“It takes courage to grow up and become who you really are.”,E.E. Cummings,general,
“But better to get hurt by the truth than comforted with a lie.”,Khaled Hosseini,general,
“You never really understand a person until you consider things from his point of view... Until you climb inside of his skin and walk around in it.”,Harper Lee,general,
"“You have to write the book that wants to be written. And if the book will be too difficult for grown-ups, then you write it for children.”",Madeleine L'Engle,general,
“Never tell the truth to people who are not worthy of it.”,Mark Twain,general,
"“A person's a person, no matter how small.”",Dr. Seuss,general,
"“... a mind needs books as a sword needs a whetstone, if it is to keep its edge.”",George R.R. Martin,general,
The world as we have created it is a process of our thinking. It cannot be changed without changing our thinking.,Albert Einstein,general,
"It is our choices, Harry, that show what we truly are, far more than our abilities.",J.K. Rowling,general,
There are only two ways to live your life. One is as though nothing is a miracle. The other is as though everything is a miracle.,Albert Einstein,general,
"The person, be it gentleman or lady, who has not pleasure in a good novel, must be intolerably stupid.",Jane Austen,general,
"Imperfection is beauty, madness is genius and it's better to be absolutely ridiculous than absolutely boring.",Marilyn Monroe,general,
Try not to become a man of success. Rather become a man of value.,Albert Einstein,general,
It is better to be hated for what you are than to be loved for what you are not.,André Gide,general,
"I have not failed. I've just found 10,000 ways that won't work.",Thomas A. Edison,general,
A woman is like a tea bag; you never know how strong it is until it's in hot water.,Eleanor Roosevelt,general,
"A day without sunshine is like, you know, night.",Steve Martin,general,
"This life is what you make it. No matter what, you're going to mess up sometimes, it's a universal truth. But the good part is you get to decide how you're going to mess it up. Girls will be your friends - they'll act like it anyway. But just remember, some come, some go. The ones that stay with you through everything - they're your true best friends. Don't let go of them. Also remember, sisters make the best friends in the world. As for lovers, well, they'll come and go too. And baby, I hate to say it, most of them - actually pretty much all of them are going to break your heart, but you can't give up because if you give up, you'll never find your soulmate. You'll never find that half who makes you whole and that goes for everything. Just because you fail once, doesn't mean you're gonna fail at everything. Keep trying, hold on, and always, always, always believe in yourself, because if you don't, then who will, sweetie? So keep your head high, keep your chin up, and most importantly, keep smiling, because life's a beautiful thing and there's so much to smile about.",Marilyn Monroe,general,
"It takes a great deal of bravery to stand up to our enemies, but just as much to stand up to our friends.",J.K. Rowling,general,
"If you can't explain it to a six year old, you don't understand it yourself.",Albert Einstein,general,
"You may not be her first, her last, or her only. She loved before she may love again. But if she loves you now, what else matters? She's not perfect—you aren't either, and the two of you may never be perfect together but if she can make you laugh, cause you to think twice, and admit to being human and making mistakes, hold onto her and give her the most you can. She may not be thinking about you every second of the day, but she will give you a part of her that she knows you can break—her heart. So don't hurt her, don't change her, don't analyze and don't expect more than she can give. Smile when she makes you happy, let her know when she makes you mad, and miss her when she's not there.",Bob Marley,general,
"I like nonsense, it wakes up the brain cells. Fantasy is a necessary ingredient in living.",Dr. Seuss,general,
"I may not have gone where I intended to go, but I think I have ended up where I needed to be.",Douglas Adams,general,
"The opposite of love is not hate, it's indifference. The opposite of art is not ugliness, it's indifference. The opposite of faith is not heresy, it's indifference. And the opposite of life is not death, it's indifference.",Elie Wiesel,general,
"It is not a lack of love, but a lack of friendship that makes unhappy marriages.",Friedrich Nietzsche,general,
"Good friends, good books, and a sleepy conscience: this is the ideal life.",Mark Twain,general,
Life is what happens to us while we are making other plans.,Allen Saunders,general,
"I love you without knowing how, or when, or from where. I love you simply, without problems or pride: I love you in this way because I do not know any other way of loving but this, in which there is no I or you, so intimate that your hand upon my chest is my hand, so intimate that when I fall asleep your eyes close.",Pablo Neruda,general,
For every minute you are angry you lose sixty seconds of happiness.,Ralph Waldo Emerson,general,
"If you judge people, you have no time to love them.",Mother Teresa,general,
Anyone who thinks sitting in church can make you a Christian must also think that sitting in a garage can make you a car.,Garrison Keillor,general,
Beauty is in the eye of the beholder and it may be necessary from time to time to give a stupid or misinformed beholder a black eye.,Jim Henson,general,
"Today you are You, that is truer than true. There is no one alive who is Youer than You.",Dr. Seuss,general,
"If you want your children to be intelligent, read them fairy tales. If you want them to be more intelligent, read them more fairy tales.",Albert Einstein,general,
"It is impossible to live without failing at something, unless you live so cautiously that you might as well not have lived at all - in which case, you fail by default.",J.K. Rowling,general,
Logic will get you from A to Z; imagination will get you everywhere.,Albert Einstein,general,
"One good thing about music, when it hits you, you feel no pain.",Bob Marley,general,
"The more that you read, the more things you will know. The more that you learn, the more places you'll go.",Dr. Seuss,general,
"Of course it is happening inside your head, Harry, but why on earth should that mean that it is not real?",J.K. Rowling,general,
"The truth is, everyone is going to hurt you. You just got to find the ones worth suffering for.",Bob Marley,general,
Not all of us can do great things. But we can do small things with great love.,Mother Teresa,general,
"To the well-organized mind, death is but the next great adventure.",J.K. Rowling,general,
All you need is love. But a little chocolate now and then doesn't hurt.,Charles M. Schulz,general,
We read to know we're not alone.,William Nicholson,general,
Any fool can know. The point is to understand.,Albert Einstein,general,
I have always imagined that Paradise will be a kind of library.,Jorge Luis Borges,general,
It is never too late to be what you might have been.,George Eliot,general,
"A reader lives a thousand lives before he dies, said Jojen. The man who never reads lives only one.",George R.R. Martin,general,
You can never get a cup of tea large enough or a book long enough to suit me.,C.S. Lewis,general,
You believe lies so you eventually learn to trust no one but yourself.,Marilyn Monroe,general,
"If you can make a woman laugh, you can make her do anything.",Marilyn Monroe,general,
"Life is like riding a bicycle. To keep your balance, you must keep moving.",Albert Einstein,general,
The real lover is the man who can thrill you by kissing your forehead or smiling into your eyes or just staring into space.,Marilyn Monroe,general,
"A wise girl kisses but doesn't love, listens but doesn't believe, and leaves before she is left.",Marilyn Monroe,general,
Only in the darkness can you see the stars.,Martin Luther King Jr.,general,
"It matters not what someone is born, but what they grow to be.",J.K. Rowling,general,
"Love does not begin and end the way we seem to think it does. Love is a battle, love is a war; love is a growing up.",James Baldwin,general,
"There is nothing I would not do for those who are really my friends. I have no notion of loving people by halves, it is not my nature.",Jane Austen,general,
Do one thing every day that scares you.,Eleanor Roosevelt,general,
"I am good, but not an angel. I do sin, but I am not the devil. I am just a small girl in a big world trying to find someone to love.",Marilyn Monroe,general,
"If I were not a physicist, I would probably be a musician. I often think in music. I live my daydreams in music. I see my life in terms of music.",Albert Einstein,general,
"If you only read the books that everyone else is reading, you can only think what everyone else is thinking.",Haruki Murakami,general,
The difference between genius and stupidity is: genius has its limits.,Alexandre Dumas fils,general,
"He's like a drug for you, Bella.",Stephenie Meyer,general,
There is no friend as loyal as a book.,Ernest Hemingway,general,
"When one door of happiness closes, another opens; but often we look so long at the closed door that we do not see the one which has been opened for us.",Helen Keller,general,
Life isn't about finding yourself. Life is about creating yourself.,George Bernard Shaw,general,
"That's the problem with drinking, I thought, as I poured myself a drink. If something bad happens you drink in an attempt to forget; if something good happens you drink in order to celebrate; and if nothing happens you drink to make something happen.",Charles Bukowski,general,
You don’t forget the face of the person who was your last hope.,Suzanne Collins,general,
"Remember, we're madly in love, so it's all right to kiss me anytime you feel like it.",Suzanne Collins,general,
"To love at all is to be vulnerable. Love anything and your heart will be wrung and possibly broken. If you want to make sure of keeping it intact you must give it to no one, not even an animal. Wrap it carefully round with hobbies and little luxuries; avoid all entanglements. Lock it up safe in the casket or coffin of your selfishness. But in that casket, safe, dark, motionless, airless, it will change. It will not be broken; it will become unbreakable, impenetrable, irredeemable. To love is to be vulnerable.",C.S. Lewis,general,
Not all those who wander are lost.,J.R.R. Tolkien,general,
"Do not pity the dead, Harry. Pity the living, and, above all those who live without love.",J.K. Rowling,general,
There is nothing to writing. All you do is sit down at a typewriter and bleed.,Ernest Hemingway,general,
Finish each day and be done with it. You have done what you could. Some blunders and absurdities no doubt crept in; forget them as soon as you can. Tomorrow is a new day. You shall begin it serenely and with too high a spirit to be encumbered with your old nonsense.,Ralph Waldo Emerson,general,
I have never let my schooling interfere with my education.,Mark Twain,general,
I have heard there are troubles of more than one kind. Some come from ahead and some come from behind. But I've bought a big bat. I'm all ready you see. Now my troubles are going to have troubles with me!,Dr. Seuss,general,
If I had a flower for every time I thought of you...I could walk through my garden forever.,Alfred Tennyson,general,
Some people never go crazy. What truly horrible lives they must lead.,Charles Bukowski,general,
"The trouble with having an open mind, of course, is that people will insist on coming along and trying to put things in it.",Terry Pratchett,general,
"Think left and think right and think low and think high. Oh, the thinks you can think up if only you try!",Dr. Seuss,general,
"What really knocks me out is a book that, when you're all done reading it, you wish the author that wrote it was a terrific friend of yours and you could call him up on the phone whenever you felt like it. That doesn't happen much, though.",J.D. Salinger,general,
The reason I talk to myself is because I’m the only one whose answers I accept.,George Carlin,general,
"You may say I'm a dreamer, but I'm not the only one. I hope someday you'll join us. And the world will live as one.",John Lennon,general,
I am free of all prejudice. I hate everyone equally.,W.C. Fields,general,
The question isn't who is going to let me; it's who is going to stop me.,Ayn Rand,general,
′Classic′ - a book which people praise and don't read.,Mark Twain,general,
Anyone who has never made a mistake has never tried anything new.,Albert Einstein,general,
"A lady's imagination is very rapid; it jumps from admiration to love, from love to matrimony in a moment.",Jane Austen,general,
"Remember, if the time should come when you have to make a choice between what is right and what is easy, remember what happened to a boy who was good, and kind, and brave, because he strayed across the path of Lord Voldemort. Remember Cedric Diggory.",J.K. Rowling,general,
"I declare after all there is no enjoyment like reading! How much sooner one tires of any thing than of a book! -- When I have a house of my own, I shall be miserable if I have not an excellent library.",Jane Austen,general,
"There are few people whom I really love, and still fewer of whom I think well. The more I see of the world, the more am I dissatisfied with it; and every day confirms my belief of the inconsistency of all human characters, and of the little dependence that can be placed on the appearance of merit or sense.",Jane Austen,general,
Some day you will be old enough to start reading fairy tales again.,C.S. Lewis,general,
We are not necessarily doubting that God will do the best for us; we are wondering how painful the best will turn out to be.,C.S. Lewis,general,
The fear of death follows from the fear of life. A man who lives fully is prepared to die at any time.,Mark Twain,general,
A lie can travel half way around the world while the truth is putting on its shoes.,Mark Twain,general,
"I believe in Christianity as I believe that the sun has risen: not only because I see it, but because by it I see everything else.",C.S. Lewis,general,
"The truth."" Dumbledore sighed. ""It is a beautiful and terrible thing, and should therefore be treated with great caution.",J.K. Rowling,general,
"I'm the one that's got to die when it's time for me to die, so let me live my life the way I want to.",Jimi Hendrix,general,
To die will be an awfully big adventure.,J.M. Barrie,general,
It takes courage to grow up and become who you really are.,E.E. Cummings,general,
But better to get hurt by the truth than comforted with a lie.,Khaled Hosseini,general,
You never really understand a person until you consider things from his point of view... Until you climb inside of his skin and walk around in it.,Harper Lee,general,
"You have to write the book that wants to be written. And if the book will be too difficult for grown-ups, then you write it for children.",Madeleine L'Engle,general,
Never tell the truth to people who are not worthy of it.,Mark Twain,general,
"A person's a person, no matter how small.",Dr. Seuss,general,
"... a mind needs books as a sword needs a whetstone, if it is to keep its edge.",George R.R. Martin,general,
"I have to learn to love myself before I can love you or accept your loving. You have to learn to love yourself before you can love me or accept my loving. Know we are worthy of touch before we can reach out for each other.","Audre Lorde","love,self-love,connection","Eye to Eye: Black Women, Hatred and Anger / Sister Outsider"
"I can afford to look at myself directly, risk the pain of experiencing who I am not, and learn to savor the sweetness of who I am.","Audre Lorde","self-knowledge,identity,courage","Eye to Eye: Black Women, Hatred and Anger / Sister Outsider"
"When I wrote something that finally had it, I would say it aloud and it would come alive, become real. It would start repeating itself and I'd know, that's struck, that's true. Like a bell. Something struck true. And there the words would be.","Audre Lorde","writing,truth,creativity","An Interview: Audre Lorde and Adrienne Rich / Sister Outsider"
"Oppressors always expect the oppressed to extend to them the understanding so lacking in themselves.","Audre Lorde","oppression,power,justice","Sexism: An American Disease in Blackface / Sister Outsider"
"No summer ever came back, and no two summers ever were alike. Times change, and people change.","Nathaniel Hawthorne","time,change,memory",""
"Listen to me. Listen. I could bend you with my finger and my thumb. A mere reed you feel in my hands. But whatever I do with this cage, I cannot get at you, and it is your soul that I want.","Unknown","soul,power,control",""
"we can fall in love. if you want, it can even be like something out of a horror movie.","Unknown","love,darkness,romance",""
"If I have seen further than others, it is by standing upon the shoulders of giants.","Isaac Newton","knowledge,humility,legacy",""
"Ordinary bourgeois life held no force sufficiently compelling to drag one out into the chill drizzle without so much as an umbrella.","Yukio Mishima","bourgeois,ordinary-life,society",""
"The bourgeois is perhaps best characterized as one who places security among the highest values and conducts his life accordingly.","Ernst Jünger","bourgeois,security,society",""
"Money destroys human roots wherever it is able to penetrate, by turning desire for gain into the sole motive.","Simone Weil","money,greed,society",""
"There is no people any more. Everybody is bourgeois. Because everybody reads his newspaper.","Charles Péguy","bourgeois,society,media",""
"The object is merely to produce as much as possible; quality matters little; it is quantity alone that is of importance.","René Guénon","quantity,quality,modernity",""
"The temple is holy because it is not for sale.","Ezra Pound","sacred,commerce,integrity",""
"Cash-payment is not the sole nexus of man with man—how far from it!","Thomas Carlyle","money,relationships,society",""
"Man does not aspire to happiness; only the Englishman does that.","Friedrich Nietzsche","happiness,philosophy,irony",""
"Wherever an altar is found, there civilization exists.","Joseph de Maistre","civilization,sacred,religion",""
"LET US RAISE A STANDARD TO WHICH THE WISE AND THE HONEST CAN REPAIR / THE EVENT IS IN THE HAND OF GOD","George Washington","honesty,wisdom,providence",""
"Perhaps all women are part faerie, for what woman can deny her faerie blood when the portals to her own land are open; when the full moon sings its insistent song; when sorrow and passion and rage pulse through her body at moon times. This is why women are the chosen ones of Faerie, pat of the vibrant, fluid, emotional soul of the world…","Brian Froud","faerie,women","Brian Froud's World of Faerie"
"Princess Linetta turned around and around, a circular dance that felt mystical and otherworldly in this secret of a place, a shrouded realm of silvery light.","Gina Marinello-Sweeney","fairy-tales,otherworldly,silvery","Prince of Chandeliers"
"Be aware! Bad things can happen and the bigger they are, the greater the test. You can learn from them or pity yourself and focus on the negative, which will never get you out of the lesson, remember you hold the key!","Chris DiSano Davenport","childrens-book-quotes,elemental-kingdom,faerie,fairy-tales,inspirational,inspirational-quotes",""
"","Chris DiSano Davenport","childrens-book-quotes,elemental-kingdom,faerie,fairy-tales,inspirational,inspirational-quotes","The Little People Journey into the Mystic Sea"
"If you say something over and over and over again you may just start to believe it. If you truly do believe it, you can be sure you will receive it. Selkie Anne, The Little People Journey into the Mystic Sea","Chris DiSano Davenport","childrens-book-quotes,elemental-kingdom,faerie,fairy-tales,inspirational,inspirational-quotes","The Little People Journey into the Mystic Sea"
"Whatever ‘I AM,’ you are! You are, I AM, not me you see, but you are ‘I AM’ is what will be!","Chris DiSano Davenport","childrens-book-quotes,elemental-kingdom,faerie,fairy-tales,inspirational,inspirational-quotes","See the Little People...An Enchanting Adventure"
"Bad in good and good in bad, see the life you could have had? Your life is the keyhole, and you are the key, don’t look back, NOW choose to be happy!","Chris DiSano Davenport","childrens-book-quotes,elemental-kingdom,faerie,fairy-tales,inspirational,inspirational-quotes","See the Little People...An Enchanting Adventure"
"When I am happy and when I really focus, I can! Whatever I dream of with my thoughts becomes a part of my world, my plan.","Chris DiSano Davenport","childrens-book-quotes,elemental-kingdom,faerie,fairy-tales,inspirational,inspirational-quotes","See the Little People...An Enchanting Adventure"
"Grampa says the grass is not greener on the other side. All grass changes with the seasons, it grows, it browns, and it can die if you do not nurture it. You must accept the changes, yet the grass is as green as you make it right here and now! Going from one meadow to another does not change the season! Or the meadow! Deetkatu, See the Little People…An Enchanting Adventure","Chris DiSano Davenport","childrens-book-quotes,elemental-kingdom,faerie,fairy-tales,inspirational,inspirational-quotes",""
"You mean to tell me that you have made a human friend? It could be dangerous and I must urge it to end! Deetkatu, where is your sense?","Chris DiSano Davenport","childrens-book-quotes,elemental-kingdom,faerie,fairy-tales,inspirational,inspirational-quotes","See the Little People...An Enchanting Adventure"
"Being in our secret place brings much peace and the more we go there, the more it will increase. Now we let it all go by, have faith in what we see and it IS what will be.","Chris DiSano Davenport","childrens-book-quotes,elemental-kingdom,faerie,fairy-tales,inspirational,inspirational-quotes","See the Little People...An Enchanting Adventure"
"Be mindful of the thoughts and emotions you put out, they will only project back to you like a boomerang, no doubt!","Chris DiSano Davenport","childrens-book-quotes,elemental-kingdom,faerie,fairy-tales,inspirational,inspirational-quotes","See the Little People...An Enchanting Adventure"
"Grampa Foster always says that every single experience has something to teach us about ourselves. “So don’t expect to get too comfortable or you’ll never learn a thing!","Chris DiSano Davenport","childrens-book-quotes,elemental-kingdom,faerie,fairy-tales,inspirational,inspirational-quotes","The Little People Journey into the Mystic Sea"
"The kingdom of nature has such a job, That can even make a goblin’s heart throb, It’s true, only a handful of people can see. They’re the breath and life of the planet to be, And all this effort is done for a reason, To build energy that creates a plentiful season! The Little People Journey into the Mystic Sea","Chris DiSano Davenport","childrens-book-quotes,elemental-kingdom,faerie,fairy-tales,inspirational,inspirational-quotes","The Little People Journey into the Mystic Sea"
"Always look at the message, not the messenger!","Chris DiSano Davenport","childrens-book-quotes,elemental-kingdom,faerie,fairy-tales,inspirational,inspirational-quotes","The Little People Journey into the Mystic Sea"
"LOVE is the answer to everything! Seriously! Everything! The Little People Journey into the Mystic Sea","Chris DiSano Davenport","childrens-book-quotes,elemental-kingdom,faerie,fairy-tales,inspirational,inspirational-quotes","The Little People Journey into the Mystic Sea"
"It can appear that Ellarie has it hard to be seen and to be heard. Sometimes this is her way and maybe not the best, but it is a way she often uses, I have to confess. Her invisible poke or pinch is to help those believe, in more than just a ghostly story or what the eyes can perceive. The brighter your light shines will give a clue, to the goodness you attract that follows you.","Chris DiSano Davenport","childrens-book-quotes,elemental-kingdom,faerie,fairy-tales,inspirational,inspirational-quotes","The Little People Journey into the Mystic Sea"
"","Chris DiSano Davenport","childrens-book-quotes,elemental-kingdom,faerie,fairy-tales,inspirational,inspirational-quotes","The Little People Journey into the Mystic Sea"
"With all control look for the hole, your mind gets weak, unless it’s truth you seek. Swirled and twirled into another world, into the smog, a doorway within the fog.","Chris DiSano Davenport","childrens-book-quotes,elemental-kingdom,faerie,fairy-tales,inspirational,inspirational-quotes","The Little People Journey into the Mystic Sea"
"You might just be compelled to hear, that there is folklore about a boy so dear, a legend the fairies readily discern, of a good King’s rule upon his return. A boy, a boy is in front of me, I know not who this human could be. I will just become a part of this tree! Unless he cries a desperate plea, I shall then be allowed to reach out to thee.","Chris DiSano Davenport","childrens-book-quotes,elemental-kingdom,faerie,fairy-tales,inspirational,inspirational-quotes","See the Little People...An Enchanting Adventure"
"My head says forget it, my heart says I’ll regret it, and what my stomach tells me, I should not ignore. Oh no, I gotta go, give me a leave, not your sleeve! I know this will cease, when I feel peace. So I will help a boy, come to Joy, a risk I shall take, it’s no mistake, my stomach tells me so.","Chris DiSano Davenport","childrens-book-quotes,elemental-kingdom,faerie,fairy-tales,inspirational,inspirational-quotes","See the Little People...An Enchanting Adventure"
"When you truly believe in the desires of your heart, they show themselves to you, creating a world you wish to see. When you believe in the bad things of your world, they also become visible, weighing on your heart, which makes peace hard to find.","Chris DiSano Davenport","childrens-book-quotes,elemental-kingdom,faerie,fairy-tales,inspirational,inspirational-quotes","See the Little People...An Enchanting Adventure"
"","Chris DiSano Davenport","childrens-book-quotes,elemental-kingdom,faerie,fairy-tales,inspirational,inspirational-quotes","See the Little People...An Enchanting Adventure"
"Our traditions teach us the past is not forgot, yet the past repeats the future believe it or not. If we dwell on the negative, we continue to make, an unhealthy life we must never forsake. Our fairy ring teaches us cause and effect, what we give to the world, returns to us direct!","Chris DiSano Davenport","childrens-book-quotes,elemental-kingdom,faerie,fairy-tales,inspirational,inspirational-quotes","See the Little People...An Enchanting Adventure"
"Now Arthur, if humans could learn to gaze with their eyes or use their special sight, they would realize there is more to seeing than just what is in front of them!","Chris DiSano Davenport","childrens-book-quotes,elemental-kingdom,faerie,fairy-tales,inspirational,inspirational-quotes","See the Little People...An Enchanting Adventure"
"When you are open and aware, it allows for all magical possibilities! We, here in the forest, can see all that goes on in our environment on the surface; but we have true awareness that sees beyond the shallow! This belief comes from the depths of wisdom that there is more than meets the eyes!","Chris DiSano Davenport","childrens-book-quotes,elemental-kingdom,faerie,fairy-tales,inspirational,inspirational-quotes","See the Little People...An Enchanting Adventure"
"Pretty things can be denied when it is beauty that comes from a place inside. Your outer appearance may have its place but to walk in beauty is to walk in grace. So lift your confidence to gain inner merit, then walk in beauty and connect to your spirit. Embellish yourself with art for fun, it enhances, inspires and in beauty, YOU RUN!"" Maiara, The Little People Journey into the Mystic Sea","Chris DiSano Davenport","childrens-book-quotes,elemental-kingdom,faerie,fairy-tales,inspirational,inspirational-quotes","The Little People Journey into the Mystic Sea"
"If you say something over and over and over again you may just start to believe it. If you truly do believe it, you can be sure you will receive it."" Selkie Anne, The Little People Journey into the Mystic Sea","Chris DiSano Davenport","childrens-book-quotes,elemental-kingdom,faerie,fairy-tales,inspirational,inspirational-quotes","The Little People Journey into the Mystic Sea"
"OHHHH don’t make me cry, I’m a big strong guy, I can make you laugh and I’d never tell a lie, See my muscles on my legs when I swim, I can do back spins with the force of my fins. SOOOOO don’t make me cry, I’m a big strong guy, I can make you laugh and I’d never tell lie. The muscles in my heart are tougher than my shell, To “love” makes me stronger than to lift a barbell.","Chris DiSano Davenport","childrens-book-quotes,elemental-kingdom,faerie,fairy-tales,inspirational,inspirational-quotes","The Little People Journey into the Mystic Sea"
"Being in our secret place brings much peace and the more we go there, the more it will increase. Now we let it all go by, have faith in what we see and it IS what will be.","Chris DiSano Davenport","childrens-book-quotes,elemental-kingdom,faerie,fairy-tales,inspirational,inspirational-quotes","See the Little People...An Enchanting Adventure"
"Do you not believe, Governess, where this power comes from, you seek? It is not from the “things” you keep. I trust the Creator to take care of me. Come what may, I will stay out of your way.","Chris DiSano Davenport","childrens-book-quotes,elemental-kingdom,faerie,fairy-tales,inspirational,inspirational-quotes","The Little People Journey into the Mystic Sea"
"I guess we all know that more souls will advance.” When you learn that life can make you wise, it’s no surprise that the light within you will grow and will shine for those you come to know.","Chris DiSano Davenport","childrens-book-quotes,elemental-kingdom,faerie,fairy-tales,inspirational,inspirational-quotes","The Little People Journey into the Mystic Sea"
"Might I take this moment to give thanks to our loving Creator for supplying us with all our needs for this day and always!","Chris DiSano Davenport","childrens-book-quotes,elemental-kingdom,faerie,fairy-tales,inspirational,inspirational-quotes","The Little People Journey into the Mystic Sea"
"Honor is a balancing act and only the heart can strike that balance.","Stefan Emunds","adversary,camelot,chivalry,excalibur,gawain,green-knight","Gawain and the Green Knight"
"At least I’m the one leaving. It’s so much easier to leave than to be left.","Stefan Emunds","adversary,camelot,chivalry,excalibur,gawain,green-knight","Gawain and the Green Knight"
"The world is an ambitious business. It continuously expands and evolves. But people are lazy and God is far too lovely to do something about it.","Stefan Emunds","adversary,camelot,chivalry,excalibur,gawain,green-knight","Gawain and the Green Knight"
"Wake up! You’re a sacred soul and glory is yours for the taking.","Stefan Emunds","adversary,camelot,chivalry,excalibur,gawain,green-knight","Gawain and the Green Knight"
"The world eclipses and it’s just her and him. No it’s just her eyes and his soul. Her eyes expose and violate him, she turns him inside out. Then, her eyes drop him like a boring toy.","Stefan Emunds","adversary,chivalry,gawain,green-knight,king-arthur,medieval","Gawain and the Green Knight"
"Waiting for one’s execution is worse than dying. To seek my beheading is glory. Who went to his execution willingly? Jesus did. Jesus even dragged his cross half way to Golgotha. I think he would have nailed himself to the cross if he had to.","Stefan Emunds","adversary,camelot,chivalry,excalibur,gawain,green-knight","Gawain and the Green Knight"
"Favorite Quotations. I speak my mind because it hurts to bite my tongue. The worth of a book is measured by what you carry away from it. It's not over till it's over. Imagination is everything. All life is an experiment. What the caterpillar calls the end of the world, the master calls the butterfly.","Pat Frayne","action,adventure,animals,bats,battles,castle","Tales of Topaz the Conjure Cat: Part I Topaz and the Evil Wizard & Part II Topaz and the Plum-Gista Stone"
"Everything seemed possible, when I looked through they eyes of a child. And every once in a while; I remember, I still have the chance to be that wild.","Nikki Rowe","dreamer,inner-child,life,magical",""
"","C. Toni Graham","allies,ancient-magic,betrayal,enchanted-realms,epic-battle,hidden-powers","Crossroads and the Dominion of Four"
"","Brendan Myers","empowering,life,magic",""
"Consider the coincidences that you do not see."" - Fabian Snowstrom, A Vampire's Reckoning","V.M.K. Fewings","secrets,vampires","A Vampire's Reckoning"
"Tis now the very witching time of night, When churchyards yawn, and hell itself breathes out Contagion to this world. Now could I drink hot blood And do such bitter business as the day Would quake to look on.","William Shakespeare","blood,death,fantasy,hamlet,hell,horror","Hamlet"
"","Briana Saussy","doors,liminal,magic,sensual","Making Magic: Weaving Together the Everyday and the Extraordinary"
"The white fireball was his life force. White embers sprouted out of the life force as the life force whipped its smoky white flames in the air. Although the life force looked like fire, it didn’t feel like fire. It was as soft as a cloud, and it was as warm as a glove.","Casey Yun","fantasy,magic,magical,supernatural","A Life for a Life"
"Magic is not a thing to be borrowed here. It simply is. Can you not feel it in the air, in the land?","Chelsea Abdullah","magic,natural,power,surrounding","The Ashfire King"
"All magic has its source, regardless of the life it takes on.","Chelsea Abdullah","life,magic,power","The Ashfire King"
"Eona - Fantasy of Hell","EonaCat (Jeroen Saey)","eonacat,fantasy,jeroen,saey",""
"Is this real? Or has this been happening inside my head?' ... 'Of course it is happening inside your head, Harry, but why on earth should that mean that it is not real?","JK Rowling","dumbledore-s-wit,harry-potter",""
"The captain left with his back straight and his nose in the air. In his wake, Dagmar poked her head around the doorframe. “You never can tell with His Majesty, can you?","Kate Stradling","castle,kings,tower,ya,ya-fantasy","The Legendary Inge"
"Birds are magical. Their flight alone can arouse a clever thought.","Michael Bassey Johnson","bird,birds,birdwatching,cleverness,flying,imaginations","Song of a Nature Lover"
"Suddenly the zephyr kicked up the leaves as well, and Sylvia saw something like a great, green angel arise in the spot where the mask had lain. Sylvia stood frozen to the spot watching as a face of living wood took shape from the mask-like object and rose over six feet with the leaves flowing over limbs.","Sharon Brubaker","angel,forest,green-man,leaves,magic,mask","The Greening"
"The boy with grazes on his cheeks was snoring softly. Stella watched him as he slept. She lifted her eyes to the firmament. The skies were changing color. Billy followed her gaze. Since childhood, he was her confidante, her trusted friend.","Suzy Davies","book,fairytale-retelling,magical,nature,sled-ride,the-girl-in-the-red-cape","The Girl in The Red Cape"
"","Corinne Beenfield","belief,magic,magical,magical-realism,mermaids,mother","The Ocean's Daughter :"
"Sometimes the meaning beyond the talisman is greater than the talisman itself. A star has a hint of galaxies.","Talismanist Giebra","galaxy,magic,magical,meaning,star,talisman","Talismanist: Fragments of the Ancient Fire. Philosophy of Fragmentism Series."
"Talismans can only be perceived but never fully translated into words.","Talismanist Giebra","experience,magic,magical,magick,mysterious,personal","Talismanist: Fragments of the Ancient Fire. Philosophy of Fragmentism Series."
"If you have the understanding to first notice the signs, continue with the courage to follow them.","Nikki Rowe","awaken,awakening,awareness,be-brave,brave-heart,courage",""
"","Sahara Sanders","fiction-quotes,mystic,paranormal,paranormal-quotes,strange-occurences","Indigo Diaries: A Series of Novels"
"Mysticism and supernaturalism are the descendants of ignorance and fear.","Abhijit Naskar","brainy-quotes,fear,ignorance,mysticism,paranormal,science","Principia Humanitas"
"The pieces of the puzzle are visible, but not the grand design. Images flicker and dance like memories, hinting at events to come. They scatter the moment I reach for them only to re-form to taunt me. I who never truly possessed them, nor may I ever. They do tell me this: a time of great change approaches and it’s not enough to watch. We must act. We can’t count on others to do our work for us or all may be lost. - Oracle Lilian’s Diary, Winter of 3765","Mara Amberly","fantasy,fantasy-fiction,mysterious,oracle,seer,sight","Fire and Gold"
"Every single phenomenon in the world, has a physical explanation underneath it. Finding the explanation depends on how far you are willing to go.","Abhijit Naskar","brainy-quotes,inspirational,mysticism,nature,paranormal,science","Principia Humanitas"
"The Elven Way passes beyond the fields of the known into the forest of the unknown, illuminated by the glow of the elves.","The Silver Elves","elven,elven-way,elves,illumination,magic,magical","The Elven Way: The Magical Path of the Shining Ones"
"Bedivere replied softly, 'There are more things under the heavens than we can ever imagine Sire.","Rosie Morgan","mythical","The Golden Sword"
"Every day may not be good, but there is something good in every day!","V. Duwane Ledbetter","inspirational,paranormal,the-paranormal-investigator",""
"Many years ago, plunging was discovered when the moon was in two halves- it's all about dreams, you see","William O'Brien","dreams,fairytale,fantasy,magic,moon,witch","Peter: A Darkened Fairytale"
"Doubt is unacceptable and should not enter you; it is merely evil trying to divert you and increase the difficulty of your task","William O'Brien","crystals,dark,fairytale,inspirational,magic,poem","Peter: A Darkened Fairytale"
"My path will weave The way you say There is no doubt You'll create the way","William O'Brien","crystals,dark,fairytale,inspirational,magic,poem","Peter: A Darkened Fairytale"
"If a palmist grasp my palm, and look into it, without seeing a single line, what would he read?","Michael Bassey Johnson","abnormal,confusion,decipher,empathy,lies,lines",""
"Religion is nothing but institutionalized mysticism. The catch is, mysticism does not lend itself to institutionalization. The moment we attempt to organize mysticism, we destroy its essence. Religion, then, is mysticism in which the mystical has been killed. Or, at least diminished.","Tom Robbins","institution,mysticism,religion","Skinny Legs and All"
"Life and the Universe are beneficent. If we make friends with our experience and work with the flow of life rather than against it, we will find that our highest good is being supported on all levels, and that there is nothing to fear.","Katherine Parker","inner-listening,meditation,mind-body-spirit,sacred-language,somatic-wisdom,spiritual-poetry","Resonance Alchemy: Awakening the Tree of Life"
"It's all a series of serendipities with no beginnings and no ends. Such infinitesimal possibilities Through which love transcends.","Ana Claudia Antunes","circles-within-circles,cycles,eternal,eternity,events,fortuitous","The Tao of Physical and Spiritual"
"You were the ocean and we were the land You lay down unflinching You lay down forgetting And you were the ocean and we were the land","Tamara Rendell","earth,memories,ocean-poems,ocean-poetry,ocean-quotes,sea","Mystical Tides"
"","Alexander Lowen","ego,spiritual,transcendental","The Betrayal of the Body"
"Deep Blue Mystic - A Haiku Mighty ocean's grace, True power lies in stillness, Destruction withheld.","Amogh Swamy","grave,haiku,jordan-peterson,ocean,power,responsibility","On My Way To Infinity: A Seeker's Poetic Pilgrimage"
"In death, we are born. The dead add their strength and counsel to the living.","Hopi Proverb","inspirational,spiritual",""
"","Kiana Krystle","angels,feast,flowers,fruits","Dance of the Starlit Sea"
"That's why angels prefer to come here on faint ancient nights when the moon is at half-strength and the cats howl their hunger. The venom plaguing us seems miles away. [Unlikely Stories]","Scott C. Holstad","angels,cats",""
"Music is not just sound — it is the ancient breath that heals, carrying the soul through unseen doors into the places it remembers to be whole again.","Phoenix Moon","consciousness,healing,inner-journey,inspirational,music,poetry",""
"The oracle’s mirror waiting for the earth to unveil her The wolf’s howl over snow The quiet place inside you – the vast knowing of the soul","Tamara Rendell","earth,mirror,mysticism,oracle,seer,snow","Mystical Tides"
"The delicate totems – saints floating on their seas of incense and candlelight wounded bodies and silent faces","Tamara Rendell","faith,mystery,mysticism,religion,saints,silence","Mystical Tides"
"I began to envision myself differently, to experience The Feminine not as wounded, but as something beautiful, exuberant, wise and unspeakably valuable.","Sue Monk Kidd","divinefeminine,feminism,sacred,women","The Dance of the Dissident Daughter: A Woman's Journey from Christian Tradition to the Sacred Feminine"
"Love is the answer to every question.","God in Heaven","bilocation,catholic,dreams,inspirational,prayer,spirituality",""
"The ineffable nuances and numinous intricacies of the supernatural do not adhere to natural laws, nor to materialist superstitions. It will thus forever remain beyond the scope of Newtonian science and the narrow mind.","Anthon St. Maarten","esoteric,materialist-science,natural-laws,newtonian-science,occult,paranormal-phenomena","The Sensible Psychic: A Leading-Edge Guide To True Psychic Perception"
"﻿The one who is out to seek has already found it.","Bikash Bhandari","guts,journey,life,mind,seeking-truth,spiritual",""
"Khun Mae went to bed past midnight. After a few minutes, her mouth opened. Her hair was a dark cloud on the pillow. Up and up, she drifted above her bed, through the white mosquito nets, until she was as light as a sea bird. She drifted through the open flap of her window, into the balmy night air. Through the rainstorm, she flew, over the city of Bangkok and its blurry lights, until the stars themselves guided this bird on her journey into the mountains, and above Tham Luang cave.","Suzy Davies","buddha,children-s-novel,sheila-graber-art,smashwords,superheroes,the-cave",""
"","Lorraine Manifold","music,sacred,spirituality","The Divine Melody: Song of the Mystic Dove"
"Beneath the gentle gaze of a god turned in stone holding the dreaming wish of safety in our arms","Tamara Rendell","cosmic,cosmic-consciousness,god,goddess,gods,poem","Mystical Tides"
"Drink in the heat of an ancient sun held in the cold fire of water rising from earth and rock Spilling over your cupped hands and drawn to lips and tongue Pouring water’s memory of the azure mist it fell from into the chalice of your flesh Turning your eyes skywards with desire for the freedom it was born of","Tamara Rendell","cosmic,earth,freedom,gaia,pagan,poetry","Mystical Tides"
"After all, everything mystical and occult (hidden) is already gestating within our subconscious, just waiting for us to bring it to life, to reawaken it.","Lawren Leo","astral,carl-jung,horse-magick,magick,magick-studies,occult","Horse Magick: Spells and Rituals for Self-Empowerment, Protection, and Prosperity"
"The Center of Center is but one. The Center is more interior than any Circumference.","Dionysius Andreas Freher","cosmology,inspirational,mysticism,spiritual,unity","The paradoxical emblems of Dionysius Andreas Freher"
"Mystic ways may not all travel but life's riddles we can unravel.","James Tunney","haiku,inspirational,mysticism,poetry,spirituality,sutras","The Mystical Accord: Sutras to Suit our Times, Lines for Spiritual Evolution"
"The Soul is the Eternal Dream dreaming of your Becoming","Stephanie Acello","conscious,heart,inspirational,soul,spiritual","Pour Me Another Cup: Mystical Writings to Illuminate Your Soul"
"Power hounds the mystic that has unified the Divine. In this state one senses ascension like a dog on heat, full of potent lust.","Jason Cain","meditation-quotes,spiritual-quotes,yogi","Autobiography of a Sorcerer: Book One"
"Some mystical concepts are an alchemical experience.","Talismanist Giebra","alchemical,alchemist,alchemy,experience,magic,magical","Talismanist: Fragments of the Ancient Fire. Philosophy of Fragmentism Series."
"The art of a Talismanist is to let you experience the Mysterious.","Talismanist Giebra","experience,ideas,magic,magical,mysterious,secret","Talismanist: Fragments of the Ancient Fire. Philosophy of Fragmentism Series."
"Life is an art of mystical combination.","Talismanist Giebra","happiness,inspirational,life,meaning-of-life,motivational,purpose-of-life","Talismanist: Fragments of the Ancient Fire. Philosophy of Fragmentism Series."
"Love wants us to sample His goodness, with unlimited samplings.","Catherine Toon","god-is-love,goodness,inspirational,prophetic,spiritual-quotes","Marked by Love: Unveiling the Substance of Your True Identity"
"Ego is like a mad elephant which is ridden by our blind heart and blind mind and which ultimately destroys our real selves","Kapil Kumar Bhaskar","book-quote,ego,memoir,paranormal,seeker,spirituality","Reminiscences Of A Seeker: Dark Face Of The White World"
"We write, edit, and rewrite the story of our own life employing descriptive words, metaphors, and symbols. Our lives are full of symbols including those supplied by nature and religion, which touch upon the mystical and spiritual aspects of life. Symbols inspire enduring hope by formulating idealist expectations.","Kilroy J. Oldster","authors,autobiography,essay-writing,expectation,expectations,expectations-quotes",""
"…more than a half million books, all of them smelling like dust and ink, two terrible smells that blend mystically to make something beautiful. Powells is another church to me, a paperback sort of heaven.","Donald Miller","beautiful,books,christianity,jazz,reading,smell","Blue Like Jazz: Nonreligious Thoughts on Christian Spirituality"
"Blessed are those that know the path out of their carnal flesh, for they shall attain intuition.","Michael Bassey Johnson","astral,astral-projection,chakra,cosmic,death,dream",""
"As we discard a limited mind and a life of limitation to step into the grandness of vastness, we realize infinity itself to be the Guru and all that we do as grace. As we traverse through consciousness that is the Guru, we become the Guru and each thought of ours is perfect in the now, as scriptures. Consciousness is the Guru, the wisdom.","Nandhi Tapasyogi","awakening,awareness,christian,consciousness,empowerment,genius","Mastery of Consciousness: Awaken the Inner Prophet: Liberate Yourself with Yogic Wisdom."
"I, too, chose to go out...to the mountains' resort for a long weekend of Buddists' Om mantra sound...hunting the eternal wise words...have a time in silence to contemplate the profound concepts of universal creation and see what it does to my sense of identity...","Unknown","an-intellectual-concepts,christianity-buddhism,emptiness,enlightened-awareness,mantra,meditation",""
"Listen with an open heart","William O'Brien","healing-insights,humanity,knowledge,magic,philosophy,spirituality",""
"","Thomas Ligotti","apocalypse,arcane,blasphemous,blasphemy,fatalism,fear","The Nightmare Factory"
"The greatest book is one written by your pen, but not exactly from your mind.","Michael Bassey Johnson","advancement,aura,book,cosmic-force,cosmic-forces,enlightenment",""
"Life on earth can never be fully understood. Life and all it holds is too big for humans to understand. There is the possibility for more joy than they ever comprehend and there is the same possibility of pain and suffering. Humans have embraced pain and sorrow much more fully than they have embraced joy. This why the world suffers.","Jan Krause Greene","environmentalism,inspirational,peace,spiritual","I Call Myself Earth Girl"
"The feeling cannot be described in words, it's mystical; I am changing. Perhaps the soul needed silence so that it can shout to hear the echo from the walls of my heart. It did heard something, Sufism!","Dr. S.U.A.H Syed","silence,soul,sufism",""
"God was something I did not understand the way kids who went to church did. They said God was a man in the sky with white hair and a beard like Santa. This seemed strange to me. When I thought of God, I imagined only mist over the pond, a sliver of moon in a dark sky, scatterings of stars, birdsong.","Melissa Coleman","god,spiritual,spirituality,universe","This Life Is in Your Hands: One Dream, Sixty Acres, and a Family Undone"
"To standing in the bow wind with no charted course."" Clay Mitchell, ""Half-Past Eternity"" book II ""Eterna"".","Clay Mitchell","fiction-novel,spirituality",""
"Every great man is an idol, an oracle of inquiry. Don't aspire to know the former, but aspire to know the diety in his soul.","Michael Bassey Johnson","aspire,aspiring,diety,enquiry,every-great-soul,fame",""
"If the sun rolled back like an eye, it would see the mind of God.","Cecilia Llompart","god,mind,poetry,sun","The Wingless"
"The words kept coming back to him, statement of a mystical truth and a palpable absurdity.","George Orwell","absurdity,truth,words","1984"
"Jobs had begun to drop acid by then, and he turned Brennan on to it as well, in a wheat field just outside Sunnyvale. ""It was great,"" he recalled. ""I had been listening to a lot of Bach. All of a sudden the whole field was playing Bach. It was the most wonderful feeling of my life up to that point. I felt like the conductor of this symphony with Bach coming through the wheat.","Walter Isaacson","acid,lsd,music,psychological,steve-jobs,walter-isaacson","Steve Jobs"
"The hands of blue time united into the mast of a sailboat. And I was captain on that deck of shadows, at the helm, I, too, a shadow resisting impermanence, asking: Is all or any of it real or am I writing myself into a mystery?","Maria-Cristina Necula","buddhist,philosophical,poetry,writing","Evanescent"
"For while the individual currents were volatile the totality of them were omniscient and the intrinsic flow knew only the way of destiny.","Casey Fisher","consciousness,consciousness-mind-brain,consciousness-quote,consciousness-quotes,destiny,destiny-quotes","The Subtle Cause"
"The hands of blue time united the mast of a sailboat. And I was captain on that deck of shadows, at the helm, I, too, a shadow resisting impermanence, asking: Is all or any of it real or am I riding myself into a mystery?","Maria-Cristina Necula","buddhist,philosophy,poetry","Evanescent"
"The hands of blue time united the mast of a sailboat. And I was captain on that deck of shadows, at the helm, I, too, a shadow resisting impermanence, asking: Is all or any of it real or am I writing myself into a mystery?","Maria-Cristina Necula","buddhist,philosophical,poetry","Evanescent"
"There are moments when silence becomes a scripture, and the heart becomes its only prophet","Roy Joseph Nasrallah","philosophy,poetic","THE FIRST COLLAPSE: How the World Began to End"
"Who doesn’t want to feel bliss? We all do. But if it’s for reasons other than to experience heightened awareness, then we will continue to desperately desire bliss to fill a deep, gaping hole in our souls.","Ora Nadrich","awareness,bliss,mindfulness,mysticism,soul","Mindfulness and Mysticism: Connecting Present Moment Awareness with Higher States of Consciousness"
"What was exorcised was the Machine not the Ghost.","Noam Chomsky","descartes,gravity,newton,noamchomsky,physics",""
"","Tim Scott","drama,ego,family,finding-happinesss,future,living","Driving Toward Destiny"
"The ferry left on time…. The splash of the waters and the rumble of the engine kept such a steady drumbeat that these sounds accentuated the silence around me. Maybe in Crete, Rhea, Mother Earth, would define my destiny but I insisted it wasn’t going to be what my parents were like. I watched the stars drift by until I dozed off.","Tim Scott","expectations,family,finding-happinesss,future,goals,living","Driving Toward Destiny"
"","Tim Scott","expectations,family,finding-happinesss,future,goals,living","Driving Toward Destiny"
"Beautiful women can be like dynamite,” (I said to Paul.)… “Now, now. There’s nothing wrong with dynamite if it’s treated right,","Tim Scott","drama,ego,family,finding-happinesss,future,living","Driving Toward Destiny"
"But along with the feeling of ineffability, the conviction that some profound objective truth has been disclosed to you is a hallmark of the mystical experience, regardless of whether it has been occasioned by a drug, meditation, fasting, flagellation, or sensory deprivation. William James gave a name to this conviction: the noetic quality. People feel they have been let in on a deep secret of the universe, and they cannot be shaken from that conviction.","Michael Pollan","ineffable,noetic-quality,psychedelics","How to Change Your Mind: The New Science of Psychedelics"
"By repeatedly losing worthy battles with the self, I gain a sense of faithful mysticism that a person’s realizes whenever his or her paltry earthly reality fails to match up their quixotic notions.","Kilroy J. Oldster","battles-of-life,critic,mystic,mysticism,self-critic,self-critical","Dead Toad Scrolls"
"We know very well how to operate the machines on which our futures depend yet we rarely know how they operate—our knowledge of the internal workings of the machines is almost mystical.","Donald stabile","socialism,technocracy,technology","Prophets of Order"
"Yet the machines we encounter remain symbols of a vast human confusion and uneasiness that often skulks through the dim corridors of our thoughts about our life conditions. We know very well how to operate the machines on which our futures depend yet we rarely know how they operate—our knowledge of the internal workings of the machines is almost mystical.","Donald stabile","socialism,technocracy,technology","Prophets of Order"
"Our ‘learned instinct’ is also called ‘consciousness’, ‘voice of conscience’, ‘inner voice’ or the ‘voice of the soul’ or simply ‘common sense’. Our conscience is thus not a mystical entity, but something which is developed due to the environment of our upbringing.","Awdhesh Singh","consciousness,environment,instinct,sense","Myths are Real, Reality is a Myth"
"The plain vanilla reality is all too boring for us, and we invent the mystical to entertain us.","Rajesh`","mind","Random Cosmos"
"Jack's voice was heavy with the tingling awe he sometimes felt when a part of a story he’d thrown in on a whim later proved important in an unexpected way. At times like those he honestly wondered if the thing he called inspiration wasn’t something else, something alive, speaking through his pen.","Vincent H. O'Neil","coincidence,connection,inspiration,inspirational,inspirational-quotations,mystical-experience","Death Troupe"
"The gravitational pull of the mystical is stronger than that of gravity.","Rajesh`","gravity",""
"There are, indeed, things that cannot be put into words. They make themselves manifest. They are what is mystical.","Ludwig Wittgenstein","language,representation","Tractatus Logico-Philosophicus"
"6.4321 The facts all contribute only to setting the problem, not to its solution. 6.44 It is not how things are in the world that is mystical, but that it exists. 6.45 To view the world sub specie aeterni is to view it as a whole - a limited whole. Feeling the world as a limited whole - it is this that is mystical.","Ludwig Wittgenstein","language,limit,reality,world","Tractatus Logico-Philosophicus"
"It is now how things are in the world that is mystical, but that it (the world) exists at all.....","Ludwig Wittgenstein","existence,the-world",""
"Keep in mind my friend, if an answer is not rational, then it is not an answer, but a delusion.","Abhijit Naskar","brainy-quotes,delusions,education,knowledge,mysticism,rational-thinking","Human Making is Our Mission: A Treatise on Parenting"
"Psychics, astrology, tarot cards - all these mystical non-sense are signs of a weak mind. Whenever such garbage starts grabbing hold of you, seek the help of a physician or therapist.","Abhijit Naskar","free-thinker,free-thinking,free-thinking-quotes,inspirational,inspirational-quotes,medicine",""
"","Erwin Schrödinger","enlightenment,koan,mystical-experience,mysticism,philosophy-of-mind","My View of the World"
"Leave some mystery to the world and they will remember you forever.","Amit Kalantri","amit-kalantri,amit-kalantri-quotes,amit-kalantri-writer,brainteaser,eternal,forever",""
"Water runs if you try to grasp it, but pours onto an open hand.","The Silver Elves","elves,philosophy,quotes-of-the-day,quotes-on-life,quotes-to-live-by,sacred-teachings","The Elven Way: The Magical Path of the Shining Ones"
"Some people don't want to take time to differentiate between what is mystical and the truth; and what is cultural and biblical. Don't be lazy!","Assegid Habtewold","biblical,cultural,truth",""
"This is no ordinary gallery; a stellar infinity impeccably well-organized to harbor spontaneity.","Laurie Perez","cosmos,discovery,mystic","The Look of Amie Martine"
"","Harry Kroto","acceptance,amnesty-international,ancient-dogma,atheism,atheist,autobiography",""
"I am the witch of my mystical world.","Usha Cosmico","energy,mystic,mysticism,power,witches",""
"Darkness can inspire light, and light can inspire darkness, its just a difference of distant of these two contrasting forces.","Michael Bassey Johnson","abnormal,alien,ascetic,atheism,darkness,demon",""
"","Anthon St. Maarten","abundance-creation,advice,advise,advise-yourself,bad-luck,cynics",""
"It wasn't exactly love at first sight, but it was deeper than that. A sense of belonging to a place I never knew I wanted but somehow always needed. It was a home that carried a heartbeat.","Nikki Rowe","deep,feeling-of-home,home,knowing,life,love-quotes",""
"Like the moon shining bright Up high with all its grace, I can only show you at night And hide half of my face.","Ana Claudia Antunes","ambiguities,ambiguous-ending,amorous,betrayal,cheating-in-relationships,dark","Pierrot & Columbine"
"As in most fairy tales, there's a prince and a princess, dragons and some magic, and the feeling it gives you that anything is possible if we could stay this way forever.","Crystal Woods","dragons,fairy-tale,forever,love-story,magic,price","Write like no one is reading"
"I now wear the memory of nothingness a piece of white sail wrapped like second skin.","Helene Cardona","hymn-to-goodness-and-beauty,inspirational,liminal,love-song,luminous,visionary","Life in Suspension: La Vie Suspendue"
"Doost"", Ahmed voiced. ""Doost"",he repeated softly,shutting his eyes. The word felt like a caress. ""what does it mean?"" 'It means ""The Friend"",""The One I Love"",""the One I Long For"".","Muriel Maufroy","beautiful,book,dost,inspirational,life,love","Rumi's Daughter"
"I become ocean, mercury, silver shimmers, fairy tales, fascinated.","Helene Cardona","hymn-to-goodness-and-beauty,inspirational,liminal,love-song,luminous,visionary","Life in Suspension: La Vie Suspendue"
"Galaxies swirl within your eyes, And I, I find myself mesmerized, By the stardust clinging to your lips, And the mystical thrill of your fingertips.","Frances Woodard","galaxies,love,soulmates,stardust,strings-of-fate,thriller","Strings of Fate"
"Love is the quiet place where the soul finally stops searching… because it knows it has arrived."" — Deo Volente","DEO VOLENTE","devotional-poetry,eternal-love,inner-journey,inspirational-poetry,lyrical,mystical-union","THE PULSE OF THE UNISOUL VOLUME-I"
"When your light touches my shadow, my silence begins to bloom.","DEO VOLENTE","light-and-shadow,poetic-lines,sacred-love,spiritual-poetry","THE PULSE OF THE UNISOUL VOLUME-I"
"Sometimes she thought Murphy’s Law applied to her and her alone.","Diane L. Kowalyshyn","danger,enchantment,fiction,literary-fiction,love,magical","Stage Fright"
"What can I get you? A glass of water? A gun to shoot me with?","Diane L. Kowalyshyn","danger,drama,enchantment,fiction,literary-fiction,love","Stage Fright"
"The road to recovery had been riddled with potholes.","Diane L. Kowalyshyn","adventure,danger,enchantment,exciting,love,magical","Stage Fright"
"When her bottom lip quivered, the ice around his heart instantly melted.","Diane L. Kowalyshyn","ction,danger,drama,enchantment,fiction,literary-fiction","Stage Fright"
"She had this spark in her chocolate eyes as she spoke about it. She had something mystical about her voice perhaps, or maybe the way she spoke.","Ipsita Upasana","chocolate,eyes,love,mystery,romance","Inexplicable Distances"
"In darkness, love can sleep too deep, but it can never die In light, love can blind its sight, but it can never lie","Tavisha Sh","love,poetry,quotes-to-live-by,soulmate,twin-flame","What line?"
"We lived a moment without wishes.","Pratik Mishra","love,magic,passion,poetry,relationships,romance","A Thousand Places"
"We think we meet someone with our eyes When we actually meet them with our soul","Mimi Novic","falling-in-love,hope,love,soul-quotes,soulmates,wisdom-quotes","Your Light Is The Key"
"But I’d never be one to blame the sun for setting me on fire if I was the one insistent on moving too close And I’d be a fool just like you if I thought it could dim itself to match the lust you maimed right into love","Tavisha Sh","love,lust,poetry-quotes,soul","I tell myself, it's the enticing lull of the moon and her shadow"
"Love is a Person Who wants to be known.","Catherine Toon","god-is-love,intimacy-with-god,knowing-god,love-story,prophetic","Marked by Love: Unveiling the Substance of Your True Identity"
"Love is naked and unashamed and infinitely assessable to the world He gave Himself up for.","Catherine Toon","god,god-is-love,intimacy-with-god,love-story,naked-and-unashamed,prophetic","Marked by Love: Unveiling the Substance of Your True Identity"
"God doesn't start out tasting like tutti-frutti and end up tasting like stinky socks...Love is good and love tastes like good.","Catherine Toon","goodness-of-god,identity,love,love-story,prophetic","Marked by Love: Unveiling the Substance of Your True Identity"
"You listen to the silence drawn on the ashes of ancient sacrifices.","Helene Cardona","hymn-to-goodness-and-beauty,inspirational,liminal,love-song,luminous,visionary","Life in Suspension: La Vie Suspendue"
"We packed whole lives into bundles in search of what chooses us, what wants to come back to the surface, what needs to be said. We had so many dreams we didn’t know what to make of them.","Helene Cardona","hymn-to-goodness-and-beauty,inspirational,liminal,love-song,luminous,visionary","Life in Suspension: La Vie Suspendue"
"On the wall of time to come a window appears. I open it, let angels in.","Helene Cardona","hymn-to-goodness-and-beauty,inspirational,liminal,love-song,luminous,visionary","Life in Suspension: La Vie Suspendue"
"I hear my mother’s voice echo you’re all the sunlight that’s ever been in my life.","Helene Cardona","hymn-to-goodness-and-beauty,inspirational,liminal,love-song,luminous,visionary","Life in Suspension: La Vie Suspendue"
"you are here. the moontides are here. and that’s all that matters.","Sanober Khan","complete,deep-love,deep-thoughts,depth,feelings,feelings-of-love",""
"We must avoid possession,"" he said. ""But, oh, let me kiss you.","Anaïs Nin","daughter,daughters,desire,father,fatherhood,fathers",""
"Sometimes, we expect life to work a certain way and when it doesn’t we blame others or see it as a sign, rather than face the pain of the choices we should or shouldn’t have made. Real healing won’t begin until we stop saying, “God prevented this or that.","Shannon L. Alder","acceptance,accountability,action,blaming,break-throughs,career",""
"Twin flame love is raw, real and rare ~ it comes when we least expect, can't understand nor have the patience to accept it, than its gone & the true test of fate starts to play. A bond built amongst the stars can't be tampered by an earthly experience, trust the distance, twin flames always meet again.","Nikki Rowe","destiny,destiny-quotes,divine-timing,euphoric,fate,fate-quote",""
"A mystical symphony permeates my senses and a holy lullaby embraces me.","Earthschool Harmony","awaken,back-to-grace,consciousness,earthschool-harmony,embrace,healing","Back To Grace: Spiritual Poetry & Reflections"
"This continuos loop of Love Divine, like an Angel, sublime yet blind.","Ansul Noor","divine-love,eternal-life,sublime-love,sufi,supreme-love",""
"Love is the substance with which God created the omniverse.","Stefan Emunds","god,inspirational,love,metaphysical,religion,spiritual",""
"I will not just love you till death.I will love you for eternity,this life and the next.","Duha Zanjabil","apart,couple,death,deep-thoughts,divided,eternity",""
"Here, Earth-born, over the lilt of the water, Lisping its music and bearing a burden of light, Bosoming day as a laughing and radiant daughter… Here we may whisper unheard, unafraid of the night. Walking alone…was it splendor, or what, we were bound with? Deep in the time when summer lets down her hair? Shadows we loved and the patterns they covered the ground with Tapestries, mystical, faint in the breathless air.","F. Scott Fitzgerald","love,magical,patterns,poetry,shadows,summer","This Side of Paradise"
"The fantasized kiss was stolen time from the dreams…","Shannon A. Thompson","dreams,fantasies,kiss,kissing,love,romance","Seconds Before Sunrise"
"Life is so outrageous I could not have imagined it, made all the sweeter because it cannot last. It is all about today. Today is the best day ever because tomorrow might not happen.","Hendri Coetzee","compassion,desert,encourageing,fearless,inspirational,nature","Living the Best Day Ever"
"Love, be mystical as the flickering blue flame of night as the fully-awoken moon beneath cobwebs of passing clouds amidst chanting high-tides fuzzy, as my blanket big enough to illuminate a hundred thousand billion galaxies and just small enough to fit into my embrace.","Sanober Khan","chanting,clouds,embrace,flame,galaxies,high-tide","Turquoise Silence"
"WINTER'S GHOST: Autumn moon incautious in the dark river Winter’s ghost walks with a covered face and silver bones wait in all animals to be bone cloth upon her shoulder wait for her happiness in that they are silver","Tamara Rendell","autumn,bone,earth,forest,ghosts,goddess","Mystical Tides"
"Dreams are like the old stories where wolves are seekers always running, and women carry fire in their bare hands and light the dark paths before them. Old stories hold that the birds will fly all the miles of the world to tell your secrets to the rising moon, and men will walk over oceans of ice to find one truth.","Tamara Rendell","cosmic,dreams,fire,life,light-and-darkness,moon","Mystical Tides"
"Marco could not have known about the mystical effect of a full moon on cats and books left on their own in the library. Not until he saw the lines breathe, the words unveiled.","Rahma Krambo","book-lovers,cats,moon,moonlight,mystical-encounter","Guardian Cats and the Lost Books of Alexandria"
"In the silence between worlds, echoes the power of the Universe, where destiny whispers and paths converge","Hellevi E. Woodman","journeys,nature","Voice of The Portals I: The First Gateway"
"In the wisdom of Celtic shamans, a profound truth resonates; nothing is ever truly lost but transforms, perpetuating the eternal circle of life. As water rises as vapor, it falls as rain. From flames of destruction, new growth emerges. Each essence intricately woven in an endless dance of reincarnation, where shape-shifting and transmutation are natural states of existence.","R.M. Alwyn","mother-earth,nature","Raindrops of the Gods"
"There is electric light in the water, There is a scorching fire in stones Nature is such a mystic, That water can burn and stone can jewel your bones","Ritu Negi","mysticism,nature,nature-quotes,natures-beauty,poems,poetry","Ethereal"
"","Alison Espach","eternity,ocean,sea,vastness","The Wedding People"
"Body of Earth, body of woman call unto the stars Carry – as the river which carries the touch of the forest – carry Earth unto sky Enliven within my body of woman union with Earth, union with sky I am daughter of stars a clear river of light My soul, it is flowing unto body of woman, body of Earth woven with light","Tamara Rendell","cosmic,divine-feminine,earth-and-sky,earth-mother,forest,goddess","Lahana: A Saga of the Savage Innocence and Power of Ancient Druidism"
"I have grown tired of the articulate utterances of men and things. The mystical in art, the mystical in life, the mystical in nature, this is what I am looking for. It is absolutely necessary for me to find it somewhere.","Oscar Wilde","art,nature,purpose-of-life,purpose-of-living","De Profundis"
"","Rasal","literary,metaphor,ocean,poetry","I Killed the Golden Goose : A COLLECTION OF THOUGHTS, THOUGHTLESSNESS, SILENCES, POEMS & SOME ‘SHOT’ STORIES"
"The breath of our soul dancing into the dust of the Earth and shaping it with our soul’s artistry We are moving poetry","Tamara Rendell","artistry,breath,dancing,earth,incarnation,life-quotes","Mystical Tides"
"To most people down there, they seem like everything. Clouds. They seem mystical and very important. As if they carry out God’s will.","A.D. Aliwat","clouds,god-s-will,nature","In Limbo"
"As on many mornings in Marin, there is this sly strip of fog - water in it's most mystical incarnation - slithering over, around, and through the hills, making everything look ancient and unsolved.","Jaimal Yogis","ancient,fog,incarnation,unsolved","Saltwater Buddha: A Surfer's Quest to Find Zen on the Sea"
"There's something mystical in the air and in my heart. The weather is showing my emotions.","Shabnam Sinha","air,emotions,weather",""
"Think, think … fog and storm … transported into a mystical land …” “I doubt that,","Ness Kingsley","humour,shipwreck","Our Accidental Adventure"
"","Tamara Rendell","autumn-quotes,death-poems,earth-poems,immortality,life-quotes,nature-poems","Mystical Tides"
"Remember the sky ablaze at its farewell. Remember that even the falling sun is still a star. For sometimes the most mystical beauty is not found in what remains, but in what is brave enough to disappear.","Dark Night Beacon","bravery,endings,farewells,goodbye","Beacon of the Dark Night: Shining Hope Through the Shadows"
"He stumbled uncertainly after her. The encircling torch beams were drooping now slightly as if they were abdicating to this strange, quiet girl who alone in this Universe of dark confusion seemed to know what she was doing.","Douglas Adams","artistic,inspirational",""
"Each night, your dreams come to inspire you to bring out the magic in your mind.","Michael Bassey Johnson","achieve-your-dreams,bedtime,dreams-inspirational,live-your-dreams,lucid-dreaming,lucid-dreams","The Oneironaut’s Diary"
"lose ego, ride Light","Sean Coons","inspirational,inspirational-fiction,inspirational-quotes,metaphysical-quotes","Body: or, How Hope Confronts Her Shadow and Calls the Flutter Girl to Flight"
"My looking ripens things and they come towards me, to meet and be met.","Rilke","inspirational",""
"Life is a mystical and tragic thing. It is a journey often full of fear, when it ought to be full of hope. It's fascinating to look back on your life and feel as though most of it was a precursor to the rest of it; to what was always supposed to be.","L.K. Hill","fear,hope,life,tragedy,tragedy-of-life","Citadels of Fire"
"Look for her not in the valleys below, nor in the temple rooms. For she has gone, gone into the high passes, far beyond this dying moon.","Rebecca Carson","inspirational,romantic","Mysterious Vortex"
"Go deeper after your feelings created by your awareness and go into your heart beyond this simple word.","Raz Mihal","dream,goddess,heart,intuition,longing,pain","Just Love Her"
"Eternals I hear your call gladly, Dictate swift winged words, & fear not To unfold your dark visions of torment.","William Blake","dark,eternals,poem","The Book of Urizen"
"My heart is taken by you and these mornings since I am a horse running towards a cracked sky where there are countless dawns breaking simultaneously. There are two moons on the horizon and for you I have broken loose.","Joy Harjo","description,horse,imagery,joy-harjo,majestic,poetry","She Had Some Horses"
"I carry on in this island whipped by typhoons Chained to the sea as the waves Crash against the dam, and I proclaim you. I scream, until hoarse, your beloved name. —José Manuel Cardona, from Birnam Wood (Salmon Poetry, 2018), translated by Hélène Cardona","Unknown","classical-mythology,ibiza,lush,masterful,metaphysical,spanish-poetry",""
"There is something mystically sad and beautiful about how i will never see you again but meet you again and again in poetry.","Sanober Khan","beautiful,beauty,deep-thoughts,heartbreak,heartbroken,indian-authors","A Thousand Flamingos"
"poetry. i am not writing it. (make way for me please) it is my skin. dripping with light.","Sanober Khan","creative-process,creativity,expression,light,poetry,poetry-quotes",""
"Fear has always been a very important whistleblower. Our emotion and our history can provoke fear that may arrest us at any time or at any place. Above and beyond, fear might be contagious and its scent, sometimes sensual, sometimes mystical or animal, can exude the musty and arcane smell of destiny. (""One could still feel the smell of fear"" )","Erik Pevernagie","animal,arcane,arrest,contagious,emotion,exude",""
"I am that is, my sword shall wield for me.","Brian Jacques","","Redwall"
"The mystical is not how the world is, but that it is.","Ludwig Wittgenstein","world",""
"Duende I can't remember her name. It's not as though I've been in bed with that many women. The truth is I can't even remember her face. I kind of know how strong her thighs were, and her beauty. But what I won't forget is the way she tore open the barbecued chicken with her hands, and wiped the grease on her breasts.","Jack Gilbert","divine-humor,sex",""
"","John Cowper Powys","ecstatic,pretentious","A Glastonbury Romance"
"Your mind is going in every direction when you answer a question. It returns to you with an answer after you send it off to search the archives of your mind","Gwenevere Rivest","darkness",""
"While mystical channeling might feel transcendent, Reich saw it as bypassing the body's real needs. This leaves energy pent-up and leading to chronic anxiety or dissociation.","Laurence Galian","bypassing,channeling,chronic-anxiety,needs,pent-up-energy,transcendent","Crossing the Forbidden Highway: The Untold Story of Orgone, Body Therapy, and Suppressed Emotion"
"We keep things to ourselves. The most profound things we keep the most to ourselves. We nurse jolts. Saying nothing. For loners, discussing the mystical deflates it like air escaping a balloon.","Anneli Rufus","loner,loners","Party of One: The Loner's Manifesto"
"We write about what we know, what we love, and we then build a dream scenario about those facts. When I lived in northern Arizona I was living a dream existence, except it wasn't perfect. So I retold the story, but made it more exciting, and much closer to perfect.","D.L. Blanchard","amateur-sleuth,arizona,artist,hopi,illustrator,murder-mystery","Blue Moon Bench"
"","Fleur Jaeggy","isolation,metaphorical,separation,thinking,time","The Water Statues"
"Hard roads and wide will run through Raintree County. You will hunt it on the map, and it won't be there.","Ross Lockridge Jr.","","Raintree County"
"","Roselle Lim","courtyard,feng-shui,flowers,secret-garden,toads","Natalie Tan's Book of Luck & Fortune"
"For Raintree County is not the country of the perishable fact. It is the country of the enduring fiction. The clock in the Court House Tower on page five of the ""Raintree County Atlas"" is always fixed at nine o'clock, and it is summer and the days are long.","Ross Lockridge Jr.","","Raintree County"
"The mystical experience is doubly valuable; it is valuable because it gives the experiencer a better understanding of himself and the world and because it may help him to lead a less self-centered and more creative life.","Aldous Huxley","",""
"As he spoke these words, a giant wave, just like the one in Katsushika Hokusai’s, “The Great Wave off Kanagawa,” rippled in below the lofty ledge. Chaiya saw a thousand images in a second. “Brothers!” he shouted. “Brothers! Brothers! Brothers!…” His voice echoed and vibrated through their hearts. They were all wide awake. “The presence in the cave will swallow us up,","Suzy Davies","adultfiction,adventure-fiction,adventure-travel,authors,cover-design-sheila-graber,new-release","The Cave"
"What is it when your former life becomes your dreams? The things you took for granted are now in that mystical realm where you can only see them with your eyes closed, ephemeral and distant.","Nicole Adelle Flamer","dreams,ephemeral,life-lessons,memories","The Moor's Golden Helmet"
"The only way to do great work is to love what you do.","Steve Jobs","work,inspiration,career","Stanford commencement speech, 2005"
"In the middle of difficulty lies opportunity.","Albert Einstein","adversity,opportunity,wisdom",""
"It is our choices that show what we truly are, far more than our abilities.","J.K. Rowling","choices,identity,character","Harry Potter and the Chamber of Secrets"
"The unexamined life is not worth living.","Socrates","philosophy,life,wisdom","Plato's Apology"
"Simplicity is the ultimate sophistication.","Leonardo da Vinci","simplicity,design,wisdom",""
"You must be the change you wish to see in the world.","Mahatma Gandhi","change,activism,inspiration",""
"I think, therefore I am.","René Descartes","philosophy,existence,identity","Discourse on the Method"
"Not all those who wander are lost.","J.R.R. Tolkien","wandering,life,adventure","The Fellowship of the Ring"
"The only impossible journey is the one you never begin.","Tony Robbins","motivation,journey,beginnings",""
"Whatever you are, be a good one.","Abraham Lincoln","character,excellence,integrity",""
"The future belongs to those who believe in the beauty of their dreams.","Eleanor Roosevelt","dreams,future,belief",""
"Do not go where the path may lead, go instead where there is no path and leave a trail.","Ralph Waldo Emerson","individuality,courage,legacy",""
"It always seems impossible until it's done.","Nelson Mandela","perseverance,achievement,motivation",""
"Life is what happens when you're busy making other plans.","John Lennon","life,plans,presence","Beautiful Boy (Darling Boy)"
"The purpose of our lives is to be happy.","Dalai Lama","happiness,purpose,life",""
"Get busy living or get busy dying.","Stephen King","life,death,motivation","The Shawshank Redemption"
"You only live once, but if you do it right, once is enough.","Mae West","life,living,wisdom",""
"Many of life's failures are people who did not realize how close they were to success when they gave up.","Thomas A. Edison","perseverance,failure,success",""
"If you want to live a happy life, tie it to a goal, not to people or things.","Albert Einstein","happiness,goals,life",""
"Never let the fear of striking out keep you from playing the game.","Babe Ruth","fear,courage,risk",""
"Money and success don't change people; they merely amplify what is already there.","Will Smith","success,money,character",""
"Your time is limited, so don't waste it living someone else's life.","Steve Jobs","time,authenticity,life","Stanford commencement speech, 2005"
"Not how long, but how well you have lived is the main thing.","Seneca","life,wisdom,death","Letters from a Stoic"
"If life were predictable it would cease to be life, and be without flavor.","Eleanor Roosevelt","life,unpredictability,wisdom",""
"The whole secret of a successful life is to find out what is one's destiny to do, and then do it.","Henry Ford","destiny,purpose,work",""
"In order to write about life first you must live it.","Ernest Hemingway","writing,life,experience",""
"The big lesson in life, baby, is never be scared of anyone or anything.","Frank Sinatra","fear,courage,life",""
"Life is what we make it, always has been, always will be.","Grandma Moses","life,agency,choice",""
"The unreal is more powerful than the real, because nothing is as perfect as you can imagine it.","Chuck Palahniuk","imagination,reality,fiction","Diary"
"Life is either a daring adventure or nothing at all.","Helen Keller","adventure,courage,life",""
